;ID;Latitude;Longitude;Area_Sum;Depth_Mean;Depth_Median;Depth_Max;Chl_Mean;Chl_Median;Margin_Sum;Margin_Mean;Margin_Median;Shelf_Sum;Shelf_Mean;Shelf_Median;CurVel_Mean;CurVel_Median;CurVel_Bot_Mean;CurVel_Bot_Median;Diff_Atte_Mean;Diff_Atte_Median;HumImp_Sum;HumImp_Mean;HumImp_Median;Ice_Cover_Sum;IceCov_Mean;Ice_Cover_Median;Ice_Tick_Mean;Ice_Tick_Median;MixLay_Mean;MixLay_Median;Nitrate_Mean;Nitrate_Median;Nitrate_Bot_Mean;Nitrate_Bot_Median;O2_Mean;O2_Median;O2_Bot_Mean;O2_Bot_Median;PhotoActi_Mean;PhotoActi_Median;PrimProd_Bot_Mean;PrimProd_Bot_Median;PrimProd_Mean;PrimProd_median;Salinity_Bot_mean;Salinity_Bot_median;Salinity_mean;Salinity_median;Silicate_mean;Silicate_median;ThemM_mean;ThemM_median;ThemM_Bot_mean;ThemM_Bot_median;Them_Max_mean;Them_Max_median;Them_Max_max;Them_Min_mean;Them_Min_median;Them_Min_min;ThemR_mean;ThemR_median;ThemR_range;ThemR_Bot_mean;ThemR_Bot_median;ThemR_Bot_range;NumRec_sha;NumSpe_sha;ES50_sha;Chao1_sha;ACE_sha;Weighted_sha;NumRec_mes;NumSpe_mes;ES50_mes;Chao1_mes;ACE_mes;Weighted_mes;NumRec_dee;NumSpe_dee;ES50_dee;Chao1_dee;ACE_dee;Weighted_dee
323;322;-12.05082933;-172.4255452;661589.398;-4182.987709;-4450.5;286;0.074748683;0.069458378;-3251737;-412.0295236;0;-5047;-0.23007841;0;0.061463899;0.055673525;0.025442708;0.015882509;0.046382124;0.045621086;420;6.086956522;10;0;0;0;0;0;29.62724694;29.50789597;0.04202349;0.001017973;33.69441879;33.07839075;198.0523208;197.7626142;196.4484772;207.3546225;44.67643533;44.65447031;0.014480771;0.013548175;1.048523019;1.02138594;34.69963318;34.71012497;35.06006006;35.07247764;1.411514467;1.405566054;29.09932253;29.18908629;1.018692328;0.764130258;30.28777529;30.32202074;30.63323538;27.69046894;27.77271688;26.09131731;2.597306348;2.605635505;2.037107057;0.145078967;0.122463945;4.528955106;264798;1844;44.63809987;2296.492537;2302.993311;101.0087131;1550;169;32.3554474;226.4166667;218.9443349;38.68386307;3715;258;27.0366759;361.0188679;407.1549582;23.75781744
66;194;12.05082933;7.574454825;661590.7961;NA;NA;NA;NA;NA;0;NA;NA;0;NA;NA;NA;NA;NA;NA;NA;NA;14220019;17.96602505;18;0;NA;NA;NA;NA;NA;NA;NA;NA;NA;NA;;;NA;NA;NA;NA;NA;NA;NA;NA;NA;NA;NA;NA;NA;NA;NA;NA;NA;NA;NA;NA;NA;NA;NA;NA;NA;NA;NA;NA;NA;NA;NA;NA;NA;NA;NA;NA;NA;NA;NA;NA;NA;NA;NA;NA;NA;NA;NA;NA
132;130;13.73186315;72.82705467;661701.7244;-2079.551466;-2010.5;95;0.149074106;0.11217846;-7036390;-1199.112134;-1426;-159443;-9.790187891;0;0.044330797;0.037409946;0.014726661;0.009218121;0.084587311;0.077754979;4715058;22.12395833;22;0;0;0;0;0;19.68313719;19.95629214;0.102211038;0.090156537;32.02875734;37.53042756;200.3718385;200.1519153;106.6527949;115.5327229;46.07484898;46.03475485;0.229624752;0.013548172;1.540015099;1.396749104;34.96972574;34.83786403;35.53433566;35.59646074;1.62396364;1.593094081;28.71186467;28.74422242;6.857054486;3.107767941;30.62835479;30.5931893;32.18005473;27.0902212;27.16934868;23.83250923;3.538133591;3.418843695;4.369058832;2.439478451;1.248619106;13.57965476;22293;1249;37.8141547;2055.679612;2169.859194;48.69981371;2273;419;37.90660686;543.6391753;567.7180018;61.39009494;1461;510;44.32365116;977.5955056;1073.957975;162.9778575
371;578;-13.73186315;-107.1729453;661703.4306;-3663.485883;-3653;-858;0.137336696;0.139943033;-7903031;-991.721797;0;0;0;0;0.115864603;0.118464944;0.008856556;0.00776286;0.059337492;0.060117447;0;NA;NA;0;0;0;0;0;38.29920023;37.23187052;1.275729254;1.175042385;37.49638357;37.50486995;214.8335883;214.6548592;147.9856423;149.6359267;48.46557286;48.39064748;0.013548172;0.013548172;1.405742741;1.450754432;34.67849501;34.67833285;35.82847409;35.83439859;0.974882867;0.925850077;24.40853141;24.41813446;1.468442258;1.467518446;26.23309689;26.15661182;27.34929598;22.58497676;22.63684638;21.43134712;3.64812013;3.657593476;2.131804242;0.078179611;0.077112129;0.895321617;213;25;11.60256835;25.58823529;27.60869565;1.719890822;5;4;NA;NA;NA;NA;32;25;NA;NA;NA;NA
19;66;-28.97011135;121.4383909;663281.1219;NA;NA;NA;NA;NA;0;NA;NA;0;NA;NA;NA;NA;NA;NA;NA;NA;3448817;3.898131194;4;0;NA;NA;NA;NA;NA;NA;NA;NA;NA;NA;;;NA;NA;NA;NA;NA;NA;NA;NA;NA;NA;NA;NA;NA;NA;NA;NA;NA;NA;NA;NA;NA;NA;NA;NA;NA;NA;NA;NA;NA;NA;NA;NA;NA;NA;NA;NA;NA;NA;NA;NA;NA;NA;NA;NA;NA;NA;NA;NA
514;514;28.97011134;-58.56160914;663281.7725;-5584.255088;-5598;-2672;0.118997814;0.089886375;-15137;-1.711555857;0;0;0;0;0.01770682;0.017863473;0.013776171;0.010813779;0.047985119;0.046852473;0;NA;NA;0;0;0;0;0;36.6718675;35.46895408;0.057269626;0.010079014;22.07551656;22.5931443;213.513439;213.5889696;259.7798297;257.910801;41.33000552;41.35130391;0.013548172;0.013548172;1.224494186;1.152873463;34.87953197;34.87826829;36.78700798;36.78779491;1.396493634;1.374568645;24.64385362;24.69802219;1.651213128;1.637094893;28.78008734;28.7460822;29.26936202;20.45646441;20.43166676;18.15179446;8.323622926;8.316688477;4.88453902;0.112732733;0.105130346;0.440244412;2060;205;35.55969537;258.2;256.2820487;31.57299525;1326;388;44.61891423;453.024;516.8659641;172.6847378;1175;352;41.69403157;653.8421053;688.2357454;98.63720797
388;386;32.04786695;139.8568984;663695.0962;-3731.141201;-3941;641;0.368146997;0.326838658;-6864059;-803.6598759;0;-33907;-1.427603048;0;0.209466011;0.10498861;0.034439542;0.020220659;0.071721426;0.066083154;2302991;34.37864426;32;0;0;0;0;0;52.2136543;55.22830495;0.546250098;0.500112285;36.54943161;37.28749852;218.5851574;218.4172206;141.3543232;153.2023431;34.60996062;34.30671271;0.06229395;0.013548172;1.816410203;1.650074587;34.62103912;34.67657013;34.51118057;34.57850266;1.96436661;1.872588872;23.01927904;23.29514887;1.967654334;1.172936887;29.13210708;29.27743851;30.49585138;17.18759748;17.51468458;6.851914923;11.9445096;11.78246343;10.77385147;0.681197363;0.095282125;20.10881719;268077;2850;23.79057968;4269.5054;4407.69719;6.22569626;3143;877;44.42178989;1500.218182;1646.302759;139.9868069;12039;1307;37.3690923;2155.150685;2208.60773;59.78133738
259;258;-32.04786693;-40.14310161;663698.0395;-4060.31313;-4218;-552;0.170189025;0.153909257;-3426956;-375.5979833;0;0;0;0;0.028709932;0.027229736;0.022096582;0.018568274;0.062916105;0.06213899;0;NA;NA;0;0;0;0;0;43.82101456;42.05618211;0.526403917;0.339139781;30.58844918;32.10575691;229.0695813;229.3797726;225.7814895;219.3293456;36.36928817;36.35645835;0.013549452;0.013548355;1.244312541;1.203107047;34.749459;34.74118441;35.96871018;35.94406831;1.327410228;1.285364774;20.47421197;20.39323783;0.857441464;0.768781967;24.54715688;24.52285125;27.274013;16.92305407;16.84271576;13.31521377;7.624102806;7.594437689;3.000890049;0.888770068;0.939004484;4.000579091;317;133;43.05972094;186.2;176.7648316;66.06771861;391;122;37.6721262;203.0588235;182.4370716;61.9704094;115;94;45.75302242;272.125;280.5062459;81.13496933
1;1;-43.09944153;41.95707537;665320.9491;-2756.523688;-2748;233;0.314123444;0.309180047;-21759434;-2053.551718;-2380;-2554;-0.086717371;0;0.165086416;0.153943575;0.019383305;0.01414816;0.07669273;0.076031102;0;NA;NA;0;0;0;0;0;48.30482025;48.99151299;13.5712141;15.76111613;30.16819384;30.06054007;284.9898056;293.4171533;207.252933;206.5446724;28.15905358;28.70924837;0.015240666;0.013563303;1.609198201;1.622300868;34.74851785;34.75777067;34.27082949;33.96467771;11.4108971;12.62839089;10.36041297;9.215499294;1.785798545;1.839119928;14.68066079;14.04864527;22.62948493;6.724565944;5.781216776;3.226173136;7.95609485;7.8065057;9.668530456;0.582274077;0.512915627;7.617789074;2271;231;30.66498721;297.5;302.5329744;24.53575863;237;149;43.61605629;381.8695652;395.1336788;94.40168067;347;189;43.18388081;337.9772727;363.0549587;99.59387924
641;642;43.09944151;-138.0429246;665325.3309;-4245.531616;-4232;-1652;0.228187982;0.220939445;-448835;-42.35890902;0;0;0;0;0.046070283;0.046687138;0.003336693;0.002463386;0.075605386;0.075992263;0;NA;NA;0;0;0;0;0;35.73581526;35.80420629;5.175075262;4.937397629;38.39803326;38.63233158;270.8838465;270.6940451;133.3288283;132.1370392;27.69508886;27.56609689;0.013548172;0.013548172;1.514091126;1.501724307;34.67760956;34.67796462;32.66263222;32.63322594;7.277433934;6.86910805;13.22874138;13.19643925;1.14319544;1.133863323;19.15935841;19.13888233;22.22725242;8.776761933;8.786328769;6.279240484;10.38259647;10.3423069;3.246696553;0.032359945;0.032138235;0.440782839;678;162;36.46251607;210.4871795;226.314545;26.53145562;7;6;NA;NA;NA;NA;150;72;34.38925703;150.8333333;154.6121594;34.09090909
8;450;73.53867989;35.26635515;669381.463;-242.1045502;-247;611;0.442416755;0.44838831;-6318246;-234.4954721;-247;-690366;-9.218892717;0;0.044104474;0.031696323;0.03360541;0.025495276;0.104052921;0.104602605;652552;11.00684816;10;4196.445227;0.056532247;0.011782654;0.074867375;0.021629509;78.74497727;74.69873309;4.807122292;4.815551635;9.309897969;9.698437519;331.4822616;331.9718942;306.4664082;306.9396674;22.83148495;22.78546108;0.216574794;0.197577427;1.962753321;1.970092592;34.93316546;34.96387944;34.69711774;34.77969047;2.900595561;2.903283585;3.456293782;3.451402689;1.900699662;1.702782145;8.461564659;8.420927027;13.73977117;-0.003096684;-1.399898848;-2;8.465143357;8.395243773;9.482975948;2.86871312;2.70913619;13.44717645;63196;1328;28.81469842;1904.785714;1879.998912;17.50249908;172507;2419;44.96011914;3159.156522;3010.698193;212.517084;5547;235;32.94282415;294;297.1693179;40.50930737
2;2;-73.53867991;-144.7336448;669386.405;-3425.335065;-4100;858;0.348970308;0.325876222;-7916578;-351.5198259;0;-135582;-2.166469592;0;0.019894084;0.017068552;0.007273867;0.005910271;0.065469551;0.066123206;NA;NA;NA;49211.90896;0.800440932;0.814953485;0.836418488;0.795065738;47.30797459;48.36401498;30.03532933;30.34668074;32.52522446;32.69812205;315.0265156;310.3409333;258.1263193;258.5365863;19.46590905;17.76681626;0.052536772;0.032684179;1.506814305;1.406886622;34.67578283;34.7005911;33.84088975;33.85167799;82.11621657;84.69788876;-1.718597638;-1.736620928;0.002941682;-0.065513397;-0.515481335;-0.548665969;1.128573213;-1.948332145;-1.945296571;-2;1.434505241;1.392888156;3.01001935;0.230038923;0.077230493;3.360612185;111;19;16.27313012;19.75;20.78225327;12.38291457;23;12;NA;NA;NA;NA;9;3;NA;NA;NA;NA
4;4;-87.63115099;8.953647175;764171.4267;NA;NA;NA;NA;NA;0;NA;NA;0;NA;NA;NA;NA;NA;NA;NA;NA;NA;NA;NA;0;NA;NA;NA;NA;NA;NA;NA;NA;NA;NA;;;NA;NA;NA;NA;NA;NA;NA;NA;NA;NA;NA;NA;NA;NA;NA;NA;NA;NA;NA;NA;NA;NA;NA;NA;NA;NA;NA;NA;NA;NA;NA;NA;NA;NA;NA;NA;NA;NA;NA;NA;NA;NA;NA;NA;NA;NA;NA;NA
642;466;87.63115099;-4.211351461;764171.4267;-3370.202817;-3876;33;0.088112797;0.089797265;-195640765;-873.5132607;0;-120494;-0.193521136;0;0.030121845;0.031120773;0.002792644;0.001555854;0.028386244;0.025862353;151904;3.979774162;4;603553.839;0.968529746;0.968373949;2.503172044;2.451942565;21.11018767;19.7679726;6.504784066;6.477157711;14.84066658;15.05160174;370.7761103;371.8164667;299.0633335;301.3349916;3.864025738;3.989123033;0.013922246;0.013548188;0.34940899;0.352964337;34.92531515;34.93309677;31.85035826;31.73116548;14.51154454;15.5161334;-1.729921349;-1.725599197;-0.583270908;-0.686598446;-1.554996525;-1.566303475;-0.138430921;-1.826406353;-1.817102551;-1.929781247;0.271409827;0.245813836;1.528678716;0.052800033;0.042153444;1.879338093;5984;239;35.84769925;320.8484848;348.0767317;51.00266349;1408;115;28.57704863;138.25;145.7701679;28.5197376;16611;362;27.10422449;508.3863636;519.7003202;20.68325545
110;108;5.587962637;115.2356115;793496.3772;-1060.536342;-952;541;0.129951335;0.099237885;-6379184;-992.8691051;-851;-305284;-17.11904895;0;0.059833328;0.039380666;0.008565919;0.003052485;0.080729117;0.067748465;3158140;10.25213685;8;0;0;0;0;0;16.27336962;17.26439095;0.063784035;0.012298044;24.64057105;34.34242585;201.924405;202.1651632;116.3252907;92.39576753;43.84950964;43.71564216;0.403176361;0.013548172;1.414908021;1.261255078;34.25800863;34.56423292;32.53713645;32.72560207;6.921606965;6.250909277;28.92049463;28.90571103;11.34995323;4.941569955;30.32835385;30.25728274;32.33716648;26.92727661;26.9257536;25.13951859;3.401077234;3.379045213;3.579409645;2.047552595;0.370239463;8.121028444;3973;1783;52.39810704;3160.539683;3542.047268;695.7609644;526;218;42.94003814;304.1147541;348.4373188;112.4699187;803;358;45.58675805;643.5217391;686.3765761;190.7154688
535;535;-5.587962637;-64.76438848;793496.6352;NA;NA;NA;NA;NA;0;NA;NA;0;NA;NA;NA;NA;NA;NA;NA;NA;3563752;3.818589381;4;0;NA;NA;NA;NA;NA;NA;NA;NA;NA;NA;;;NA;NA;NA;NA;NA;NA;NA;NA;NA;NA;NA;NA;NA;NA;NA;NA;NA;NA;NA;NA;NA;NA;NA;NA;NA;NA;NA;NA;NA;NA;NA;NA;NA;NA;NA;NA;NA;NA;NA;NA;NA;NA;NA;NA;NA;NA;NA;NA
222;221;-5.03063245;-8.777524018;793510.8874;-3951.354707;-4006;-1561;0.15679483;0.147873841;-6735916;-722.2727858;0;0;0;0;0.166700656;0.150932092;0.01286495;0.010487137;0.072546781;0.073389015;0;NA;NA;0;0;0;0;0;22.81283115;22.66394823;0.180998643;0.131579332;23.65063858;23.6984938;209.8299916;209.3921215;241.9790561;241.4663175;49.09095615;49.42622117;0.013548172;0.013548172;1.373574706;1.331860973;34.90354811;34.90332692;35.90359668;35.88535372;1.319920587;1.319564133;25.93823051;26.02795305;2.072521862;2.066545365;28.76198368;28.80363533;29.23809566;23.20302576;23.23886132;22.14301472;5.558957925;5.470792858;2.317725152;0.439924023;0.413422381;2.814437624;409;206;42.15932793;492.875;417.0332564;37.08290845;137;80;40.75563039;127.5263158;116.5957447;64.05802048;513;344;47.56344978;912.5849057;842.4478207;247.5719661
350;349;5.03063245;171.222476;793512.778;-4355.444027;-4458;90;0.153786099;0.14379235;-1683728;-180.5412824;0;-5900;-0.227781638;0;0.173557029;0.16405774;0.02372916;0.016257554;0.054809991;0.054228378;3737;12.8419244;14;0;0;0;0;0;26.35527105;26.69409929;0.773413011;0.776168968;35.10719545;35.17037366;200.2177182;200.2075494;176.6298997;178.8788017;44.33323051;43.82163656;0.020140552;0.013548172;1.270118005;1.243522758;34.69136728;34.6940745;34.44724039;34.34121713;1.732506991;1.746791723;29.02332475;29.10188819;1.240525188;0.98647921;30.18249483;30.21431224;30.59667776;27.52493501;27.56560053;26.40453813;2.657559824;2.513570938;2.320585067;0.123919396;0.083387729;9.448753229;1269;314;41.18619029;477.7746479;555.5514339;72.47675413;11;11;NA;NA;NA;NA;77;37;28.42838474;121.3333333;74.36773518;22.7164751
247;246;-5.284308719;-31.80664916;793513.5722;-4455.808501;-4745.5;80;0.08336715;0.079556827;-1676296;-191.5329068;0;-16178;-0.665624357;0;0.232207659;0.223380002;0.032483105;0.019426147;0.057679116;0.05744052;1290958;21.46695046;18;0;0;0;0;0;31.46598307;31.67195519;0.004320893;0.002672887;28.08632783;29.56795993;203.3601512;203.1455157;236.017373;233.7790126;49.65301217;49.69934043;0.040341725;0.013548172;1.098841779;1.079115339;34.82508007;34.76800132;36.12435732;36.06503342;1.327822931;1.311736378;27.50261018;27.51965013;1.576105806;0.770809573;29.10337208;29.10062958;29.80820225;25.92323838;25.93543951;25.22575749;3.180133695;3.189527909;1.616689794;1.020688409;0.940747924;10.44474833;22271;954;28.80827565;1404.561497;1468.92628;25.02476587;110;77;42.11000514;153.5555556;157.8648053;61.11111111;408;214;43.54073868;447.6756757;431.0585631;109.9498018
357;360;5.284308719;148.1933508;793514.1884;-3781.885102;-4160;77;0.088942656;0.08439782;-6031870;-646.5026795;0;-13812;-0.533117184;0;0.148737669;0.140346674;0.012821765;0.007540474;0.051197376;0.050767829;1856;16.28070175;14;0;0;0;0;0;23.29538774;23.97922301;0.012000008;0.00128095;36.83632361;37.22974419;199.20832;199.2043757;150.2887201;153.8459303;43.19316009;43.22856133;0.024786799;0.013548172;1.145399514;1.141176868;34.67303316;34.68602896;34.05242119;34.01213314;1.823431432;1.821978925;29.40338415;29.40127696;1.737234725;1.152715353;30.21783319;30.21932222;30.54282121;28.55246442;28.63167864;27.44011947;1.665368771;1.606701236;1.388713448;0.19453283;0.071158288;12.1056274;670;347;46.54986437;588.1538462;649.8875728;102.8643446;1;1;NA;NA;NA;NA;20;15;NA;NA;NA;NA
331;330;-5.190835878;-168.8625562;793521.9756;-4925.308295;-5184;2;0.152289597;0.153078908;-1485775;-159.4350252;0;-418;-0.016135258;0;0.22017478;0.210383396;0.023881197;0.013589196;0.062958176;0.063958413;0;NA;NA;0;0;0;0;0;32.84013066;33.17875677;2.180206105;2.418000058;34.13398831;33.73435443;201.9393519;202.4057399;195.1985755;200.2445178;49.36464876;49.73414014;0.013592178;0.013548172;1.361631018;1.38364853;34.70268559;34.70672653;35.41415296;35.42655871;1.979293343;2.026581423;28.93350027;28.99482397;0.850971356;0.760536952;30.37136657;30.38644822;30.77053495;27.28292258;27.39640129;25.18143935;3.088443993;3.002770794;3.543184575;0.096422913;0.094583586;3.761836705;409;217;44.45977683;437.7173913;501.7323058;55.96554031;14;5;NA;NA;NA;NA;139;45;29.70740638;65;53.86401297;33.36960276
196;195;5.190835878;11.13744382;793524.23;-1051.500371;-1026;1000;0.206339932;0.112990496;-1402764;-1041.398664;-1026;-45090;-12.01759062;0;0.077607319;0.08368124;0.013793082;0.010298954;0.118291674;0.101160047;12594457;15.65812592;15;0;0;0;0;0;10.70700048;10.64740743;3.665216094;3.359474738;21.417044;23.61519184;209.7862693;209.358207;173.3209273;203.1244948;39.46904301;39.26788212;0.51091611;0.01354819;1.741409102;1.283785468;34.36602263;34.95337658;28.64096908;29.06826904;14.48768459;12.17367955;28.05471789;28.01691342;10.10300025;4.427024796;30.03856688;30.00518158;31.2046086;25.54455621;25.56717838;24.9830739;4.494010668;4.480808748;1.818006203;2.885059021;1.087359765;9.841702693;222;115;43.87924913;172.0967742;190.5209827;74.89969605;45;28;NA;NA;NA;NA;40;38;NA;NA;NA;NA
542;542;5.408681493;-75.73195525;793524.3612;-1979.610346;-2482;276;0.400006802;0.360941636;-3529523;-1472.475177;-1350;-61033;-9.155865587;0;0.127903403;0.126565351;0.015451112;0.007472418;0.103441372;0.091665892;11944354;17.02634272;17;0;0;0;0;0;11.39797084;10.87753681;1.13889427;1.157361554;31.63210964;39.72737667;210.3620417;211.5050273;108.7606452;94.34605124;38.58129907;37.52034915;0.214320616;0.013548172;2.328873059;2.097084258;34.78645384;34.68719327;31.92290037;31.97645662;4.054366266;2.267259512;27.23479159;27.0924347;6.609628382;1.919556172;28.6641777;28.49076754;30.42771471;24.28163265;24.47154326;18.84819993;4.382545046;3.913204882;8.28383483;1.666417139;0.06459991;14.65223078;96414;3289;32.18932851;4624.176471;4755.569145;21.73339946;1286;510;45.4106017;958.65625;1116.620384;196.1798339;2682;758;43.77193878;1199.359477;1297.536308;134.3103294
103;101;-5.408681493;104.2680447;793526.3215;-2611.255731;-2128;756;0.205555824;0.155087884;-3208201;-474.5157521;0;-137413;-7.311146582;0;0.10951015;0.091645818;0.038636061;0.022510996;0.080868145;0.069590253;5002131;18.29507999;18;0;0;0;0;0;19.62425209;20.63987677;0.302567939;0.102735349;23.88145758;33.83206231;202.7835447;202.5306656;172.4979707;195.0207227;44.11471803;43.96063212;0.633354491;0.013548172;1.611669074;1.379096737;34.1044894;34.71565617;33.31575226;33.70979632;6.53199299;2.914550166;28.64124004;28.68809254;10.56855031;2.222071771;30.2250911;30.14671557;32.17422351;26.31281977;25.92850733;22.76190034;3.912271337;4.265595152;5.433875967;1.443394783;0.536933247;14.37745186;4571;966;45.69580169;1868.45098;2043.637846;94.30548798;81;16;12.26624769;28;48.46;6.30259366;70;28;23.52164383;41;44.38405797;17.37588652
567;567;5.520907;-98.70996122;793529.4012;-3382.416435;-3419;-1777;0.209357954;0.207508204;-18970727;-2032.432719;-3064;0;0;0;0.176006099;0.15963936;0.016380813;0.014023825;0.068947935;0.067566145;0;NA;NA;0;0;0;0;0;18.17153357;17.80770181;1.668815258;1.53859623;38.88845044;38.86857116;206.7954574;206.3563857;127.1229673;126.8908746;42.54268923;42.20853114;0.013548172;0.013548172;1.617888404;1.60568699;34.67488686;34.67517226;33.56067707;33.50898392;1.404974446;1.382627582;27.3304708;27.45631292;1.493005898;1.48452657;29.32315223;29.24497807;30.38924536;25.42900933;25.60320182;21.74203098;3.894142901;3.783467602;3.734830342;0.093512466;0.080770789;0.439992864;1551;131;24.69020614;215;180.5125152;5.630389956;283;89;37.1807534;111.2352941;107.542207;60.71948446;18;16;NA;NA;NA;NA
639;640;-5.634663158;-160.0052104;793531.2633;-4915.44978;-5147;3;0.160715069;0.162519461;-1250679;-134.0635652;0;-288;-0.011102116;0;0.211122507;0.215674467;0.012261865;0.009545712;0.064064083;0.065263318;203;2.306818182;0;0;0;0;0;0;34.29839928;34.49217303;2.568437554;2.877861598;33.83090168;33.62232461;203.1382101;203.7362453;198.6143669;201.4956745;50.30014084;50.84510023;0.01355597;0.013548172;1.389471731;1.413832066;34.70233322;34.70513525;35.45736335;35.46165415;2.023714651;2.0785585;28.53248349;28.55621308;0.879209037;0.812420614;29.91888852;29.86576131;30.4734339;26.80431181;26.85288635;24.75409247;3.114576703;2.794886372;2.908899611;0.088278119;0.086993207;4.291764351;823;87;20.34920954;111.4736842;117.8589967;8.673585945;16;13;NA;NA;NA;NA;555;104;22.43972177;256.5;236.0895513;5.13777459
114;112;-5.520907;81.29003878;793532.0766;-4979.193379;-5020;-1911;0.102119643;0.100087711;-265286;-28.4214699;0;0;0;0;0.101882782;0.102060535;0.015299479;0.012688845;0.058682745;0.058619788;0;NA;NA;0;0;0;0;0;20.11779011;19.99468472;0.007526782;0.003850464;34.87457757;34.90285703;201.5103577;201.5074394;178.6970492;178.4638892;44.29485234;44.1925008;0.013548172;0.013548172;1.197790898;1.190358811;34.72702939;34.72637185;34.46882583;34.45099904;1.926273897;1.922366879;28.68486574;28.7094828;0.950864436;0.944518444;30.14280881;30.20959423;30.42116804;27.30636455;27.47092661;25.41073313;2.836444259;2.722422364;2.234132647;0.06346289;0.058500337;0.667152886;1928;69;34.73977037;114;NA;51.64620557;147;13;9.603107784;23;20.70833333;7.12462908;115;89;43.90842048;381;333.611857;68.52331606
187;185;5.634663158;19.99478961;793532.4829;NA;NA;NA;NA;NA;0;NA;NA;0;NA;NA;NA;NA;NA;NA;NA;NA;10303112;11.03730231;12;0;NA;NA;NA;NA;NA;NA;NA;NA;NA;NA;;;NA;NA;NA;NA;NA;NA;NA;NA;NA;NA;NA;NA;NA;NA;NA;NA;NA;NA;NA;NA;NA;NA;NA;NA;NA;NA;NA;NA;NA;NA;NA;NA;NA;NA;NA;NA;NA;NA;NA;NA;NA;NA;NA;NA;NA;NA;NA;NA
560;560;-5.983494756;-87.34366379;793546.9462;-3857.629697;-3992;-1977;0.274435839;0.250249932;-7120919;-762.329408;0;0;0;0;0.126165267;0.114990273;0.010721509;0.009676187;0.07676622;0.075463019;0;NA;NA;0;0;0;0;0;18.50727155;17.90542037;5.444141805;5.34704649;38.01873515;38.01169758;218.8199302;218.6579787;134.1618996;134.545575;45.26890995;45.15363297;0.013548172;0.013548172;1.803018872;1.706774538;34.68520524;34.68593629;35.07475429;35.07032796;1.266354072;1.177017617;23.65225643;23.76988062;1.460545511;1.447512412;27.97364343;28.01174083;28.7241826;19.16540969;19.27337221;17.29310237;8.808233739;8.78498705;2.920115521;0.071534784;0.069480872;0.393554435;1261;149;27.76115422;216.1052632;193.6299785;6.375095719;214;96;40.15340747;114.59375;117.8098686;71.55625;398;228;44.08454206;431.5576923;494.6662479;112.6628734
121;119;5.983494756;92.65633621;793550.3536;-2654.059489;-2837;354;0.096417819;0.0954942;-11678723;-1281.826693;-1140;-24567;-0.970528977;0;0.04766699;0.03926017;0.014098767;0.010558256;0.0689383;0.068916907;362374;13.33875658;14;0;0;0;0;0;19.68456459;20.23015123;0.048999617;0.016853694;35.74303337;36.17266719;201.7235596;201.4593715;129.6357673;147.2797278;43.32013766;43.3676029;0.028917723;0.013548172;1.234244956;1.235369484;34.79561482;34.75127951;33.21376131;33.33964125;4.497771593;4.216803554;28.97316348;28.93128889;3.422072025;1.833601671;30.39287329;30.35721863;31.45184925;28.0217224;28.02066045;27.18363167;2.371150895;2.297856374;1.627250371;0.705381543;0.375198155;10.46519736;10093;861;40.06657634;1577.106667;1717.524441;64.82837404;336;210;45.05653276;464.6341463;554.6983648;130.9698376;551;271;43.19643834;637.3488372;667.6685494;106.489302
229;228;6.280871251;-20.05069788;793552.9711;-4307.584199;-4514;-116;0.091991017;0.086221136;-3329466;-356.4357135;0;-464;-0.017872963;0;0.102765349;0.080628253;0.014747358;0.01151108;0.070857181;0.06909158;0;NA;NA;0;0;0;0;0;16.43782949;16.157307;0.023450482;0.006064786;23.26795151;23.37079299;205.2731914;204.7019852;244.0451772;244.9289498;44.17019917;43.98921047;0.013548172;0.013548172;1.31511691;1.319294694;34.89417295;34.89320881;35.14039497;35.12407106;1.654624364;1.662593056;27.80993477;27.92525355;2.006792064;1.915713785;29.3622999;29.38524853;30.51179441;25.12797986;25.19187941;20.87164068;4.234320033;4.140662631;6.381969141;0.347918092;0.360534177;2.44178312;1847;346;43.20138377;501.2777778;484.5669679;73.34628367;891;254;43.73294672;406;340.323014;145.5327223;2608;459;44.61269592;699.5142857;737.1232672;189.5987066
343;342;-6.280871251;159.9493021;793554.0381;-2299.850997;-2200;989;0.158262987;0.144990508;-16077994;-1751.224703;-1886;-30546;-1.197412779;0;0.126807635;0.092959166;0.016621343;0.010898981;0.058697769;0.056199546;419009;12.93397333;14;0;0;0;0;0;21.23137869;21.3687924;0.295355697;0.158142228;36.63040941;38.00363437;198.9095849;198.7634759;135.9247227;131.0599077;43.21123812;42.98226889;0.029076812;0.013548172;1.331756093;1.332915146;34.65904207;34.65410447;34.61295903;34.61643379;1.541127933;1.480450252;29.56945004;29.64353834;2.816197258;1.897108104;30.71960854;30.70629723;31.29593245;28.38115959;28.53150799;26.74412146;2.338448943;2.212207071;2.318478836;0.527589612;0.340585085;8.095260113;41888;1975;32.479528;3792.401338;3981.305034;24.13810493;4820;1070;42.57400502;1477.190283;1601.824134;99.16510159;6863;906;39.8919928;1247.493671;1271.837248;69.78377606
92;90;-6.302064966;128.3614124;793556.0523;-2482.615229;-2438;1377;0.120435967;0.11351513;-7769519;-875.1429376;-245;-137625;-5.586337068;0;0.099870685;0.07358866;0.007709641;0.004287528;0.075357536;0.073665772;866620;12.77672937;14;0;0;0;0;0;19.88275276;19.18907785;0.004603282;0.002518818;34.63578007;37.68417973;201.3934464;201.4646274;104.1137153;104.8773436;46.83268567;46.823948;0.076030925;0.013548172;1.319538553;1.308375772;34.64149465;34.62290539;34.04196447;34.06578045;3.949932212;4.054964529;28.57650568;28.55208745;5.246982044;2.456949896;30.58286764;30.50720707;31.95714595;25.91293987;25.82907261;24.81363312;4.669927775;4.759279156;4.033932721;0.896976527;0.1349789;11.3658334;7696;2761;50.7037008;4640.916814;4813.257602;286.7148943;7142;1082;45.09871177;1636.561404;1641.993791;209.0104488;1531;493;43.67291085;710.2413793;749.7340088;140.4494577
517;517;6.302064966;-51.63858755;793556.4855;-2611.930306;-3248;43;0.163857412;0.110176219;-3993889;-551.1853436;0;-231177;-11.48192113;0;0.403425368;0.320050101;0.073691141;0.045893311;0.106618325;0.087385242;1253518;5.788664816;4;0;0;0;0;0;18.14782591;20.48954982;0.381646858;0.204886088;17.12944789;20.67922062;204.7529425;203.5196322;238.9117168;259.2540951;46.92287663;46.91782127;0.369957038;0.013548225;1.470533232;1.259619683;34.78262047;34.89155647;32.66508408;34.24839078;8.293758918;5.984946885;27.88320091;27.90212872;7.906573975;2.260942214;29.486969;29.64279861;30.42419715;26.30082116;26.34781875;25.14744562;3.186147835;3.211442802;3.335014362;1.701067855;0.573523096;13.70438696;5583;952;42.27529981;1558.666667;1635.312044;75.75859488;1241;227;28.78710987;353.0222222;376.7449;17.71450097;1364;449;44.50515564;740.2117647;791.6086493;168.0057793
630;631;-6.458030441;-151.9109244;793569.7885;-4916.963648;-4965;-13;0.163523901;0.163646052;-445249;-47.60493959;0;-52;-0.002002465;0;0.197653421;0.195172196;0.012772419;0.009943116;0.063992164;0.065173876;0;0;0;0;0;0;0;0;35.76662723;35.87445817;2.68124754;2.929196075;33.98437443;33.99765624;204.09575;204.4109841;196.4911028;196.2840486;50.56592739;50.98381235;0.013548181;0.013548172;1.398192637;1.414827626;34.70296215;34.70372879;35.46934346;35.45182661;1.995479559;2.005933015;28.20005869;28.23234446;0.892374634;0.884271463;29.39982479;29.42254158;30.12797374;26.53945503;26.88492534;24.21885592;2.860369754;2.588078272;2.43530455;0.077382863;0.072450914;1.049273695;245;104;41.70120905;174.8333333;155.7990562;68.75715922;325;119;38.71727083;189;187.8926792;68.81107492;77;59;42.10972456;115.4375;133.6176471;49.82352941
178;176;6.458030441;28.08907564;793570.0721;NA;NA;NA;NA;NA;0;NA;NA;0;NA;NA;NA;NA;NA;NA;NA;NA;10631741;11.37078518;12;0;NA;NA;NA;NA;NA;NA;NA;NA;NA;NA;;;NA;NA;NA;NA;NA;NA;NA;NA;NA;NA;NA;NA;NA;NA;NA;NA;NA;NA;NA;NA;NA;NA;NA;NA;NA;NA;NA;NA;NA;NA;NA;NA;NA;NA;NA;NA;NA;NA;NA;NA;NA;NA;NA;NA;NA;NA;NA;NA
204;203;6.510222264;2.140057827;793572.2127;-2744.938831;-3339.5;66;0.305033781;0.22470947;-2958091;-807.7801748;0;-48973;-4.818280205;0;0.156286128;0.131446087;0.015060928;0.009684087;0.088779466;0.081050494;10400512;18.02840027;18;0;0;0;0;0;12.40116695;12.19160377;1.126071929;0.676738141;23.20555823;23.89999834;209.8511833;209.46138;203.1323363;229.7960697;43.32506022;43.59946085;0.179148532;0.013548172;1.996026311;1.649506637;34.90665751;34.92373404;33.7654465;34.44112789;3.152330237;1.921153552;27.93196273;28.079051;5.424897176;2.390170583;30.01141869;30.10864419;30.55265318;24.6194753;24.86877948;21.6813955;5.391943393;5.282617425;4.022345442;1.628461516;0.65397724;10.4197202;1119;336;45.55108994;448.1590909;506.4328917;119.9732682;102;65;39.58559385;102.05;109.1777014;50.50485437;128;93;43.37554954;243.9375;249.7028846;71.23478261
142;140;6.71906689;60.69054852;793573.6734;-3887.215408;-3986;-1325;0.122643558;0.104954704;-7311939;-781.2735335;0;0;0;0;0.038929987;0.035053814;0.010228495;0.008274481;0.072257097;0.070728988;0;NA;NA;0;0;0;0;0;24.29744235;24.48376345;0.028828853;0.006839733;35.2699106;35.61135627;201.4992855;201.2395366;164.3957079;161.0549996;48.79053194;48.8689668;0.013548172;0.013548172;1.330815353;1.284721634;34.74596461;34.74789035;35.61668029;35.59528209;1.272449651;1.280391494;28.42381597;28.50262025;1.351807118;1.345105209;30.63375083;30.6027078;31.23259288;26.56139702;26.7491686;23.61780147;4.072353805;3.92490356;4.357041162;0.158954218;0.129123929;1.637710191;6944;203;35.4129756;266.0666667;262.5022434;42.12484974;28;19;NA;NA;NA;NA;297;136;40.29344099;269.9565217;271.1948949;74.81679389
594;595;-6.71906689;-119.3094515;793575.185;-4235.709157;-4251;-2921;0.209634054;0.214658981;-120525;-12.87797842;0;0;0;0;0.223920719;0.213499325;0.010456492;0.008944915;0.064572805;0.064842437;0;NA;NA;0;0;0;0;0;31.87924676;33.77560099;4.58306805;4.76049048;36.25094109;36.28356909;211.8907629;212.1300054;164.7377526;164.978693;50.97334149;50.99789893;0.013548172;0.013548172;1.527982528;1.513946451;34.69499462;34.69544866;35.25273151;35.20103448;2.157566729;2.130689906;26.0242879;26.0473824;1.0857389;1.079017646;27.74298201;27.74276401;28.12497788;23.78220258;23.81807767;21.67929478;3.960779424;3.979418382;3.235359289;0.054817439;0.05299306;0.151805751;953;52;19.64125441;94.75;88.99553981;4.999361462;97;29;21.00520533;55;40.01113607;6.640084686;43;39;NA;NA;NA;NA
332;331;-6.510222264;-99.83516555;793576.4194;-5204.023209;-5410;32;0.128031919;0.136257195;-845169;-90.39240642;0;-1354;-0.052141097;0;0.145310891;0.126152538;0.017634466;0.013477725;0.05603615;0.056199998;40;2.5;0;0;0;0;0;0;28.6362428;28.8440806;1.126141712;0.916557376;33.61814152;33.51217066;199.5442525;199.2923322;200.5571463;202.9541691;46.7843735;46.71268843;0.013993663;0.013548172;1.260707538;1.333121009;34.70499765;34.70686446;35.13768664;35.19596849;1.768476738;1.742175967;29.41229886;29.46648295;0.841454534;0.773468684;30.51070729;30.5200023;30.86336594;28.08237092;28.31894793;26.40930138;2.428336366;2.160138243;2.621707062;0.065018204;0.051866324;5.393542243;503;162;35.20709608;324.8571429;335.3733281;23.22675112;385;68;24.02291821;79;96.93888128;16.35856969;3595;128;28.30630018;135.3076923;144.2091884;28.56586337
133;131;6.712536788;69.58030046;793579.4242;-3699.265861;-4086;4;0.10582633;0.103730143;-5327062;-569.922114;0;-19086;-0.734472408;0;0.048618875;0.043473757;0.009247921;0.006730086;0.068971603;0.067586398;0;NA;NA;0;0;0;0;0;20.27910212;19.74273562;0.025708224;0.016392756;35.24997104;35.56738918;199.9635852;199.9726744;153.7233223;161.9572623;46.82338243;46.9099384;0.028457793;0.013548172;1.305441534;1.298416326;34.76859768;34.74712204;35.2168252;35.15999616;1.568993449;1.570931918;28.98873149;29.00360921;2.165829504;1.362400742;30.69795449;30.73747993;31.16769223;27.77905248;27.83347566;27.00257135;2.91890201;2.886095394;1.835524261;0.292155587;0.07155865;8.40044043;11648;973;40.31570142;1658.5;1688.064575;60.71960996;379;128;39.85225963;183.25;174.6060013;79.66777593;474;259;43.96847923;687.6842105;720.4413392;122.7737705
585;586;-6.712536788;-110.4196995;793581.9378;-3556.67872;-3480;-1863;0.218149931;0.218163507;-15750095;-1685.042794;-2906;0;0;0;0.22046907;0.202167365;0.013370205;0.01095146;0.065468703;0.065596824;0;NA;NA;0;0;0;0;0;29.05059438;30.99119359;4.904145057;4.890576529;37.40230155;37.38685444;213.7339682;213.8855762;147.6081517;147.1883914;50.01423378;50.0706803;0.013548172;0.013548172;1.555753437;1.529724929;34.6844552;34.68313701;35.17446649;35.14443382;2.043180391;1.92552984;25.35819512;25.34841324;1.302542138;1.311008632;27.63671833;27.65164015;28.28177508;22.85932922;22.91767381;20.69825842;4.777389113;4.644866709;3.956157816;0.139901618;0.140357863;0.405248841;518;38;17.58737289;49.25;46.40918414;3.819993736;78;20;17.92109146;25;22.30075206;14.01843318;3;3;NA;NA;NA;NA
621;622;-7.139865559;-143.8265698;793596.458;-4528.120017;-4595;236;0.173123312;0.17533723;-898602;-96.03526771;0;-920;-0.035379172;0;0.196612598;0.173772092;0.010394759;0.008172195;0.065884345;0.065212079;4174;6.991624791;7;0;0;0;0;0;35.00824585;35.15507187;2.870888561;3.080462112;34.64958667;34.44028588;205.4020339;205.5078977;186.3478386;189.5806602;50.91019324;51.16835623;0.013626577;0.013548172;1.435052208;1.442346719;34.69985962;34.70167325;35.43131545;35.39248468;1.946858222;1.952807799;27.82219987;27.82968759;1.006538564;0.957602402;29.03753566;29.00931643;29.76941999;26.20783879;26.40380609;24.16548967;2.829696867;2.728355106;1.966672819;0.071473681;0.061580309;4.998491881;2167;650;48.92195296;952.2954545;960.4123593;212.6279828;896;232;42.10260552;313.0697674;313.6774537;113.2002256;1312;186;31.19824258;245.7567568;258.9548491;33.96763754
169;167;7.139865559;36.17343016;793596.7441;NA;NA;NA;NA;NA;0;NA;NA;0;NA;NA;NA;NA;NA;NA;NA;NA;14309396;15.44137211;14;0;NA;NA;NA;NA;NA;NA;NA;NA;NA;NA;;;NA;NA;NA;NA;NA;NA;NA;NA;NA;NA;NA;NA;NA;NA;NA;NA;NA;NA;NA;NA;NA;NA;NA;NA;NA;NA;NA;NA;NA;NA;NA;NA;NA;NA;NA;NA;NA;NA;NA;NA;NA;NA;NA;NA;NA;NA;NA;NA
151;149;7.118929376;52.55013478;793598.2258;-4086.988403;-4782;496;0.330706628;0.281376708;-2803374;-338.6535395;0;-41418;-1.801252501;0;0.203503327;0.157692402;0.024324554;0.013765566;0.087382586;0.084267906;854049;7.584063724;8;0;0;0;0;0;23.67604968;23.69575505;0.424794205;0.32438398;33.43204996;34.15848785;204.4818323;204.3951563;167.3521892;182.3616688;50.51174135;50.35643404;0.043867721;0.013548172;1.813766563;1.636107274;34.80730938;34.72775029;35.51366971;35.47778563;1.392277442;1.378818611;27.15796734;27.23081388;2.364785606;0.918373721;30.24339764;30.2800852;30.67106647;23.85306494;24.09735657;16.9909791;6.390332696;6.097005588;8.34206682;0.730946798;0.109251272;13.60611906;22476;882;37.56742979;1485.937931;1607.502599;49.05636508;1092;175;34.60637987;291.1818182;269.6080746;49.21842496;601;154;37.89296574;292;244.4193602;68.03559992
603;604;-7.118929376;-127.4498652;793598.6966;-4407.089948;-4492;-2438;0.193359305;0.196689754;-157514;-16.82662109;0;0;0;0;0.213050198;0.193543323;0.010938742;0.009690836;0.063788904;0.063905644;0;NA;NA;0;0;0;0;0;34.37341725;35.87590013;3.930615691;4.070985734;35.68738852;35.60429802;209.5815437;209.5478309;170.4869068;170.6647225;51.25870509;51.29873184;0.013548172;0.013548172;1.490021794;1.481998282;34.69565939;34.69660519;35.33270441;35.26812355;2.07656205;2.037438746;26.65446721;26.67859473;1.056237459;1.034920915;28.11381669;28.09408435;28.53590629;24.84907339;25.08354824;22.63435612;3.264743301;3.027515871;2.617752012;0.05840479;0.052283361;0.120357889;116;37;22.48176152;45.5;54.05263158;3.634792004;1;1;NA;NA;NA;NA;2;2;NA;NA;NA;NA
115;113;-7.266745403;72.21578926;793599.4788;-3748.903943;-3841;19;0.119939273;0.12035625;-8593042;-918.1581366;0;-25492;-0.980159951;0;0.106315996;0.116297665;0.017559451;0.013810413;0.06088318;0.06028388;0;NA;NA;0;0;0;0;0;20.7818444;20.44594234;0.034188482;0.030749139;34.2020175;34.80417373;202.3029151;202.3336248;170.5034839;179.3119262;45.00913449;45.08646093;0.036138616;0.013548172;1.266494646;1.266120792;34.73894952;34.7274062;34.57682757;34.54228824;1.783946282;1.769604192;28.32999927;28.34300646;2.009949677;1.279052262;30.07786891;30.0639461;30.44668283;26.2955323;26.17252568;24.70075873;3.782336609;3.977328741;2.902592795;0.402601149;0.125007427;10.790076;7642;489;36.67290504;673.3478261;661.9027139;45.06567996;44;11;NA;NA;NA;NA;59;31;28.26475745;50.42857143;54.91950113;19.89142857
575;575;7.266745403;-107.7842107;793600.9316;-3630.817716;-3731;73;0.187965648;0.188501281;-9176001;-980.4467358;0;0;0;0;0.116156385;0.114764672;0.013166616;0.010923277;0.065509824;0.065643379;0;NA;NA;0;0;0;0;0;19.99071034;19.64705174;1.3357316;1.174755121;38.69161197;38.56221617;206.0178206;205.7956321;133.3265076;136.4385196;42.607191;42.35240315;0.013548203;0.013548172;1.534272206;1.53485965;34.6836241;34.68597443;33.68209072;33.56008293;1.497324497;1.397723776;27.68679341;27.75688197;1.281637545;1.236241865;29.44172518;29.38374359;30.45241812;25.78404392;25.80081253;23.92474464;3.657681267;3.631322648;2.616918801;0.120167841;0.107509769;1.595196582;1861;201;28.59963319;375.84;355.7862593;8.948941756;39;34;NA;NA;NA;NA;902;132;32.57656569;333.6;248.6831849;44.25127815
160;158;7.364489201;44.43292;793606.751;-740.3350923;-722;508;0.216693315;0.175990662;-556725;-734.4656992;-722;-16407;-7.805423406;0;0.099010681;0.091618993;0.053277474;0.02474105;0.102722423;0.098899609;10010668;11.57631881;11;0;0;0;0;0;18.07197336;18.33264491;0.046238145;0.012412132;30.43383436;37.51778933;199.8592865;199.3675745;60.89454968;61.64414828;51.35956834;51.38412833;0.186481901;0.013548583;1.720819156;1.600335846;35.87235634;35.89602675;36.19019431;36.24683923;1.28253917;1.182815331;28.3271467;28.50412651;12.70090089;12.71616188;31.40600876;31.48902263;32.50332413;24.93468785;25.35402247;19.46785313;6.471320906;6.213013158;5.2836452;4.71546193;3.497404899;12.41135578;42483;299;30.34915814;444.037037;395.2581784;28.95801851;432;93;27.45882686;218.2727273;212.1067073;24.28735034;30;26;NA;NA;NA;NA
612;613;-7.364489201;-135.56708;793607.088;-4325.230786;-4445;533;0.18043494;0.182452171;-1251777;-133.6226516;0;-1279;-0.049150719;0;0.202831152;0.171978648;0.011605497;0.009730704;0.063853;0.063986742;3770;5.560471976;6;0;0;0;0;0;35.62263009;36.19575909;3.321986823;3.502152448;35.45333053;35.41640959;207.4206666;207.347952;173.3748092;174.0523585;51.18962218;51.30950343;0.013572261;0.013548172;1.461249014;1.457044881;34.69480778;34.69628618;35.37554801;35.3274226;1.99144689;1.974570328;27.26535661;27.27653491;1.071600881;1.023044546;28.54240057;28.5162719;29.09076843;25.6002719;25.81370448;23.63972343;2.942128671;2.80040637;2.181097273;0.05749019;0.046067624;4.789575545;913;297;46.20259778;378.7590361;426.305178;127.3596639;449;136;39.11500858;185.3448276;196.9939067;76.10456776;74;45;35.23773146;72.08333333;71.50271119;35.1025641
153;151;-8.141459836;45.23255295;793607.7044;-3785.628934;-3942;761;0.147483983;0.145517255;-8260617;-881.320495;0;-6111;-0.234677419;0;0.230647434;0.169350367;0.016687624;0.013270721;0.065206654;0.065089;33255;22.79300891;22;0;0;0;0;0;24.45888795;24.97105008;0.126217336;0.137593456;33.96978229;33.90993596;204.4692724;204.4227932;182.4811258;188.5125297;49.19615637;49.12234496;0.0155018;0.013548172;1.354814612;1.345051936;34.73455832;34.72960163;35.09998754;35.1031228;1.586690078;1.557812592;27.54451238;27.61457307;1.367810144;1.172183661;30.068277;30.0865832;30.49945635;24.65787506;24.6182774;23.8280174;5.41040194;5.476915471;1.717536905;0.260696307;0.191906353;8.355995723;6180;1220;47.24888254;1742.622318;1809.397866;152.8808973;245;112;39.48973787;175.84;181.3134745;64.89189189;830;356;44.8797215;555.6179775;681.5669505;166.8038741
619;620;8.141459836;-134.7674471;793609.4787;-4740.922396;-4798;-2716;0.170764554;0.171884624;-27878;-2.971751412;0;0;0;0;0.172919799;0.181334988;0.017076653;0.015103367;0.063870858;0.062565614;0;NA;NA;0;0;0;0;0;24.47605595;24.61182234;1.894608141;1.520331268;35.86725233;35.83023763;205.8973999;205.6694438;169.5586586;169.8416464;41.86797845;41.67355337;0.013548172;0.013548172;1.460840308;1.460118707;34.69799288;34.69855265;34.31722409;34.2750533;2.125773908;2.05923322;27.23638914;27.34742906;0.983567824;0.978302724;28.9453719;28.95253828;29.35953514;24.8840932;24.95505235;23.65009508;4.061278707;4.009954744;2.018716571;0.044304793;0.0411144;0.105015505;114;38;22.3590272;84.42857143;128.4007513;5.455919395;89;62;39.14788031;152.0833333;242.2938312;36.84186047;1344;240;31.22090074;371.8837209;384.8384572;23.87123034
214;213;-7.551998449;-0.016597372;793613.4775;-4850.732928;-4932;91;0.164401682;0.175135743;-870983;-92.9345924;0;-2404;-0.092354975;0;0.091175409;0.08708564;0.015972986;0.010993103;0.074267943;0.073016135;0;NA;NA;0;0;0;0;0;21.82184199;21.81932866;0.138701922;0.16946687;24.27305906;23.83905672;211.5815434;211.353947;239.978102;241.0034998;46.48856182;46.69104135;0.013616973;0.013548172;1.412109361;1.43574346;34.89508616;34.89607846;36.0526032;36.02877617;1.318059416;1.314716303;25.28172585;25.41807281;1.914469522;1.880957586;28.68079682;28.78458926;29.85961276;22.1659758;22.40111699;19.94119986;6.51482102;6.393732281;3.036758911;0.252707239;0.192353876;6.310715424;132;66;33.17030134;213;196.8655262;11.58510638;242;108;38.16730845;148.5294118;191.1606935;56.63829787;335;98;36.532006;120.9565217;128.3059715;57.69922879
109;107;7.582594939;123.8889824;793614.0327;-3011.241336;-3339;963;0.118929158;0.105263497;-4301856;-538.2029276;0;-78369;-3.524102887;0;0.235722802;0.158339702;0.020302157;0.003190284;0.066841798;0.065521014;3686993;21.39967613;21;0;0;0;0;0;15.94933851;15.9856354;0.034650846;0.005044629;32.13729633;36.84841656;200.6629651;200.6469064;107.1933063;93.25177878;44.71149692;44.77457574;0.107183148;0.013548172;1.412175012;1.355362482;34.57070168;34.62997823;33.3942496;33.52091631;2.941883346;2.75830868;29.00379653;28.99420603;6.42429306;3.251484508;30.09107026;30.04789732;31.33061398;27.47551024;27.51316895;25.80338348;2.615560026;2.55310977;3.414256832;0.844560425;0.278855736;11.88087226;21975;5231;50.93565601;8238.648491;8761.434099;321.5254127;3635;977;45.52258294;1541.385475;1577.208779;207.2695258;2903;901;45.92714464;1478.011173;1601.948168;230.9575214
527;527;-7.582594939;-56.11101762;793614.6936;NA;NA;NA;NA;NA;0;NA;NA;0;NA;NA;NA;NA;NA;NA;NA;NA;3482045;3.715905513;4;0;NA;NA;NA;NA;NA;NA;NA;NA;NA;NA;;;NA;NA;NA;NA;NA;NA;NA;NA;NA;NA;NA;NA;NA;NA;NA;NA;NA;NA;NA;NA;NA;NA;NA;NA;NA;NA;NA;NA;NA;NA;NA;NA;NA;NA;NA;NA;NA;NA;NA;NA;NA;NA;NA;NA;NA;NA;NA;NA
349;348;7.551998454;1.1510462;793617.157;-5519.564447;-5649.5;-1792;0.124299327;0.125954686;-483195;-51.55729834;0;0;0;0;0.141957795;0.148066233;0.019143577;0.015088353;0.051399611;0.051611341;0;NA;NA;0;0;0;0;0;33.75826053;34.35542864;0.686379463;0.522129273;34.16459653;34.03785865;201.3857628;201.2059238;194.3096984;196.0836043;44.09703605;43.71452038;0.013548172;0.013548172;1.18917762;1.193211978;34.70342559;34.70455875;34.41293039;34.37839815;1.801170782;1.75066618;28.51085916;28.60926499;0.840935301;0.819629374;29.82155012;29.92555286;30.46664361;27.19799662;27.33604688;25.94446328;2.623553502;2.518489156;2.048974472;0.059628697;0.05448955;0.43457301;243;95;35.63732789;363.125;268.9052726;41.67184192;65;22;21.34048428;23;22.6984127;20.215311;121;60;35.75154494;126.4285714;89.00222222;43.44510386
628;629;8.386508151;-143.7802218;793620.4554;-5062.796505;-5092;-3342;0.163676145;0.163681645;-3342;-0.35606222;0;0;0;0;0.181457402;0.193350958;0.012527522;0.010753706;0.061329345;0.060476447;0;NA;NA;0;0;0;0;0;27.76754528;27.83093491;1.664711172;1.323377968;35.36983562;35.3599921;205.6262582;205.3371867;177.1729785;176.853471;42.44566814;42.39922073;0.013548172;0.013548172;1.429151537;1.424192219;34.69856976;34.69877031;34.39921921;34.29275317;2.12134052;2.036452498;27.30213325;27.43839002;0.957087057;0.957123957;29.12531667;29.15056996;29.47857139;25.07944541;25.07393381;23.83691341;4.04587126;4.042186277;1.403148717;0.061933486;0.060759306;0.089400222;606;109;24.17624916;330.1;264.6581119;7.304690297;7;3;NA;NA;NA;NA;704;67;19.62247421;84.27272727;84.1776;6.938873799
135;133;-7.783610658;63.08907072;793622.3649;-3271.732259;-3730;11;0.126114796;0.125092822;-7662902;-817.7251094;0;-68420;-2.626890885;0;0.143364065;0.143060156;0.017678357;0.011624081;0.062962607;0.062184027;0;NA;NA;0;0;0;0;0;21.81389177;21.06959522;0.053266755;0.045487256;33.60611836;34.44478657;202.6582565;202.7351048;166.0645203;173.7148925;46.08563184;46.06547382;0.038316641;0.013548172;1.292282864;1.285681955;34.75302612;34.73016276;34.81602102;34.80541094;1.637656935;1.631572548;28.03250275;28.03512577;2.494548155;1.298532872;30.08639856;30.02343019;30.97668919;25.87538776;25.74478047;24.37963904;4.211010797;4.277724736;2.856015516;0.518231139;0.154348028;13.99674333;15640;394;31.85179175;722.6764706;677.4870736;33.07190518;182;39;15.90385645;93.16666667;120.6897067;4.585271318;324;212;45.74147039;477.3170732;536.4304429;142.6304348
162;160;-8.386508151;36.21977822;793622.7114;-1040.125122;-1057;112;0.178258267;0.165577995;-1061115;-1037.258065;-1057;-11802;-4.143960674;0;0.472617033;0.42875376;0.095407532;0.024308;0.074963052;0.064800555;11159301;13.58929861;14;0;0;0;0;0;20.83196916;23.11507168;0.084696286;0.052460382;27.26865723;35.45144214;204.8049988;204.8029665;137.1121171;135.885071;48.35608148;48.50927036;0.262192946;0.013548172;1.582261963;1.504509284;34.81594289;34.82673379;34.55930334;34.86915507;2.277163897;1.998718481;27.56667137;27.57634338;9.28814793;5.221178526;29.92626226;30.02784875;30.36414818;25.10093307;25.10565482;24.83673644;4.825329183;4.883632666;1.276876876;2.119707757;1.812730773;8.29825235;1204;580;44.26575139;1244.034483;1415.075407;68.46207613;118;88;43.19379681;255.5714286;285.5078546;65.67924528;63;43;36.43927375;86.5;97.03892295;32.26829268
601;602;7.783610658;-116.9109293;793623.6721;-4110.32718;-4126;-1879;0.175064797;0.175224839;-327419;-34.9396009;0;0;0;0;0.106183239;0.093572165;0.013165569;0.011260989;0.063984384;0.063738503;0;NA;NA;0;0;0;0;0;19.96994516;19.86718111;1.425734555;1.095447291;37.41513761;37.35248253;205.8506012;205.5304702;150.1722994;151.6822885;42.1684845;41.68129568;0.013548172;0.013548172;1.502855886;1.507372133;34.69199706;34.69182938;33.87506634;33.80786795;1.725634743;1.671921028;27.49829832;27.56438305;1.106807132;1.097876354;28.84109662;28.85584226;29.35084328;25.59633614;25.68362663;24.04432475;3.244760475;3.131067735;2.190350351;0.063527435;0.062905392;0.264025082;17173;269;32.96377138;344.1764706;362.1642853;40.49175362;99;28;19.30157243;30.8125;35.10526316;3.625971143;28982;395;30.94465944;478.72;493.6920155;33.43255586
93;91;-8.045583887;119.3979006;793636.9107;-1787.618241;-1451;1038;0.152885452;0.123259023;-8834374;-1025.107217;-584;-187532;-7.843901623;0;0.151686108;0.114996067;0.010991268;0.004491059;0.078000655;0.076222016;1911634;18.19165802;18;0;0;0;0;0;18.14144046;17.59613443;0.034089609;0.006790191;30.60485717;34.84286736;202.2315118;201.9685593;129.4931293;107.3826833;48.39281109;48.893198;0.137608743;0.013548172;1.432847896;1.325110423;34.54497782;34.6124486;33.50500811;33.39544332;4.519589598;4.62021175;28.70095619;28.77389365;6.729135103;3.246237937;30.55910018;30.50122351;32.08835327;26.35012899;26.46415401;23.31820079;4.208971192;4.053427937;4.111238558;1.337762893;0.4595581;16.39712969;6040;2469;50.28840128;4191.621771;4496.985166;233.3866448;704;442;47.08181363;1088.192308;1366.608388;246.0854022;1508;763;47.75520981;1398.888199;1544.41782;378.505992
525;525;8.045583887;-60.60209939;793637.667;-1263.82284;-987;753;0.275113379;0.143498198;-3871008;-986.7468774;-200;-154323;-14.15158184;0;0.367516724;0.35785888;0.064935882;0.043626674;0.116349882;0.084673244;5116150;9.195870248;8;0;0;0;0;0;13.86899236;13.6798342;0.376625002;0.160425551;13.63873187;18.80802021;204.2522435;203.6997872;224.7981488;218.0348204;47.26588693;47.34388306;0.587009089;0.01392903;1.954456318;1.370447001;35.18197941;34.99016673;33.44561674;33.90338556;6.994981375;6.82724446;27.82406378;27.98675504;12.05243883;4.775689188;29.79842457;29.87787242;31.08269856;25.95911351;26.19408092;21.61453179;3.839311058;3.733095047;4.007393925;2.356895495;0.869236125;8.599080598;7392;1800;51.32405847;2821.537975;2900.513099;455.0741555;916;290;37.51955355;480.6229508;513.2031529;46.93756993;647;317;44.53710935;673.1578947;805.0221906;147.6574956
144;142;-8.06229257;54.14622245;793637.9564;-3474.596441;-3864;99;0.145287426;0.145760491;-6993833;-745.2933717;0;-66683;-2.55912039;0;0.136643097;0.142258577;0.016006629;0.009408052;0.066422263;0.066178895;0;NA;NA;0;0;0;0;0;21.32587099;21.7515617;0.065231237;0.061000356;32.74664756;33.9707601;203.3349941;203.391533;179.4663103;184.7825772;47.47610557;47.38850636;0.071698971;0.013548172;1.371389993;1.36905967;34.76019818;34.72862131;35.00474329;34.96991447;1.543194154;1.539384006;27.59723736;27.60817317;2.558236403;1.190096168;30.02176421;29.96116376;30.63096346;24.89483027;24.88916299;23.78142193;5.12693394;5.114889152;1.614769518;0.665162856;0.195304219;10.49599037;6046;1074;48.63720326;1504.445026;1513.725215;215.592361;55;49;45.05050505;178;224.5833333;45.14925373;141;71;34.77998611;169.2727273;179.0142857;38.45454545
610;611;8.06229257;-125.8537775;793639.5701;-4487.253517;-4497;-2848;0.172886756;0.174228139;-38263;-4.077472293;0;0;0;0;0.146033975;0.145738985;0.013594971;0.011804925;0.06456802;0.063945503;0;NA;NA;0;0;0;0;0;21.76836263;21.74429141;1.78896193;1.417045466;36.59603552;36.62718737;205.8059419;205.4387041;159.4527248;158.7901269;41.6632506;41.25398273;0.013548172;0.013548172;1.478791089;1.484599063;34.69691977;34.69749871;34.14650433;34.10322537;2.008501928;1.947333143;27.3085823;27.35893503;1.022322705;1.021947121;28.83104323;28.82020776;29.22006386;24.97775687;25.07558659;23.87399518;3.853286356;3.727681396;2.046529647;0.043441026;0.041873829;0.106765711;240;47;20.46164645;89;64.49080441;3.433885776;49;9;NA;NA;NA;NA;19;17;NA;NA;NA;NA
239;238;-8.203222096;-23.1006305;793644.9089;-5209.461448;-5283;-1565;0.077961905;0.069650601;-86081;-9.154631501;0;0;0;0;0.133027207;0.121269135;0.013203853;0.011332797;0.054296304;0.054079409;0;NA;NA;0;0;0;0;0;36.18948087;37.29925744;0.012300173;0.001146752;30.98566595;31.57197481;205.1468563;205.0992494;230.701895;228.7034504;50.35833949;50.44520196;0.013548172;0.013548172;1.107224892;1.102506959;34.74134703;34.73104177;36.24529996;36.21055212;1.293344518;1.280513272;26.65851484;26.7412894;0.472089687;0.378617573;28.62045258;28.68231614;29.05907031;24.79929535;24.84730662;23.26799192;3.821157228;3.853987284;1.756740562;0.496249906;0.434081342;1.631133469;814;129;37.21902976;276.3333333;192.2185091;55.40100334;479;95;32.96779071;109.5384615;122.4202526;44.01323614;187;30;21.80717947;37.5;32.57544863;18.95338753
361;359;8.203222093;156.8993695;793647.8788;-4509.802063;-4763;44;0.084200609;0.081806846;-4472272;-475.6724101;0;-3255;-0.124808282;0;0.154122725;0.1666317;0.018497238;0.011356363;0.045215006;0.044958371;7102;16.40184758;14;0;0;0;0;0;28.92679123;29.61287313;0.010887941;0.001140557;36.09036815;35.68716791;199.4932616;199.3087838;164.8627283;171.7168751;44.31453329;44.23003701;0.015575816;0.013548172;1.14286771;1.144795391;34.68623062;34.69199605;34.08301173;34.04581109;1.698105624;1.697461102;29.04278465;29.06968372;1.212879846;1.031478678;30.06935997;30.06921475;30.37905502;27.9811591;28.01706813;26.94607554;2.088200873;2.08989377;1.650576957;0.098194271;0.065928748;11.10784086;2190;651;47.14244302;1011.112782;1066.900514;150.1502724;105;72;41.87028658;108.3846154;123.9344262;59.59459459;77;51;38.10461658;78.35294118;85.36956522;40.88965517
344;343;-8.883260666;152.0597004;793650.3831;-2900.356397;-3201.5;1087;0.177288713;0.189965852;-7724846;-896.7780358;0;-88996;-3.711568938;0;0.148576568;0.128121604;0.025568011;0.00879565;0.066629935;0.064184556;1283588;13.01562579;14;0;0;0;0;0;19.8121535;19.65162394;0.056416815;0.043999516;32.39493583;35.22361733;200.3496755;200.0576793;157.8874407;157.0314276;42.81859074;42.69931083;0.078117021;0.013548172;1.378609888;1.371881575;34.72913205;34.69757883;34.5097038;34.49107831;1.904942175;1.603692242;28.68498097;28.76614226;4.533757401;1.622572187;30.47352017;30.48708485;31.16770267;26.3043562;26.49647198;24.55541452;4.169163971;3.937966271;3.885472868;0.711867599;0.066337963;10.47110381;5692;1702;48.70947945;3223.41115;3349.107046;134.3871647;1618;280;39.46528972;350.2631579;369.8625658;79.95125825;1998;318;37.33499426;435.9183673;417.5771918;56.18425942
550;550;8.34819071;-84.22111439;793650.8288;-2183.155391;-2522;497;0.290763298;0.285825098;-15335413;-1987.482245;-2289;-104230;-4.860113774;0;0.176576296;0.161501972;0.022516784;0.012531242;0.083305171;0.076855706;4104365;22.59540535;22;0;0;0;0;0;12.37119773;11.04679068;1.814605763;1.750519684;34.21646827;39.18242592;207.9087034;209.1985873;113.6352823;104.5016413;41.60745705;40.58127576;0.121993537;0.013548172;1.917150482;1.867431561;34.7517435;34.67193631;33.09295201;32.64961864;2.522976375;1.478352778;27.91393208;27.9677491;4.705131522;1.927913431;29.66701392;29.71595333;31.68396181;25.46793554;25.89792538;21.03706367;4.199078385;3.901283889;6.149803619;0.915059868;0.098439824;12.95614742;27760;3360;46.12578266;5082.984211;5246.886237;126.8440358;961;425;45.03927721;774.7191011;927.5314445;173.7574788;1055;465;46.08948243;712.3130435;790.7366416;217.3452451
237;236;8.883260666;-27.94029961;793651.1356;-4859.884984;-4987;-1015;0.087067474;0.081584862;-334012;-35.57103301;0;0;0;0;0.069919513;0.06633683;0.009124185;0.007719717;0.067901854;0.067664311;0;NA;NA;0;0;0;0;0;20.89761891;21.03238764;0.003161064;0.003296564;23.15252905;23.18940553;205.4894569;205.0115801;247.3824926;247.5046012;44.70186496;44.69011224;0.013548172;0.013548172;1.237712245;1.244716825;34.8918524;34.88980842;35.52856946;35.50899539;2.042333039;2.073786901;27.0662815;27.10985129;1.904106834;1.863345561;28.78020062;28.78824178;29.1562796;24.65859788;24.58074855;22.39708798;4.121602736;4.220892607;4.111808726;0.171878451;0.146868764;0.534998348;1834;89;24.16823427;100.875;108.0703663;19.42051779;154;134;47.24377828;860;989.8111837;109.7962963;28;19;NA;NA;NA;NA
104;102;-8.34819071;95.77888561;793653.8054;-5096.335997;-5138;3;0.092521479;0.090155033;-165488;-17.62948759;0;-27;-0.001035673;0;0.127568323;0.147047745;0.016800282;0.015116399;0.058611072;0.058400804;134;8.375;4;0;0;0;0;0;26.1617614;24.84336504;0.005409087;0.002225705;33.69091558;33.69666102;202.7181164;202.8487724;198.7449052;198.7358785;44.53605956;44.80828911;0.013606723;0.013548172;1.17043498;1.163457495;34.71504348;34.71506142;34.12123506;34.13515414;2.366274971;2.327339696;28.2405334;28.23397873;0.741014619;0.728513181;30.05824763;30.13230973;30.56908533;26.36192739;26.33501683;25.34780133;3.696320242;3.598892948;2.548985185;0.102497253;0.101480648;8.036313527;9078;838;44.34190398;1208.081967;1243.445419;95.55434916;179;24;13.04039171;35;39.898833;6.912837109;74;46;34.30370946;244.3333333;141.0493997;29.44086022
577;577;-8.438679558;-101.4579452;793663.5258;-3953.974979;-3966;-1798;0.196414249;0.195614486;-3070281;-326.9038543;0;0;0;0;0.16231717;0.141428068;0.012379283;0.009443327;0.064821827;0.06453781;0;NA;NA;0;0;0;0;0;31.11327567;33.06865557;3.972953609;4.033244035;38.02266999;38.06424762;215.5014237;215.4518251;138.5576885;138.1250429;48.19891698;48.20688332;0.013548172;0.013548172;1.538982776;1.521560697;34.68003344;34.67985301;35.24955392;35.21846554;1.446346952;1.408285157;24.57504612;24.6904421;1.385484428;1.381956321;27.29108098;27.42588035;28.41568661;21.81506455;21.84882876;20.46996116;5.476016424;5.40530282;3.763843353;0.070962063;0.060678231;0.283955087;472;37;16.53666216;49;41.40980841;2.807753384;16;12;NA;NA;NA;NA;54;36;34.11040914;66;98.98768313;23.14285714
131;129;8.438679558;78.54205484;793668.958;-2255.28739;-2564;208;0.218289475;0.153400033;-9093473;-1350.582653;-1447;-101550;-5.429610223;0;0.071498098;0.065569451;0.026919035;0.017250488;0.089101573;0.078783585;6672795;24.06544719;22;0;0;0;0;0;15.82932982;16.52950387;0.283641052;0.18509485;31.87541852;36.71132622;201.8538144;201.9272811;126.5198601;135.6187141;46.63704242;46.47514231;0.223374999;0.013548172;1.690487173;1.450180911;34.71095125;34.76038693;33.99432696;34.2348765;2.385837634;2.141879107;28.65119987;28.71019935;6.131414502;2.087056981;30.63680332;30.55041884;32.49230908;26.84779365;26.79269201;24.60892009;3.789009672;3.752684508;3.836904088;1.69633535;0.60224313;10.70095939;27430;2455;42.95799019;2961.834061;3320.081259;79.4602924;1403;311;37.27260788;554.5714286;567.2210523;54.32941404;1548;552;44.9599518;1230.345679;1272.952895;186.5989721
637;638;8.786094407;-152.6963418;793676.5956;-5099.385573;-5130;-2800;0.152381543;0.151525744;-15668;-1.66698585;0;0;0;0;0.169632995;0.189134257;0.01591799;0.013865455;0.057408475;0.056527533;0;NA;NA;0;0;0;0;0;31.12714542;31.01270995;1.269804108;1.024429455;35.19460993;35.23540327;204.9708065;204.6207192;179.5704039;178.8125647;43.15407189;43.28343418;0.013548172;0.013548172;1.381858066;1.38180977;34.69870936;34.69876146;34.42513057;34.34256995;2.031029257;1.969401173;27.47955398;27.62063052;0.937140458;0.937524448;29.2541528;29.37536166;29.6652443;25.48055601;25.66328076;24.33282557;3.773596783;3.696817804;1.475052195;0.089582253;0.091404009;0.087719183;559;134;28.88048967;177.8717949;178.8834356;11.78951141;347;127;37.63168707;235.5;204.4578837;53.73003124;1666;149;24.72170115;276.2173913;320.9616597;21.7776069
171;169;-8.786094407;27.30365816;793678.7017;NA;NA;NA;NA;NA;0;NA;NA;0;NA;NA;NA;NA;NA;NA;NA;NA;12376974;13.62475644;14;0;NA;NA;NA;NA;NA;NA;NA;NA;NA;NA;;;NA;NA;NA;NA;NA;NA;NA;NA;NA;NA;NA;NA;NA;NA;NA;NA;NA;NA;NA;NA;NA;NA;NA;NA;NA;NA;NA;NA;NA;NA;NA;NA;NA;NA;NA;NA;NA;NA;NA;NA;NA;NA;NA;NA;NA;NA;NA;NA
348;347;8.896766442;-170.8380547;793683.0283;-5335.766521;-5423;-787;0.123926885;0.12561003;-471536;-50.17941896;0;0;0;0;0.153814416;0.172720235;0.016184258;0.012193456;0.051068462;0.050647946;0;NA;NA;0;0;0;0;0;35.15393539;35.39438112;0.669336344;0.530755589;34.41716308;34.29243543;202.7024019;202.4860963;191.5237122;193.3469115;44.33356247;44.24337977;0.013548172;0.013548172;1.213330142;1.224605119;34.70247685;34.70319583;34.42921091;34.40372135;1.851031057;1.821732435;28.05173637;28.09278022;0.837535274;0.822417256;29.45978367;29.40462853;30.23708864;26.59072572;26.67682752;25.45124903;2.869057955;2.84690302;1.412528022;0.05189291;0.0470644;1.098458576;97;38;29.54618221;48.11111111;47.39938066;27.27246377;7;6;NA;NA;NA;NA;1383;72;21.23847838;85.6;87.45966346;13.33618508
552;552;-8.993957501;-79.15308676;793684.3332;-3391.4453;-4392;160;0.974290032;0.550508321;-1495646;-288.0674114;0;-130567;-9.055204938;0;0.117934364;0.105786437;0.016151093;0.010034187;0.118662493;0.101502195;5914452;13.96014323;14;0;0;0;0;0;17.71890943;17.44998944;7.053110186;6.691451568;33.8867182;37.18402912;222.7816199;226.6460425;107.9472626;134.3582316;43.65065801;43.33943715;0.071467185;0.013548172;4.406172813;2.771111116;34.73339804;34.69008158;35.10805071;35.14705335;2.078442428;1.324761121;21.13410098;21.34367831;4.015539324;1.435736742;26.44690801;26.62507033;27.65148597;16.76409849;16.89582554;13.31290527;9.682809527;9.728988713;3.131278301;1.001017123;0.044832366;15.36011941;3990;295;18.8012117;410.8088235;472.0075209;3.804066024;120;69;38.08264067;110.0526316;126.1260504;46.4516129;888;463;46.96492681;866.7234043;931.0429866;261.2803181
206;205;-8.896766423;9.161945338;793685.2917;-3757.966269;-4296;100;0.293221649;0.198988994;-4634383;-521.0684731;0;-63314;-2.562075105;0;0.054971719;0.051661994;0.00621763;0.004173415;0.104902412;0.09043274;688997;13.5261887;14;0;0;0;0;0;14.53216172;13.54168861;0.779107079;0.474198599;24.42761259;24.1762676;213.1665004;212.3488229;215.3577827;230.4074833;45.28222522;45.6263906;0.087627006;0.013548172;1.98159589;1.598397763;34.89194734;34.89006339;35.19282441;35.89017554;2.488084128;1.692227513;25.48048711;25.72563384;3.129875579;1.977288297;29.27279166;29.5105904;30.16993623;21.21580601;21.33944159;18.41938004;8.056985659;8.020503334;3.997368099;0.653004475;0.163318936;12.1595612;27278;963;40.8784238;1621.931298;1646.584934;77.55499323;13519;672;36.39174461;905.0086957;968.3210149;58.81758773;10088;1027;41.13203993;1599.7;1568.284503;97.18136659
347;346;8.970570082;-161.6639296;793685.3151;-4470.498246;-4719;82;0.136236165;0.136917573;-3260603;-346.6145424;0;-635;-0.024311804;0;0.160241486;0.180889866;0.019435032;0.014970581;0.054181949;0.053886021;180;12;10;0;0;0;0;0;33.45269362;33.5246034;0.923563877;0.743824607;35.43392133;34.90250317;203.8325602;203.5360986;176.3681638;184.7211697;43.96523505;44.06551235;0.013548173;0.013548172;1.291565124;1.290357807;34.69261293;34.69722184;34.43330599;34.38566413;1.936395214;1.895964635;27.7450149;27.81410392;1.02490452;0.922264215;29.22635174;29.1741506;29.94795398;26.03262921;26.07441692;24.97507525;3.193722528;3.169878498;1.634158275;0.081741111;0.066856033;1.91877208;159283;1292;45.11754604;1488.632124;1583.713104;128.3940674;956;85;19.84925538;119.3636364;109.3804817;11.38123583;3644;222;30.30485295;277.3125;274.3655035;28.55261449
120;118;8.993957501;100.8469132;793685.842;-79.40990924;-42;635;0.169090632;0.150439178;-317735;-47.27495908;0;-627208;-33.58903229;-30;0.056067028;0.049303159;0.026351909;0.02326608;0.097739958;0.08426278;5663915;19.15205894;18;0;0;0;0;0;15.24588173;15.46238655;0.310978407;0.207902612;5.268987197;0.184801956;203.1819032;203.3196933;168.7756346;200.8162443;43.89432975;43.94684184;1.936927551;1.878170083;1.590340462;1.460886362;33.00872827;32.98375728;31.35622279;31.51062215;12.11828906;11.43290391;29.05368742;28.96685204;26.04204098;28.11338331;30.75638808;30.6080571;32.83902878;27.07496429;27.17289501;25.19634539;3.681423793;3.469196726;5.351862537;4.846735316;3.936342017;13.19436748;13716;2992;52.15167172;4955.09434;4954.19247;694.7349109;91;70;42.25046353;229.6;307.0069204;49;29;26;NA;NA;NA;NA
198;197;-8.970570082;18.33607039;793687.2275;-71.58823529;-48;80;0.863841906;0.88084052;-1141;-33.55882353;0;-3802;-39.60416667;-36;0.135058129;0.14131078;0.024994414;0.026107043;0.174114204;0.1794237;12311978;13.13667199;14;0;0;0;0;0;10.48972818;10.56375015;1.311472317;1.212119745;11.69786052;9.431524247;220.0557612;220.0595011;53.82620747;34.19014832;47.33967562;47.41129218;1.092958269;0.843990678;4.314782189;4.316192353;35.52349712;35.59820019;34.82901735;34.86693899;2.208580111;2.206609701;24.57574441;24.62598442;17.43137647;17.62145469;29.46143735;29.44573234;29.69844218;18.8585501;18.85894176;18.14880795;10.60288725;10.56760576;1.278012529;7.884481579;7.377285667;7.578113524;2648;246;39.12303584;311.5384615;318.3112796;64.49744288;314;85;30.62283709;130.8823529;140.8098013;31.5810378;NA;NA;NA;NA;NA;NA
108;106;9.416708055;132.6557318;793711.5526;-4994.421545;-5391;118;0.087484879;0.086594468;-2364707;-251.2171465;0;-3194;-0.122122811;0;0.256469883;0.259622976;0.011856193;0.008969114;0.048948906;0.048621448;10089;18.68333333;18;0;0;0;0;0;24.26592409;23.70587648;0.001312883;0.001278765;36.85290975;36.90884756;199.9595923;199.9553564;153.6282092;153.3977849;43.87193104;43.85591756;0.015757997;0.013548172;1.205062107;1.203812394;34.67831468;34.68058272;33.99189209;33.97641996;1.882405557;1.902453035;28.9990395;28.98411776;1.260207085;1.160211011;30.05147237;30.06259424;30.30148522;27.49275893;27.52129157;26.85753783;2.558713441;2.531094228;1.18708422;0.056654023;0.021460979;11.63090973;17768;2259;49.88407007;3194.113924;3314.296815;293.4708223;481;234;43.78080485;321.7631579;375.34075;110.2243926;54;31;29.90797183;37.5;41.85;24.71186441
519;519;-9.416708055;-47.34426818;793712.1835;NA;NA;NA;NA;NA;0;NA;NA;0;NA;NA;NA;NA;NA;NA;NA;NA;9847009;10.46072954;10;0;NA;NA;NA;NA;NA;NA;NA;NA;NA;NA;;;NA;NA;NA;NA;NA;NA;NA;NA;NA;NA;NA;NA;NA;NA;NA;NA;NA;NA;NA;NA;NA;NA;NA;NA;NA;NA;NA;NA;NA;NA;NA;NA;NA;NA;NA;NA;NA;NA;NA;NA;NA;NA;NA;NA;NA;NA;NA;NA
212;211;9.454736598;-6.265312481;793715.134;-3.789473684;-4;65;1.266106542;1.264630092;0;0;0;-2489;-16.26797386;-5;0.225084891;0.217856084;0.077801687;0.078895129;0.182481972;0.180349677;17338007;18.47716093;18;0;0;0;0;0;10.5899831;10.71290196;1.965718603;1.964485437;14.3293149;13.3256744;213.5828382;213.9132611;100.8262708;100.2982087;45.43456892;45.46981025;1.095083551;1.155681465;5.983390439;5.976301546;35.57795203;35.61225435;34.08164115;34.1267383;3.714205084;3.711655671;26.67807701;26.65771741;19.93976576;20.30739165;29.07311339;29.03772004;29.40282444;22.42218569;22.37111708;22.0941107;6.650927691;6.672217374;0.555223405;8.384550898;9.915626666;9.659580894;137;45;26.69485346;52.65;68.80540059;13.45448029;NA;NA;NA;NA;NA;NA;NA;NA;NA;NA;NA;NA
333;332;-9.454736598;173.7346875;793715.8484;-4304.293224;-4797;6;0.097316829;0.091279911;-7301253;-775.4091971;0;-4753;-0.181682657;0;0.064435594;0.05760878;0.008982336;0.006700731;0.049444837;0.049281473;0;0;0;0;0;0;0;0;26.96858504;27.12400994;0.166076726;0.023329929;34.39414071;33.67399855;198.0486752;197.8377575;185.3043353;199.3467373;43.60203011;43.19134118;0.014959307;0.013548172;1.122695732;1.080212487;34.69296057;34.70445221;34.64235497;34.5672814;1.499949918;1.442588274;29.39848479;29.49485172;1.159149446;0.842202489;30.47469343;30.44596173;30.84304121;28.26018326;28.5068328;26.60156122;2.214510171;1.99406205;2.116594257;0.089425408;0.050582134;4.644440765;273;101;34.78852174;170.7894737;158.1874005;14.56497948;79;36;27.79724481;49.90909091;58.52741021;15.56359102;89;37;27.52342135;62.5;59.09204523;22.43909348
345;344;-10.63018211;143.8883213;793783.4213;-1084.664054;-48;474;0.193325505;0.160139822;-5455897;-855.2903276;0;-169463;-9.56067701;-1;0.133396946;0.117264706;0.046937664;0.023404545;0.084807484;0.084300886;2406717;7.42058089;6;0;0;0;0;0;21.69016385;22.54991044;0.038668512;0.002342629;17.14631205;4.623485202;203.0679233;203.1230696;180.1456678;188.0911907;45.4713076;45.57050434;0.837537513;0.492027956;1.655884962;1.453471063;34.62030405;34.68164027;34.52978722;34.77572272;5.800887292;3.378493179;27.66604119;27.563056;15.28697515;23.83010337;30.33640388;30.20558837;32.27829605;24.55059187;24.59654228;22.07638993;5.785812009;5.604066006;5.347872856;3.090833438;3.330692535;9.246785424;194649;7525;51.05762473;10084.48633;10133.30581;388.358246;310;122;28.8884232;243.5357143;330.9151748;8.087863996;941;276;38.2523127;399.046875;442.8198211;36.49812456
245;244;10.63018211;-36.11167871;793785.9764;-4825.310224;-4861;-1910;0.080969548;0.078195612;-2001906;-211.8867485;0;0;0;0;0.080748381;0.080588954;0.011565009;0.009012895;0.064862806;0.066070782;0;NA;NA;0;0;0;0;0;27.21779266;27.21200144;0.003683266;0.001903354;22.64247799;22.69147904;205.6364606;205.3930873;253.0787958;253.6032952;45.55956566;45.87069321;0.013548173;0.013548172;1.186047197;1.188713374;34.89042004;34.88785312;35.79006008;35.79585882;2.433684655;2.4394541;26.78376111;26.85723052;1.889389409;1.830106291;28.69806462;28.67220218;29.65749365;24.66465148;24.65561423;22.8759461;4.03341314;4.100769299;2.487246085;0.171389929;0.137368357;0.640658637;361;44;15.31822064;59.83333333;70.77234031;8.062921487;173;37;24.35149661;43;43.83419552;23.14694509;82;52;37.23197998;87.42857143;94.79119012;38.64367816
533;533;10.6440168;-69.5464173;793790.2756;-2265.873561;-2070.5;465;0.213763253;0.139921793;-3171045;-730.3189774;0;-63617;-5.280733793;0;0.265082289;0.28054306;0.026801321;0.016405527;0.092805597;0.073322363;9325346;17.8143782;18;0;0;0;0;0;19.73813785;20.34733785;0.064760614;0.042713189;19.47033611;22.32001313;204.2778488;203.7065643;204.6732429;218.1861917;48.8822135;48.73562079;0.281160221;0.013548172;1.692992865;1.334861467;35.22039498;34.97305784;35.2165925;35.48604063;5.16270454;4.209629473;27.59004277;27.76010315;8.233514475;3.872311587;29.91292689;29.87715874;31.82029034;25.35462999;25.64662598;22.2731079;4.558296898;4.289984797;3.667505769;1.521537499;0.243713296;7.96032075;109038;4121;42.22913472;5413.627706;5550.410763;73.06785964;5159;1113;47.66378118;1472.954774;1497.241456;447.6843283;3615;824;42.67694578;1203.735849;1223.904346;88.81309339
94;92;-10.6440168;110.4535827;793795.6906;-3853.670125;-4306.5;431;0.216554397;0.155049312;-5297090;-624.5095496;0;-67621;-2.872721866;0;0.160450588;0.160297711;0.018620661;0.013153958;0.071396484;0.065617414;2603742;24.0306227;22;0;0;0;0;0;23.90484527;23.96766044;0.113438399;0.013308689;31.72574534;33.65131194;204.1860453;204.0518732;181.9830492;195.7009192;48.07217517;48.20412824;0.131511918;0.013548172;1.659863013;1.434600677;34.61169174;34.71510974;33.95955475;34.08560541;3.625321213;3.262066676;27.85555336;27.79504148;3.287300192;0.805878338;29.93997677;29.99814924;31.3722468;25.29142342;25.40049816;22.14877922;4.648553346;4.623340216;6.170882896;0.611357686;0.092903503;16.07145553;11173;734;43.29887637;1101.60396;1071.10041;99.44558236;590;57;17.32726925;80.33333333;77.68619;8.576003942;367;167;37.79529826;405.2142857;476.8517025;55.63362247
231;230;-10.90614459;-14.47426448;793805.6712;-3490.052437;-3523;176;0.0702226;0.069545541;-13814667;-1460.478592;0;-137;-0.00521309;0;0.096118783;0.092820736;0.009516498;0.006357245;0.052030502;0.050577447;0;NA;NA;0;0;0;0;0;37.30998874;37.10165533;0.001757803;0.000853046;23.76036154;23.46106979;209.1719957;208.7765165;244.5647506;245.2416642;48.297605;48.32599976;0.013558558;0.013548172;1.128991993;1.131808723;34.89585616;34.89976632;36.45581693;36.4715956;1.350943242;1.353804785;25.22331657;25.32264488;2.113410533;2.203830303;27.66079788;27.72946418;28.77732758;23.16283083;23.39990741;20.45106716;4.497967047;4.498755372;2.409130102;0.611681068;0.483963627;3.851788266;3025;338;35.33591531;652.6511628;641.1065377;40.95503757;346;88;35.03212999;104.25;110.4652011;52.4150613;149;91;41.14892435;222.6153846;181.1028629;65.10557185
360;358;10.90614459;165.5257355;793809.5811;-4422.914579;-4820;61;0.092748635;0.093459109;-2969093;-313.8907918;0;-8506;-0.323668189;0;0.178668758;0.195382245;0.016611159;0.01027535;0.04260001;0.041640816;1068;12;14;0;0;0;0;0;31.96945026;31.55711739;0.008970244;0.00207066;35.51081155;35.44828753;200.660804;200.835839;169.682565;175.6844976;46.77314218;47.17919163;0.020589214;0.013548172;1.16978894;1.168607941;34.68726778;34.69414474;34.33089684;34.33193611;1.639988934;1.633128778;28.50612142;28.45334371;1.333862499;0.98732332;29.79489995;29.77990875;30.28549536;27.08678666;26.83472461;26.1418378;2.70811329;2.847601952;1.461574338;0.151152378;0.089467386;8.8381975;2728;918;49.50696542;1485.789474;1628.310534;239.1229355;72;37;28.56315083;91.16666667;124.1774275;17.05263158;8;7;NA;NA;NA;NA
558;558;11.10380599;-92.83413448;793821.3322;-3531.717314;-3716;104;0.291190339;0.272775691;-4562476;-506.3791343;0;-64644;-2.580186797;0;0.12593268;0.118689074;0.019984892;0.016475218;0.091057254;0.089013616;1197996;25.35172998;22;0;0;0;0;0;12.09772394;11.82586561;3.052441936;2.782672384;37.2641563;38.95236154;207.4459333;206.7789983;121.7374421;123.333014;46.23792847;46.26941924;0.051871968;0.013548172;1.899497012;1.843768064;34.6712786;34.6724518;33.58089783;33.60038005;1.3299238;1.262962868;28.05972173;28.08055406;2.443455735;1.518902151;30.20272397;30.27340481;31.97685613;25.06211315;25.11137621;21.08042842;5.140610819;4.821830823;5.526647284;0.406418083;0.036839432;11.70746314;5495;770;33.01225299;1245.2;1295.812208;14.52899999;35;27;NA;NA;NA;NA;272;207;47.24428753;546.4864865;570.8662568;165.1428571
366;369;11.1031811;141.704634;793821.6177;-4095.083888;-4093;174;0.084474096;0.084425187;-8186069;-864.8778658;0;-3796;-0.14438401;0;0.202819457;0.20114985;0.015774667;0.00997967;0.044659029;0.043875826;29918;38.55412371;42;0;0;0;0;0;27.83908827;28.50413458;0.001204032;0.001204833;36.72036625;36.36734213;199.83826;199.8972863;155.9411341;162.917391;44.96695832;45.00649922;0.014712949;0.013548172;1.19535316;1.199444075;34.67528886;34.68429713;34.10844872;34.08452819;1.789194292;1.782026258;28.98476859;28.96911882;1.341227923;1.132310672;30.17645844;30.17071612;30.41074308;27.5742018;27.59576727;26.9332894;2.602256636;2.524380998;1.519622057;0.133069534;0.074244549;11.19005436;21575;1571;47.23140392;2271.81106;2222.909693;164.6864989;317;145;41.57265327;230.6896552;214.2901532;80.45556445;537;155;31.43735833;323.8888889;411.8754753;21.59258705
256;255;-11.1031811;-38.29536602;793822.7816;-3289.638259;-3901;126;0.106332952;0.082605146;-2225389;-672.5261408;0;-16796;-1.825255379;0;0.090310892;0.083991986;0.055099363;0.029831433;0.055431693;0.050969157;11367778;18.56961209;17;0;0;0;0;0;28.10330772;30.7521434;0.040070329;0.003008504;23.67214057;25.69883011;202.9196949;202.7338282;240.0985131;236.3895827;48.73544743;49.07581789;0.103050556;0.013548173;1.306101259;1.200094705;35.01165533;34.83180416;36.88282411;36.92711663;1.4682906;1.390015857;27.24774662;27.24835981;3.769857846;1.690935484;29.13421857;29.15742959;29.71859941;25.37353305;25.35794886;24.21098701;3.760685517;3.779811469;1.698598734;1.015101689;0.733061395;6.596142217;3408;1090;47.22664962;1756.229167;2020.315423;119.922189;214;147;44.61563522;432.4761905;421.6006438;103.1441441;321;211;45.49441788;486.65;589.0238512;134.6941176
105;103;-11.10380599;87.16586552;793825.1995;-4553.480017;-4879;-1161;0.092189646;0.091592611;-3544402;-374.7517446;0;0;0;0;0.155827598;0.159147206;0.01541407;0.01231961;0.057004988;0.057295557;0;NA;NA;0;0;0;0;0;29.23379025;28.71674001;0.004749119;0.002576861;34.23116711;34.33221417;203.8041298;203.6632283;185.9317269;184.4834074;44.97737795;45.00969437;0.013548172;0.013548172;1.158376474;1.165953452;34.72064739;34.72062661;34.3104494;34.29181969;2.286465678;2.291021958;27.66142963;27.71833097;1.02348116;0.934746927;29.60075045;29.66378679;30.52617298;25.69232103;25.72789435;23.61502378;3.908429412;3.883957449;2.555097916;0.120907819;0.071603367;0.917891143;841;96;35.65604935;96;96;43.59204931;21;12;NA;NA;NA;NA;31;16;NA;NA;NA;NA
119;117;11.78143399;108.7318553;793838.39;-1359.781945;-1058;414;0.200416089;0.110146569;-5376036;-912.2749024;-315;-262337;-16.01764562;0;0.085845559;0.074359379;0.018268627;0.004287828;0.076099679;0.066494881;7222608;19.45284523;18;0;0;0;0;0;18.69816962;18.66971202;0.23462149;0.052354402;24.43687686;35.51331079;205.028976;204.7005208;130.4806277;107.1548586;43.92325897;43.82890895;0.467606199;0.013548172;1.6359647;1.339358823;34.25201129;34.58893129;32.75321169;32.80723404;7.130899781;6.625706559;27.92932827;27.97024912;10.4486817;3.441047413;30.23566908;30.21432738;31.28726451;24.99565971;25.17839367;21.09356963;5.240009368;5.021561345;5.169865168;2.49697055;0.364128955;10.38867915;1973;793;49.51403549;1735.130435;1643.747911;203.8398178;95;48;32.4445795;71.21428571;83.80337583;30.38720539;71;42;33.94856017;54.15789474;80.50412328;24.83251232
544;544;-11.78143399;-71.26814474;793839.5806;-68.46153846;-28;33;3.436691411;3.426402292;-636;-48.92307692;0;-1044;-28.21621622;-21;0.25387227;0.253745539;0.079754252;0.094747488;0.208022738;0.212857334;7777356;8.205260326;6;0;0;0;0;0;10.45775569;10.5482527;4.813061479;4.792994181;17.41046882;16.6559959;214.2453043;214.7707185;13.53730885;5.386546246;43.9033624;43.99260299;0.289685768;0.121792471;14.42169155;14.3930255;34.87344177;34.89422865;34.78416387;34.78477989;5.580964154;5.54034171;18.02334804;17.97433909;12.88788846;12.99240827;22.35577095;22.24709571;23.1587665;13.85394867;13.82826563;13.58001457;8.501822285;8.465324599;0.782770682;4.176444172;4.2487458;2.202856252;18;4;NA;NA;NA;NA;NA;NA;NA;NA;NA;NA;NA;NA;NA;NA;NA;NA
569;569;-11.71957772;-93.1329586;793865.8646;-3915.234296;-3925;-630;0.179030846;0.178901742;-1455249;-153.3778457;0;0;0;0;0.116996681;0.118554117;0.009892169;0.008377745;0.065114719;0.064998997;0;NA;NA;0;0;0;0;0;35.63327862;35.15508182;3.32535311;3.38785539;37.87692174;38.00996721;219.9879811;219.7393009;139.8236443;138.1079037;46.12627768;46.13282934;0.013548172;0.013548172;1.496341489;1.511501506;34.68353821;34.68291653;35.51777125;35.52499385;1.003386442;0.932386496;23.17521294;23.18071051;1.447615246;1.450355093;26.40026458;26.52759201;27.9003356;20.00999475;20.05654668;18.47751591;6.390269835;6.373139797;3.816162714;0.054460651;0.051707638;0.623918725;483;86;25.86414073;97.45454545;119.2363048;6.894901729;173;81;39.71606424;100.3333333;97.3125;66.06843267;35;27;NA;NA;NA;NA
130;128;11.71957772;86.8670414;793866.5721;-3285.847492;-3299;-1054;0.112944606;0.112229026;-21680455;-2285.039524;-3030;0;0;0;0.042928743;0.03733227;0.007140334;0.005868802;0.070109463;0.069914343;0;NA;NA;0;0;0;0;0;20.7883793;21.16424822;0.095181449;0.055133381;37.18392602;37.16590683;202.2439946;202.1993704;135.7686064;137.406297;44.91456351;44.78186891;0.013548172;0.013548172;1.320327411;1.317648002;34.75281145;34.75398209;33.19753665;33.20527679;3.280273102;3.162346615;28.65518875;28.67280716;1.467303731;1.395338412;30.47850807;30.46964789;30.88850534;26.74587124;26.71987843;24.94950452;3.732636836;3.714714488;3.497533325;0.289734451;0.281855457;0.956416895;6718;118;37.01977843;157;125.419937;58.7842938;18;14;NA;NA;NA;NA;553;108;28.36150152;189.0526316;221.0726467;26.2790238
346;345;-12.33455025;135.2241044;793912.3475;-46.46346749;-37;73;0.201215161;0.200223115;-69883;-10.81780186;0;-649891;-36.18345304;-35;0.054962772;0.05188068;0.019431422;0.015021328;0.092422129;0.088811774;1213316;3.751634149;4;0;0;0;0;0;23.58216986;25.72195664;0.021542476;0.002591969;2.791080639;0.068327423;202.1019412;201.9301553;179.9852262;199.5192016;46.330167;46.41486452;1.430443192;1.612512203;1.630035655;1.518347681;34.49646878;34.5353025;34.27323475;34.37778891;5.586467397;5.099983285;28.26247888;28.25081532;26.1636302;27.35945227;31.19032751;30.98079826;33.08230988;24.5073772;25.07770783;19.30113549;6.682950313;5.826938393;8.330247145;6.802415913;6.140889992;12.80524877;229652;3649;44.57692301;4965.331522;5068.22729;119.1642863;293;96;34.62079969;175.6153846;155.6319601;42.98898348;6;5;NA;NA;NA;NA
253;252;12.33455025;-44.77589565;793914.4571;-4259.92082;-4388.5;-902;0.076367186;0.075984651;-3945472;-414.8761304;0;0;0;0;0.10153224;0.105619988;0.017902856;0.011034831;0.060211752;0.060539921;0;NA;NA;0;0;0;0;0;28.96828999;29.02968298;0.008917329;0.001005859;22.50015695;22.40682308;205.2519426;205.297229;254.8468221;254.302059;47.32850399;47.44440899;0.013548173;0.013548172;1.200606824;1.197636625;34.88810571;34.8875028;35.88579205;35.94078507;3.309248915;3.197321964;26.90328663;26.87255013;1.893296273;1.888755036;29.01351737;29.03938494;29.97570487;24.83820272;24.84784001;23.60292614;4.175314643;4.19067595;1.069494964;0.307655752;0.327075384;0.802212692;1537;51;9.742885976;78;111.5087324;5.258484716;1051;53;15.85140008;56.27272727;58.47615913;7.652612181;582;216;40.64425018;443.9411765;463.2874114;86.67451382
334;333;-12.48226926;166.0920549;793928.4869;-3293.441789;-3398;624;0.091896894;0.087125845;-12323419;-1303.100243;-791;-8605;-0.32770965;0;0.08010843;0.077542777;0.011799809;0.006904169;0.053769511;0.053578367;219561;15.89524361;14;0;0;0;0;0;27.27526225;27.24494656;0.009725626;0.001294429;36.11666423;36.52173762;199.7935523;199.4033107;153.8190216;152.6715094;42.77185903;42.67641357;0.015211156;0.013548172;1.147210634;1.150740151;34.66596066;34.67995665;34.52270232;34.50298003;1.420909546;1.425788194;28.73667134;28.80775889;1.83760815;1.486652602;30.23323886;30.28037819;30.78053899;26.98473216;27.04319006;24.42792566;3.248506696;3.239690831;3.798241242;0.201389239;0.11498134;5.185961166;14491;2744;51.26162593;4272.444186;4141.762588;432.8127926;4049;872;43.64194648;1237.319767;1276.924331;140.6339352;4106;724;37.79234554;1009.101351;1050.792519;37.97569986
220;219;12.48226926;-13.90794511;793930.0919;-974.7870102;-49;402;0.411894099;0.27037642;-1123270;-407.5725689;0;-127313;-16.66618667;-3;0.047229554;0.037548046;0.018550384;0.013762748;0.140618629;0.133938996;12214982;17.7575606;18;0;0;0;0;0;11.50660691;11.57850194;1.154353135;0.394088165;17.00377187;21.54197829;209.5561923;208.9751846;160.6746257;189.2451855;45.82420424;45.99766915;1.664272411;0.628650052;2.580437438;1.955185851;34.91642383;34.93730611;34.26955208;34.5648016;4.830918929;2.544585663;26.980114;27.44156685;15.03673169;16.72015368;29.66801948;29.56543982;30.77288379;22.43635978;23.37216127;16.34512447;7.231659696;6.329175643;10.43164189;5.808463918;4.590100613;14.12068241;8757;705;30.09016344;1012.3125;1076.12665;20.62592078;500;177;39.01865211;275.7837838;299.3794466;59.49547834;518;255;44.54254495;405.047619;437.6287177;137.4610656
195;193;13.21638178;15.37799649;793993.2196;NA;NA;NA;NA;NA;0;NA;NA;0;NA;NA;NA;NA;NA;NA;NA;NA;11066573;11.88345348;12;0;NA;NA;NA;NA;NA;NA;NA;NA;NA;NA;;;NA;NA;NA;NA;NA;NA;NA;NA;NA;NA;NA;NA;NA;NA;NA;NA;NA;NA;NA;NA;NA;NA;NA;NA;NA;NA;NA;NA;NA;NA;NA;NA;NA;NA;NA;NA;NA;NA;NA;NA;NA;NA;NA;NA;NA;NA;NA;NA
223;222;-13.36282096;-5.698156602;793993.3973;-4301.263461;-4292;40;0.088750673;0.07341446;-1727154;-180.929604;0;-1173;-0.044235773;0;0.091767253;0.093231098;0.007601015;0.005506442;0.056455521;0.05626026;0;NA;NA;0;0;0;0;0;38.51742036;38.69468532;0.015326183;0.001311577;23.97841929;23.78799361;215.5357461;215.2642745;238.7094237;238.9832918;45.16030835;45.2955297;0.013900562;0.013548172;1.136969553;1.131603546;34.89474156;34.89444411;36.50824086;36.52797553;1.312991619;1.31728877;23.44906475;23.35645071;2.057060599;2.038195985;26.58495358;26.5496986;28.33798363;20.78182284;20.60138459;19.1864553;5.803130746;5.732369962;2.618548463;0.130579673;0.115380132;5.644561677;190;121;45.48002888;214.3636364;259.3352135;73.07692308;44;36;NA;NA;NA;NA;133;92;43.19415217;177.9545455;179.327298;73.39834025
640;641;-13.21638178;-164.6220035;793994.5777;-4564.095348;-5038;19;0.067677664;0.059157145;-5372394;-562.908005;0;-116;-0.004376368;0;0.062563456;0.062901196;0.009537901;0.006033595;0.043603176;0.041870675;1134;2.922680412;0;0;0;0;0;0;33.58566462;33.68282201;0.058523283;0.000837323;34.12602065;33.16187208;198.8644187;198.4269918;194.1452096;208.4355328;45.07605027;45.07521583;0.013584285;0.013548172;1.007722834;0.984588972;34.69778928;34.70870209;35.38886784;35.40680573;1.352629585;1.332114064;28.74555208;28.87958149;0.911899662;0.648830924;30.08102681;30.17708141;30.51626043;27.19984476;27.36006676;24.68246922;2.881182051;2.828643805;2.408092565;0.078422476;0.065386366;2.944850189;62702;967;45.62342593;1090.041237;1088.297852;138.6277062;211;25;14.28975351;52.5;43.92824074;7.560027169;929;143;29.75630622;256.9;251.896568;31.68634578
359;357;13.36282096;174.3018434;793997.973;-5115.503195;-5368;12;0.071222357;0.067219815;-644876;-67.54750183;0;-18;-0.000678707;0;0.180561792;0.191499442;0.015733919;0.012733431;0.041674905;0.041334598;60;12;14;0;0;0;0;0;35.97396272;35.71168661;0.016363719;0.003073938;34.92184114;34.63782642;202.3308467;202.4163745;182.9633373;187.5995795;47.88357698;48.08627416;0.01357891;0.013548172;1.020516997;1.007823755;34.69754506;34.70045159;34.58767325;34.59153049;1.707193692;1.711821518;27.8612932;27.80810154;0.929644509;0.880284283;29.2713962;29.24313251;29.84035904;26.3878883;26.25529516;25.66753771;2.883507897;2.872047757;1.495609041;0.087107643;0.079460241;3.004450942;194;93;41.28884986;126;143.2158622;60.70322581;NA;NA;NA;NA;NA;NA;13;12;NA;NA;NA;NA
566;566;13.62873069;-101.8064794;794006.7662;-3336.943282;-3372;331;0.179533347;0.177706153;-19426885;-2094.768708;-3073;-4784;-0.18582249;0;0.092857284;0.079449842;0.012782066;0.011276372;0.073043428;0.071179208;655583;21.15056782;18;0;0;0;0;0;16.27831004;16.26471616;0.706860614;0.534600599;39.35369053;39.69592354;205.9429247;206.1212722;114.4806974;114.945812;46.0717495;46.01114064;0.017117122;0.013548172;1.592653276;1.572293305;34.67021001;34.67083461;33.73268924;33.68787853;1.367270373;1.257435148;28.77852388;28.77148406;1.689051463;1.571907819;30.48936415;30.42103779;31.91198809;26.64519403;26.86593408;24.4429235;3.844170116;3.564505518;4.51704778;0.102148367;0.036946237;13.84294253;8953;1132;43.41316876;1986.083333;2162.227278;56.35235456;1326;118;34.29783172;266.2;188.8511908;48.83828676;2181;536;45.23908998;830.9041096;742.8352444;200.4112492
106;104;-13.62873069;78.19352055;794009.0128;-5083.062971;-5090;-3440;0.091941589;0.091962187;-3440;-0.359832636;0;0;0;0;0.170588703;0.174839171;0.013267061;0.011599589;0.055372158;0.055506104;0;NA;NA;0;0;0;0;0;33.54749466;34.36416855;0.019704764;0.015700862;34.64042329;34.69058196;205.3314695;204.8951332;184.0708551;183.1785122;45.31442814;45.25061083;0.013548172;0.013548172;1.133537569;1.126671499;34.72178822;34.7214286;34.46554723;34.44243668;2.14507698;2.150457929;27.00465548;27.07447965;0.907966549;0.912082446;29.27516128;29.27119147;29.9092455;24.23434854;24.23909867;22.28370367;5.040812748;5.090213459;2.369134142;0.064778092;0.059578166;0.167487825;1398;70;35.40034612;98;106.7235996;53.5629248;94;9;8.641348867;9;9;5.828496042;199;82;34.7436304;145.0666667;144.8678486;39.17012859
248;247;-13.57060812;-29.21989619;794010.4956;-5139.985551;-5210;-1334;0.071855571;0.071570468;-239819;-25.10930793;0;0;0;0;0.091484263;0.092834552;0.012058973;0.009374481;0.043106748;0.042408717;0;NA;NA;0;0;0;0;0;38.89004986;37.81761515;0.000744811;0.000706435;31.20455618;31.61070458;205.1626556;205.0504464;230.3051492;229.9248378;49.92868132;50.04924715;0.013548174;0.013548172;1.144215475;1.148923105;34.73587493;34.72810083;36.87310958;36.88125357;1.338945598;1.328526027;26.43486753;26.45273807;0.459684952;0.359128206;28.49532653;28.51302411;29.20910018;24.54399445;24.55682406;22.5966385;3.951332075;3.924908061;2.494141259;0.351465327;0.298883907;1.11349237;6049;220;37.72697812;515;284.0823346;59.52146019;1050;140;35.92033031;162.5;172.9627378;56.85920578;411;72;30.6238267;450;97.04354594;36.1947718
118;116;13.66222297;116.9559163;794012.9678;-2735.84375;-3345;638;0.097500307;0.091062532;-6954425;-759.880354;0;-83835;-3.29074423;0;0.041810757;0.036472831;0.00516867;0.002224547;0.065381119;0.062662941;1182090;22.45825021;21;0;0;0;0;0;19.10785089;19.1546778;0.020023187;0.010463765;32.86137851;36.39978229;202.8738872;202.6037933;110.9851092;107.2519272;44.21162166;44.20076938;0.100256022;0.013548172;1.304788338;1.273705567;34.56536246;34.63187741;33.15809885;33.13740976;5.331837817;5.284598809;28.33766539;28.49613618;4.631462219;1.821068669;30.39937325;30.38987176;32.25674068;25.7135875;26.15727042;22.46759502;4.685785753;4.385861272;4.471335255;0.730041027;0.066897103;10.67686716;23017;5356;52.26282439;7880.069614;8202.909177;696.9709941;4735;1468;47.66665974;2287.653571;2338.371674;430.2893196;2675;971;46.12931362;1659.469388;1804.625742;232.3028601
536;536;-13.66222297;-63.04408368;794016.166;NA;NA;NA;NA;NA;0;NA;NA;0;NA;NA;NA;NA;NA;NA;NA;NA;7916517;8.281109404;8;0;NA;NA;NA;NA;NA;NA;NA;NA;NA;NA;;;NA;NA;NA;NA;NA;NA;NA;NA;NA;NA;NA;NA;NA;NA;NA;NA;NA;NA;NA;NA;NA;NA;NA;NA;NA;NA;NA;NA;NA;NA;NA;NA;NA;NA;NA;NA;NA;NA;NA;NA;NA;NA;NA;NA;NA;NA;NA;NA
370;368;13.57060812;150.7801038;794017.5099;-5481.847869;-5782;-49;0.083341669;0.083628902;-1279083;-133.9213695;0;-336;-0.012662044;0;0.17352984;0.178929404;0.015344874;0.011476685;0.041757585;0.041434682;0;NA;NA;0;0;0;0;0;32.15692375;31.67627251;0.001041475;0.001044115;35.53793786;35.38475323;200.3365452;200.3681661;170.5780613;173.1073528;46.37583393;46.51287707;0.013603045;0.013548172;1.177140592;1.187433995;34.69133857;34.69399613;34.37857486;34.37675331;1.691639439;1.680409416;28.71771444;28.72863157;1.045350111;1.000333637;30.09575276;30.07709971;30.47056123;27.17661133;27.2521643;25.88518823;2.919141425;2.879288534;2.429205185;0.086643339;0.080478726;4.336406938;369;79;30.957683;102.8823529;111.8322866;30.14412221;148;77;38.86663464;116.0555556;110.9038961;56.45360825;50;36;36;90;132.9397875;24.03846154
541;541;13.94285524;-78.18779431;794041.2791;-2331.659972;-2466;447;0.124345075;0.087580185;-11859415;-1273.699388;-1105;-74092;-2.865673951;0;0.213685004;0.210991701;0.033497627;0.016291189;0.063073566;0.060179942;863927;26.86173124;26;0;0;0;0;0;24.80491812;26.44798842;0.049647593;0.007447465;20.22819533;22.09873123;201.810047;201.5532037;214.4686889;217.8537164;46.03585826;46.42715786;0.102313732;0.013548205;1.345618494;1.204934968;35.10762757;34.97718756;35.64936975;35.69865757;4.946646132;4.753845158;28.05720828;28.05350099;6.595630227;3.858245262;29.72033207;29.69560098;30.46864555;26.13830158;26.18840837;23.8407637;3.582030494;3.546159878;3.064340736;0.748077157;0.124558162;7.242314081;164017;4083;36.50136833;5562.36375;5880.353167;47.221048;4506;920;46.53569626;1361.257143;1302.805735;299.4342261;5011;1003;45.7994733;1512.666667;1537.035714;228.2593017
95;93;-13.94285524;101.8122057;794046.7513;-5325.296366;-5517;3;0.09374059;0.094191444;-796055;-83.13022139;0;-270;-0.010155339;0;0.104183484;0.088672985;0.016353767;0.014225391;0.059092571;0.059534852;1238;18.47761194;18;0;0;0;0;0;32.45081537;33.20047895;0.002171173;0.001428175;33.40665602;33.27333764;206.0044224;205.0458081;201.7252781;204.2929059;46.89048558;46.84225631;0.013548951;0.013548172;1.175231493;1.179039201;34.71452802;34.71404234;34.30369862;34.28243519;2.868508398;2.867046179;27.01545565;27.2172957;0.754606338;0.728177885;29.07442299;29.12230418;30.13942622;25.04590287;25.48026304;22.69952469;4.028520117;4.048906611;2.236144848;0.087044941;0.075972613;2.431198684;5760;275;35.48046141;377.7;361.1743095;38.08019687;133;9;8.561252122;9;9;5.775057134;161;63;34.80082149;76.58823529;77.51765437;44.9237435
84;82;-14.05153855;126.1864344;794054.0037;-324.4808985;-79;611;0.120514961;0.110626222;-1743319;-285.8368585;0;-680075;-40.09403372;-35;0.064777511;0.029490467;0.012544731;0.009952064;0.086235072;0.082072428;1020466;2.848816466;0;0;0;0;0;0;23.55619753;24.13408382;0.028942829;0.003488175;10.96433508;1.988228649;201.5440885;201.5472478;166.5355967;181.8114886;48.9247835;48.95855946;1.065324362;1.249936059;1.398565997;1.316075203;34.57375101;34.59602532;34.41197627;34.426038;4.880394498;4.29953854;28.78680902;28.78265709;20.50125309;25.57275708;31.49597829;31.4773769;33.19604462;25.19337155;25.55891544;21.35200689;6.302606737;5.904254296;7.137686897;4.46049729;4.64792604;12.10927982;73978;5626;44.76936841;7224.467507;7496.995118;72.91183419;4722;1100;43.51120135;1535.244;1657.665586;137.809392;2403;269;35.31987818;379.5348837;385.5089963;51.9931299
516;516;14.05153855;-53.81356556;794055.6978;-4799.824937;-4940;-1037;0.083351762;0.082684329;-1285561;-134.3604724;0;0;0;0;0.108515956;0.103818786;0.025211441;0.020896039;0.064282554;0.061939138;0;NA;NA;0;0;0;0;0;24.10743973;24.69774006;0.050040558;0.017401354;22.57443169;23.02506282;204.5252591;204.4707351;257.5478656;255.9604332;48.08731213;48.11690602;0.0135509;0.013548172;1.283522896;1.287071554;34.86611943;34.85648483;35.29066729;35.39199653;5.250833779;5.108857088;27.36551692;27.36795383;1.66057577;1.524865955;29.39926577;29.44386797;30.05028601;25.45330328;25.4359553;24.38091921;3.945962491;3.903596197;1.387162834;0.391139256;0.375786162;1.155442113;2381;145;11.87923403;267.375;303.2020529;6.651454444;1907;125;15.65594048;255.0588235;271.4489015;7.853159598;590;201;35.22376019;561.25;541.3383715;42.4305217
186;184;14.14674484;23.3850566;794066.6191;NA;NA;NA;NA;NA;0;NA;NA;0;NA;NA;NA;NA;NA;NA;NA;NA;9301479;9.70806236;9;0;NA;NA;NA;NA;NA;NA;NA;NA;NA;NA;;;NA;NA;NA;NA;NA;NA;NA;NA;NA;NA;NA;NA;NA;NA;NA;NA;NA;NA;NA;NA;NA;NA;NA;NA;NA;NA;NA;NA;NA;NA;NA;NA;NA;NA;NA;NA;NA;NA;NA;NA;NA;NA;NA;NA;NA;NA;NA;NA
631;632;-14.14674484;-156.6149434;794067.3669;-4947.329438;-5063;1;0.071858594;0.066415536;-428453;-44.70969425;0;-120;-0.004508566;0;0.065874544;0.069192479;0.009704362;0.006475136;0.044868671;0.044159018;520;3.513513514;4;0;0;0;0;0;34.25662478;34.10292879;0.051763319;0.000837143;33.59011743;33.40485635;199.51563;199.0209906;201.5149108;204.5074711;45.52666747;45.54313932;0.013614055;0.013548172;1.043380089;1.024013225;34.70258383;34.7041034;35.62851779;35.61742028;1.275802633;1.246801634;28.45629811;28.56624282;0.882910277;0.830240116;29.87703709;29.90915849;30.26826531;26.86981042;27.02086896;24.62266386;3.007226664;2.9043555;2.410046467;0.069006625;0.062550512;3.033787657;83;61;44.7487511;93.2173913;115.0681818;54.24409449;1;1;NA;NA;NA;NA;3;2;NA;NA;NA;NA
107;105;-14.61930712;68.84775452;794102.819;-3736.265771;-3652.5;-1330;0.092219462;0.089037875;-12107888;-1260.450552;0;0;0;0;0.184594583;0.185921032;0.00993112;0.007751602;0.054470294;0.054429756;0;NA;NA;0;0;0;0;0;34.77461598;36.0087024;0.028864429;0.017640488;34.2318766;34.22176557;206.0940522;205.8156426;182.9570678;184.1636282;46.43887112;46.4623964;0.013548172;0.013548172;1.122753473;1.107721356;34.72413822;34.72396316;34.62473708;34.60907683;1.984368167;2.009004564;26.7314895;26.77461753;1.21327937;1.183044921;29.53020606;29.61861884;29.96106734;23.94939135;24.10286633;22.27789105;5.580814712;5.487345772;2.192536703;0.148651344;0.128316115;1.008530052;1952;88;35.01866896;91.75;95.66270386;51.11346015;103;69;40.12940831;149.5714286;156.5219446;50.76076555;174;101;40.52713581;191.4347826;220.8604246;64.69230769
574;574;14.61930712;-111.1522455;794104.1607;-3689.305049;-3735;53;0.123933359;0.116399164;-7575817;-788.7368037;0;-642;-0.02408102;0;0.036833709;0.031680859;0.008875369;0.006956387;0.062643834;0.062840483;0;NA;NA;0;0;0;0;0;19.94400466;20.14132879;0.219623515;0.10811388;39.03851325;39.18138652;206.9773209;206.4032854;129.3379871;126.8397075;45.30095555;45.30454611;0.013623999;0.013548172;1.381643937;1.378336955;34.68202742;34.68141252;33.8678319;33.8169324;1.477701544;1.396865964;27.43430231;27.60703191;1.307912983;1.307064625;29.49710843;29.46492478;30.22556082;25.27111539;25.508298;21.94969996;4.225993039;4.003346833;5.298568651;0.066719247;0.062275804;6.741585263;1945;266;31.11262792;572;501.7312969;12.86275063;28;21;NA;NA;NA;NA;64;34;30.2033848;39.35294118;45.71591111;24.38095238
586;587;-14.52391116;-115.0746958;794105.548;-3319.238725;-3308;-695;0.119191341;0.135540749;-23342868;-2431.29549;-3148;0;0;0;0.104422841;0.105677919;0.007647773;0.006320682;0.056528341;0.057600273;0;NA;NA;0;0;0;0;0;37.45650936;36.26952258;0.865902543;0.588898326;36.82447952;36.75629554;210.7920204;210.7285776;154.106253;154.1817384;49.10753646;49.20859011;0.013548172;0.013548172;1.303095382;1.448968947;34.68057575;34.67945591;36.00596951;36.01037196;1.038867971;0.992224995;25.38334732;25.39807866;1.434264006;1.453939864;26.93631537;26.9863272;27.56218817;23.72834562;23.76130195;22.77262684;3.207969748;3.206914653;1.412103587;0.116808032;0.117099632;0.391576434;312;39;19.51515758;50;46.40155542;4.186118517;3;3;NA;NA;NA;NA;131;79;36.67348765;289.1111111;382.6762865;36.59061834
141;139;14.52391116;64.92530423;794106.5032;-3952.561504;-4010;-2558;0.11394145;0.105399096;-3565363;-371.3532965;0;0;0;0;0.045430692;0.046177797;0.00603839;0.00504782;0.086017457;0.086527166;0;NA;NA;0;0;0;0;0;28.0040203;28.08876088;0.022213434;0.005378374;36.83310436;36.68688906;202.2404659;201.8828506;143.9587204;147.8722271;47.89285543;47.9203622;0.013548172;0.013548172;1.343351268;1.330511649;34.75697184;34.75603565;36.30772487;36.32452779;1.166768027;1.218003439;27.80070108;27.78316119;1.427557851;1.391969029;30.70005445;30.78675592;31.2318812;25.56106969;25.41945994;24.11828646;5.138984761;5.296143364;2.840515502;0.175842913;0.173112123;0.558273178;19321;251;31.02062257;363.8;294.117305;29.26953014;1296;144;29.23662595;208.6875;195.0784061;11.86638784;1216;247;28.80690474;360.2941176;367.3086568;6.660912654
177;175;14.82448371;31.65675823;794123.7517;NA;NA;NA;NA;NA;0;NA;NA;0;NA;NA;NA;NA;NA;NA;NA;NA;12433026;12.93747093;14;0;NA;NA;NA;NA;NA;NA;NA;NA;NA;NA;;;NA;NA;NA;NA;NA;NA;NA;NA;NA;NA;NA;NA;NA;NA;NA;NA;NA;NA;NA;NA;NA;NA;NA;NA;NA;NA;NA;NA;NA;NA;NA;NA;NA;NA;NA;NA;NA;NA;NA;NA;NA;NA;NA;NA;NA;NA;NA;NA
622;623;-14.82448371;-148.3432418;794124.0674;-3837.124675;-4262;383;0.101220519;0.096227837;-5378797;-560.2329966;0;-13078;-0.490253411;0;0.072360441;0.072054951;0.010678867;0.007749931;0.049541284;0.048123969;36562;15.0771134;14;0;0;0;0;0;33.74043576;33.41526935;0.080196805;0.002874314;34.33194897;34.54517912;200.4288482;200.2864628;183.7090873;187.2415225;46.35599841;46.33632641;0.020517186;0.013548172;1.195843702;1.20447586;34.69747032;34.69420785;35.87404321;35.8816497;1.17347859;1.131798584;28.15684621;28.26523538;1.592069283;1.097952994;29.61175179;29.66513998;29.97716797;26.41484641;26.56401645;24.32453064;3.196905383;3.108559235;1.985153141;0.166170003;0.097481098;3.652082988;57280;1437;46.59208499;1975.831579;1993.761377;164.9172528;623;198;30.04318234;282.7258065;336.0372941;11.59528575;963;170;23.78966287;251.025641;282.3584405;6.933029807
129;127;15.01166924;94.4628759;794143.1973;-1369.697107;-1456;255;0.169868964;0.101776592;-10436611;-1353.821637;-1454;-293484;-13.68670429;0;0.036481564;0.031678139;0.012677731;0.00777976;0.086794074;0.07332273;3656372;18.19362094;18;0;0;0;0;0;16.25907123;16.54274917;2.654789212;1.401425271;28.15623319;37.29082321;205.8146322;205.3594005;104.1684851;104.7213826;42.86072726;42.90908107;0.519661485;0.013548172;1.542425142;1.276534333;34.09821097;34.77351797;30.84292568;31.33154253;13.65480523;7.818328597;28.45802476;28.53250628;10.61218267;4.712147153;30.40340849;30.37569957;32.07592801;26.23697151;26.42586123;23.67634645;4.166436975;3.969283814;4.02800563;2.502554809;1.01453946;11.05768803;10914;894;40.02097098;1755.021127;1930.472841;66.69723704;737;314;44.30858977;441.9764706;494.9258342;137.9652019;830;345;41.73556507;841.8867925;939.7177558;97.41233032
561;561;-15.01166924;-85.5371241;794145.6142;-4497.963398;-4488;-3459;0.177087216;0.175054982;-3459;-0.359675575;0;0;0;0;0.101762864;0.103113506;0.011145455;0.00973562;0.067726991;0.068183367;0;NA;NA;0;0;0;0;0;38.69836319;38.54019512;2.905141658;2.720319138;36.9155111;36.78347435;227.1694512;227.479573;148.8006388;150.6903712;42.8023724;42.86175126;0.013548172;0.013548172;1.429383102;1.45220824;34.69027303;34.6905556;35.47138759;35.46486375;1.006037414;0.989848105;21.38506369;21.25058011;1.410940055;1.400398042;25.3719182;25.33352344;27.35003301;17.70183936;17.7296091;16.13793374;7.670078834;7.693736822;5.071522789;0.061909476;0.066096952;0.059948397;785;65;21.60214649;88.1;95.16064027;5.543735437;11;10;NA;NA;NA;NA;137;105;44.83600674;331.8666667;320.7527838;83.41777778
595;596;-15.04472585;-123.1601957;794147.4517;-3706.891223;-3716;-588;0.105713422;0.115252465;-4017323;-417.7748544;0;0;0;0;0.093226051;0.09481566;0.007969042;0.00663889;0.054628628;0.055995119;0;NA;NA;0;0;0;0;0;36.61637374;35.58652904;0.517407928;0.16474756;36.14067683;36.11871207;207.0983344;207.0994329;165.8215289;165.6548936;48.97754256;49.03488521;0.013548172;0.013548172;1.23524686;1.316115553;34.68366905;34.68287281;36.12248329;36.13517985;1.090218362;1.045204671;26.29700393;26.31367006;1.271018853;1.267513938;27.74984042;27.76782308;28.33988654;24.54431508;24.5802921;23.35805382;3.205525339;3.220577856;1.868528599;0.074299892;0.071047481;0.623893944;174;35;20.46144245;61;42.68888889;4.196839479;5;5;NA;NA;NA;NA;51;43;42.29411765;133;150.1168;37.69565217
150;148;15.04472585;56.83980426;794147.9276;-3187.202775;-3451;963;0.340235321;0.262878984;-10518340;-1247.283292;0;-49315;-2.103164449;0;0.099640751;0.093513411;0.01853703;0.012085291;0.100862349;0.09532401;765629;6.239743443;4;0;0;0;0;0;24.03672543;24.3990797;0.31084825;0.177100696;34.82365421;36.02019621;205.844316;205.7872948;142.7064147;154.617478;49.58233436;49.55543043;0.06284761;0.013548172;1.999658842;1.718841384;34.84024357;34.75636415;36.0193039;36.02220501;1.09872741;1.007521485;26.80950134;26.87591051;2.742377318;1.520572713;30.35037664;30.4377661;31.20812528;23.65492104;23.81269942;18.21529336;6.695455596;6.610816955;4.48028143;0.761682381;0.288155824;11.41071772;30848;541;33.72872734;753.3333333;832.9726458;34.40084893;1732;251;33.0400666;367.2777778;349.7327863;28.9496825;1343;225;30.86501594;349.5581395;391.397573;14.03541441
136;134;-15.19319353;59.63406017;794153.0115;-3352.968617;-3777;-3;0.101803655;0.098886265;-7235958;-751.9440923;0;-64048;-2.395481916;0;0.19148392;0.178775072;0.01687229;0.009286197;0.055676777;0.05530493;0;NA;NA;0;0;0;0;0;32.09019863;32.72546607;0.02815789;0.007490406;32.10781873;34.03868244;206.2748466;206.2202248;182.6211432;184.3564926;47.04508046;47.04474361;0.041353527;0.013548172;1.176763322;1.178867268;34.75733503;34.72495978;34.78084362;34.77892536;1.874584645;1.894769554;26.58685731;26.59472946;2.735465168;1.340007517;29.53104088;29.57359167;30.0587935;23.96369372;24.0432573;22.51958953;5.567347167;5.522467102;1.391252232;0.541371974;0.187155554;9.432850502;2676;502;46.3814471;778.1234568;812.8049896;141.080736;155;126;46.29312197;523.5;511.1695884;102.2340426;74;63;44.50859793;275.1428571;323.0525557;52.65384615
627;628;15.22865336;-139.0756502;794155.2898;-5092.52486;-5022;-2370;0.14419681;0.151323538;-5404;-0.562096942;0;0;0;0;0.154253539;0.165638633;0.022773742;0.021078606;0.05265288;0.052264735;0;NA;NA;0;0;0;0;0;31.6356015;32.57378736;0.486917558;0.394478494;36.00841011;36.03990432;212.1605278;212.1047974;168.344069;167.7890395;44.4570694;44.56564879;0.013548172;0.013548172;1.347978518;1.368187384;34.6988469;34.69878192;34.31872507;34.32277791;1.697530563;1.663122928;25.29805442;25.34464875;0.995645167;0.995078843;27.84546233;27.96091224;29.06038179;22.95668868;22.9016229;21.08068688;4.888773651;4.816284268;2.16504588;0.035990369;0.033620047;0.116935878;33;9;NA;NA;NA;NA;NA;NA;NA;NA;NA;NA;30;27;NA;NA;NA;NA
609;610;15.19319353;-120.3659398;794155.5649;-4149.744051;-4164;7;0.130937569;0.140927541;-612295;-63.6282864;0;0;0;0;0.082475558;0.080736216;0.011065752;0.009278816;0.0582199;0.058119171;0;NA;NA;0;0;0;0;0;24.0594169;23.55466474;0.33641811;0.241076616;37.93577785;37.84760209;210.496333;209.5994411;146.7989761;147.5815965;43.25683162;43.44923924;0.013548172;0.013548172;1.354203183;1.380209199;34.69150227;34.69240061;34.05801556;34.06276918;1.656287798;1.589832243;26.00636635;26.20701236;1.146232446;1.142013801;28.49780764;28.57779237;29.3609871;23.36338551;23.58134729;19.7564961;5.134422122;5.071829533;4.641466406;0.059519805;0.057649677;0.812461492;1824;209;29.53044954;280.5;267.7319048;7.78123509;372;95;34.26654122;161.6;131.1453165;40.13457077;20441;706;28.67310116;929.0521739;931.6203726;24.77066533
154;152;-15.22865336;40.92434984;794155.6216;-2128.78134;-2377;207;0.120176007;0.108776017;-11097969;-1882.607125;-2203;-46526;-2.837470269;0;0.160066745;0.128765714;0.027270559;0.014948718;0.072228558;0.065173008;4615445;12.05883045;13;0;0;0;0;0;21.67033091;22.52263745;0.062161618;0.012574008;29.47520671;32.95287595;204.3322513;204.5076929;159.604313;159.3370658;48.03442343;48.05446029;0.152524121;0.013548172;1.396427122;1.33105457;34.77240315;34.75511215;34.87616233;34.96463455;2.182077663;1.909464317;27.71809899;27.74224223;5.164591703;2.179250019;30.17580174;30.12542839;32.29958224;24.94611959;25.09083758;22.62404032;5.229682151;4.98788967;3.859995619;1.052566865;0.443359184;8.251345286;9201;1587;42.34819965;2663.677778;2597.940505;74.60894866;653;348;46.75977564;596.1818182;610.353669;229.8700809;512;319;46.56442657;567.4117647;721.5356152;195.338301
168;166;15.20952824;40.0774395;794158.1784;-254.8225918;-47;99;0.181127218;0.181721192;-680352;-235.7422037;0;-157929;-19.66002739;-4;0.049312195;0.03872376;0.033334457;0.01133857;0.112928865;0.11159985;11003506;16.15366637;14;0;0;0;0;0;16.18439533;16.47216588;0.011980754;0.006884193;9.580627606;7.213510314;195.1260941;195.2369292;123.0766437;134.3424192;49.15455448;49.06839918;0.759871137;0.549825562;1.696408129;1.692108867;38.58320149;38.34421239;36.63750241;36.67414617;1.791865082;1.72766335;29.48591474;29.48494002;23.66565978;22.38589414;32.88860748;32.86058981;34.17502165;25.61117458;25.6327351;21.51060385;7.277432897;7.272239781;4.39238177;4.71756722;3.515862338;13.85111353;18026;853;34.57094547;1351.431507;1403.253917;39.09504595;210;132;44.69507074;173.8928571;196.5957447;106.0096154;62;32;28.54076532;42.90909091;50.09340234;21.59550562
613;614;-15.20952824;-139.9225605;794158.225;-3580.186675;-3908;51;0.091077023;0.080805368;-8466625;-880.0150712;0;-6301;-0.235489778;0;0.078655267;0.079582679;0.010054035;0.007768969;0.050975698;0.0498835;2798;6.461893764;10;0;0;0;0;0;34.25896971;33.08473829;0.146925609;0.01351312;35.14105566;35.42317476;201.7826979;201.6960686;174.3372828;172.444077;47.2580819;47.31696798;0.016821777;0.013548172;1.147530155;1.097054512;34.68644298;34.68912409;35.97945622;36.00526709;1.180579295;1.155681332;27.68041466;27.72967136;1.481725177;1.1849457;29.13657428;29.13739034;29.65841304;25.79044924;25.87828764;24.20269463;3.34612504;3.273752106;1.988779262;0.122941187;0.084964854;3.876269063;3844;755;50.28652535;905.9444444;917.2947142;325.2979923;44;31;NA;NA;NA;NA;434;106;32.85055629;140.1666667;154.3663304;38.51860941
335;334;-15.2668031;158.3025668;794165.3496;-3119.592293;-3087;61;0.095628634;0.083787918;-16394169;-1702.936429;-2224;-12081;-0.451676824;0;0.095363972;0.094865807;0.01119006;0.006838034;0.054753291;0.053842481;6261;7.552472859;9;0;0;0;0;0;29.71977871;30.39413967;0.002665151;0.000900371;35.9901247;36.29174767;203.0777242;202.3688769;161.1694686;158.8910489;44.12686863;44.15094689;0.019207404;0.013548172;1.188043288;1.176018652;34.68316104;34.68401012;34.7057442;34.66601254;1.424999528;1.424636101;27.64358048;27.76273021;1.98246646;1.643257421;30.07667621;30.14795986;30.69720989;25.14121075;25.15690933;22.41635997;4.935465462;4.991170438;3.692807327;0.193548999;0.112811047;6.661451297;4259;1242;45.6089927;2451.072464;2462.997795;75.98380131;2459;586;44.34588624;825.0517241;853.9069926;171.4932641;1518;478;45.0160895;656.2952381;694.1705917;178.2428837
228;227;15.2668031;-21.69743317;794165.7169;-3780.599042;-3780;593;0.230124339;0.214561096;-9967635;-1038.079046;0;-10510;-0.393898508;0;0.059646597;0.056264156;0.009167403;0.005952464;0.088978764;0.082237939;86151;17.17523923;17;0;0;0;0;0;19.85689914;19.96693381;1.042677418;0.545543629;23.42896309;23.2590854;214.9843212;214.9371273;234.3173378;241.0391352;47.32009543;47.27855192;0.015740657;0.013548172;1.538991945;1.477843253;34.92838948;34.91814248;35.9750426;35.98219468;0.969443838;0.888910956;24.90833166;24.99957597;2.442846543;2.249004803;28.53603522;28.62328672;30.04736562;20.86957998;20.94151587;16.57096686;7.666455239;7.236140039;7.697154221;0.25120374;0.203006899;10.32290365;2542;989;50.63419013;1524.704545;1649.32757;270.0503176;1409;612;43.94100517;1302.06;1280.636121;107.2718971;2778;965;47.96497407;1334.361233;1456.899603;475.4950092
604;605;-15.28182605;-131.4837305;794166.1003;-4089.535096;-4104;-2203;0.091575337;0.08244078;-849492;-88.07589425;0;0;0;0;0.083543071;0.082981859;0.009359599;0.007814584;0.052355909;0.05308657;0;NA;NA;0;0;0;0;0;35.86138309;34.40613479;0.274178231;0.039672937;35.75510673;35.73355693;203.9528534;203.9139176;170.0780868;170.1424346;48.23821821;48.37991826;0.013548172;0.013548172;1.149749773;1.093172788;34.68979182;34.6902071;36.11894077;36.17155602;1.147507259;1.114766812;27.06999386;27.08849224;1.183208587;1.177545283;28.53762961;28.54137523;29.09678258;25.23626588;25.26679493;23.95629196;3.301363735;3.287552886;1.861053584;0.04373701;0.03272363;0.15344372;32;8;NA;NA;NA;NA;1;1;NA;NA;NA;NA;NA;NA;NA;NA;NA;NA
159;157;15.28182605;48.51626948;794166.2717;-1593.631414;-1834;706;0.339018201;0.295221288;-4993155;-1562.31383;-1813;-24365;-2.745352113;0;0.108945314;0.098209599;0.029427373;0.015438175;0.103448314;0.100059958;4616563;7.086846262;5;0;0;0;0;0;17.90281054;17.3383932;0.197828052;0.088001908;35.51494021;38.22999373;202.802602;202.6371935;80.45367474;86.14850307;51.48150887;51.56636447;0.053517791;0.013548172;2.106451882;1.907547544;35.1699643;34.92882628;36.08412649;36.07207524;1.119726985;1.102905317;27.7162885;27.81627806;6.383395649;3.6983289;31.10345492;31.24848126;32.15814201;24.10764706;24.59933474;19.02785892;6.995807859;6.838324611;5.905456177;1.930600531;1.249421696;13.69063631;137200;605;30.57272833;996.8414634;1106.786492;27.83204536;3405;218;27.95873068;382.5384615;364.451117;26.1992326;480;202;41.36024877;391.7567568;438.2105506;91.06719368
145;143;-15.3904197;50.38495207;794173.5248;-3527.055687;-4286;427;0.116014018;0.097293933;-3871774;-539.0190728;0;-50629;-2.536650133;0;0.203164906;0.158363083;0.030209974;0.017279086;0.060968251;0.055636031;3910354;15.22332267;14;0;0;0;0;0;27.7512615;30.04546377;0.064217166;0.031422364;30.73568032;33.23028987;205.7925602;205.8329776;194.5399759;205.8352533;46.905597;46.99041964;0.099305286;0.013548172;1.302595132;1.207108763;34.75175224;34.72222642;34.8635055;34.87757785;2.175653552;1.888962236;26.90791302;26.76645345;3.190689374;0.81271761;29.75337992;29.66063366;31.80006647;24.04847958;23.96521871;23.07595735;5.704900339;5.736089934;3.235122787;0.645156347;0.250799969;9.424386014;4305;1367;49.00580825;2078.578073;2335.981774;140.8273873;1080;347;42.10003065;476.7176471;501.1927808;91.9873817;738;329;43.77204022;550.8732394;584.8460934;109.5863179
618;619;15.3904197;-129.6150479;794176.2563;-4837.635996;-4865;-1349;0.139959609;0.155173799;-95965;-9.954875519;0;0;0;0;0.130329014;0.133107101;0.016280362;0.014128608;0.056061865;0.055883699;0;NA;NA;0;0;0;0;0;28.67821385;29.21482161;0.446649721;0.32295024;36.41673899;36.32220416;212.5246995;211.9938067;163.797024;163.7339937;43.03032527;43.26702903;0.013548172;0.013548172;1.319335101;1.375384551;34.6986111;34.69915951;34.24690712;34.22713831;1.688827312;1.657124395;25.28258747;25.42864761;1.02194425;1.014431431;28.09983129;28.16578829;29.21291562;22.45577729;22.63360172;20.06060402;5.644053995;5.596833653;2.618722836;0.035777399;0.033718083;0.416919442;484;137;37.39200076;203.9565217;188.3238552;36.06157635;NA;NA;NA;NA;NA;NA;6732;573;38.51717661;894;852.1967433;67.72967803
215;214;-15.52081986;3.451474036;794176.4779;-5369.867815;-5440;-3483;0.21256757;0.202470737;-3483;-0.361382029;0;0;0;0;0.090458873;0.097026233;0.009604415;0.007193262;0.070897991;0.068662987;0;NA;NA;0;0;0;0;0;31.22251456;31.65902493;0.69615138;0.46745203;24.38439009;23.98229142;221.5908961;221.1317336;236.7668374;238.9072855;42.59947258;42.58730061;0.013548172;0.013548172;1.379244847;1.375454003;34.89090289;34.89095686;36.16325436;36.18605232;0.988605863;0.949107951;21.89894345;21.81631599;1.893379377;1.895655198;25.73907637;25.64157473;28.02870301;18.41040949;18.36363383;16.40454976;7.328666885;7.227508302;3.938610412;0.065029324;0.063152227;0.106987359;73;56;43.24929379;338;337.3184;36.75172414;86;50;34.63756531;190.25;106.6094675;34.88679245;452;163;38.80948649;314.6666667;342.2150696;66.89718402
358;356;15.52081987;-139.8861319;794178.4722;-4913.498236;-5156;-283;0.06673063;0.062138947;-2346104;-243.4222868;0;0;0;0;0.145597382;0.160843378;0.015699046;0.011178348;0.042859683;0.042744856;0;NA;NA;0;0;0;0;0;37.74335656;37.48116273;0.008330831;0.000806502;35.20376312;34.67899482;204.2894216;204.3038219;179.6335575;187.0301807;47.77144482;47.89473156;0.013548172;0.013548172;0.984516022;0.970691471;34.69466789;34.69987352;34.72313687;34.72760515;1.729229607;1.72785049;27.2121083;27.20261468;0.964299055;0.8920912;28.77561476;28.82142062;29.09619616;25.57343103;25.57779195;23.88539715;3.202183734;3.13506745;2.040986247;0.069951387;0.059774106;1.940476846;530;80;28.17213069;97.25;104.3560656;24.80572236;22;21;NA;NA;NA;NA;293;132;37.79712684;283.5652174;327.7210339;54.16340694
117;115;15.4404897;125.7125824;794179.1549;-4273.239694;-5118;693;0.103378255;0.092709361;-2673864;-305.340185;0;-46110;-1.895502754;0;0.150510367;0.147888196;0.020423496;0.013842471;0.051887201;0.048281556;2213548;20.67403263;21;0;0;0;0;0;27.77627173;29.3624775;0.005469162;0.002249495;34.67440166;36.93467797;200.9832024;200.6844953;152.6534615;156.9729933;43.56670932;43.82014574;0.062954214;0.013548172;1.263265766;1.215337788;34.65671023;34.68074872;34.21677115;34.23200442;1.906133334;1.71602356;28.50364501;28.54005031;3.015718317;1.158736219;30.29851732;30.31806905;31.46795051;26.04066642;26.19602008;23.75691019;4.2578509;4.249232799;4.534741888;0.407294688;0.031225303;12.47427688;9704;920;35.5675142;1676.314286;1834.232653;48.79125808;1439;622;46.86292799;1103.909091;1157.164915;281.9993191;983;506;46.63078872;891.1779661;1029.545097;242.3599197
528;528;-15.4404897;-54.28741762;794181.7424;NA;NA;NA;NA;NA;0;NA;NA;0;NA;NA;NA;NA;NA;NA;NA;NA;10421981;10.81552553;10;0;NA;NA;NA;NA;NA;NA;NA;NA;NA;NA;;;NA;NA;NA;NA;NA;NA;NA;NA;NA;NA;NA;NA;NA;NA;NA;NA;NA;NA;NA;NA;NA;NA;NA;NA;NA;NA;NA;NA;NA;NA;NA;NA;NA;NA;NA;NA;NA;NA;NA;NA;NA;NA;NA;NA;NA;NA;NA;NA
324;323;-15.4041847;-21.12377918;794183.6172;-2145.171305;-2295;672;0.082550718;0.079350587;-18368101;-1936.337866;-2216;-60327;-2.290231958;0;0.060214769;0.058160064;0.011538641;0.005295545;0.051074677;0.047177721;310728;16.47463019;14;0;0;0;0;0;28.09031341;28.71636237;0.000965206;0.000871915;34.48960485;36.70526377;201.0763069;200.4744462;155.0913878;147.523239;43.28376661;43.30764624;0.042873814;0.013548172;1.125390759;1.102020251;34.66439794;34.6405601;34.79994202;34.80077231;1.335228869;1.329241832;28.2333504;28.40453427;3.309378362;2.020063836;30.05114261;30.13980374;30.67238324;26.30933809;26.54431843;23.26266539;3.74180452;3.60296564;4.73723906;0.399290601;0.177366133;9.744712221;21963;3235;51.81853002;4709.284926;4790.356249;598.7031961;7230;963;45.72117528;1148.820652;1194.71331;241.5813992;4363;913;44.63201933;1304.58011;1380.770975;164.5824349
203;202;15.4041847;0.437027678;794188.9448;NA;NA;NA;NA;NA;0;NA;NA;0;NA;NA;NA;NA;NA;NA;NA;NA;10241457;10.62752303;10;0;NA;NA;NA;NA;NA;NA;NA;NA;NA;NA;;;NA;NA;NA;NA;NA;NA;NA;NA;NA;NA;NA;NA;NA;NA;NA;NA;NA;NA;NA;NA;NA;NA;NA;NA;NA;NA;NA;NA;NA;NA;NA;NA;NA;NA;NA;NA;NA;NA;NA;NA;NA;NA;NA;NA;NA;NA;NA;NA
524;524;15.76652458;-63.10576765;794210.5657;-3321.157519;-3401;751;0.103381399;0.08544464;-8366732;-878.0283346;0;-48333;-1.824850865;0;0.154090152;0.123719311;0.025521655;0.010081084;0.069255264;0.066837524;737391;37.38546948;38;0;0;0;0;0;22.2317452;22.89579643;0.049795235;0.021985031;21.63504058;22.37525797;203.8659212;203.6644178;227.7467972;221.1235264;47.78717517;47.71710904;0.046341768;0.013548172;1.330978886;1.291939896;35.00586951;34.96794121;34.89689237;34.83020972;5.889163901;5.952913536;27.72028887;27.78447964;4.390113769;3.681416973;30.0236009;30.03273991;30.48723589;25.6465937;25.73787167;23.23919267;4.377007206;4.2921438;2.132318274;0.639952498;0.258735804;10.83482524;348071;4705;42.971899;7205.93702;7058.079814;97.8668109;6602;1130;33.36939594;1774.445455;1838.854482;23.65391345;4674;1216;45.33951174;1981.440529;2087.885986;193.5456881
85;83;-15.76652458;116.8942324;794212.9285;-3197.139954;-3058.5;-1;0.105525711;0.102608471;-6918321;-717.2217499;0;-207268;-7.735323754;0;0.052396096;0.0304062;0.012631064;0.00853308;0.064737506;0.062955475;144;7.2;8;0;0;0;0;0;28.70008814;28.05001741;0.003056699;0.002295699;30.86032358;34.05760728;203.4759272;203.0701157;165.2622311;191.6592455;49.46306298;49.49717947;0.131753065;0.013548172;1.285148091;1.283241593;34.72052549;34.7122893;34.52615745;34.5177395;3.173315072;3.143704538;27.85845994;27.97672886;4.94605917;1.37182762;30.42245188;30.47039966;32.07514443;24.96386657;25.10978641;22.47535717;5.458585307;5.318529974;5.397753882;1.162777545;0.212185132;9.462283644;1070978;4042;23.63974367;5262.182493;5413.708065;14.39499382;6761;1514;47.53788337;2075.266212;2151.353407;417.7011102;2207;789;47.61350574;1079.294118;1143.272911;395.9717909
636;637;15.90270262;-148.5235481;794222.2663;-5362.412598;-5362;-4066;0.123781396;0.129002921;0;0;0;0;0;0;0.145868734;0.151454832;0.020610905;0.018674218;0.047876257;0.046787195;0;NA;NA;0;0;0;0;0;34.44035229;34.62509887;0.270535897;0.216934215;35.44066326;35.51396762;211.3562611;211.4028877;177.1042479;176.6625822;45.97339638;45.97008281;0.013548172;0.013548172;1.261587397;1.278916723;34.69873496;34.698613;34.49737247;34.48231193;1.72406092;1.705340321;25.48506109;25.4683332;0.955886736;0.957424545;27.5775749;27.55752147;29.13677302;23.46486133;23.5145457;21.9589065;4.112713568;4.084979377;1.242136662;0.095989051;0.097628638;0.136760839;140;51;29.6823359;76.09090909;75.32837396;12.64516129;19;14;NA;NA;NA;NA;25;22;NA;NA;NA;NA
163;161;-15.90270262;31.47645191;794225.8937;NA;NA;NA;NA;NA;0;NA;NA;0;NA;NA;NA;NA;NA;NA;NA;NA;14880992;15.72822426;14;0;NA;NA;NA;NA;NA;NA;NA;NA;NA;NA;;;NA;NA;NA;NA;NA;NA;NA;NA;NA;NA;NA;NA;NA;NA;NA;NA;NA;NA;NA;NA;NA;NA;NA;NA;NA;NA;NA;NA;NA;NA;NA;NA;NA;NA;NA;NA;NA;NA;NA;NA;NA;NA;NA;NA;NA;NA;NA;NA
356;355;16.08163113;-167.0918549;794240.2776;-5062.516496;-5290;43;0.073707824;0.068854526;-1563400;-161.6920054;0;-274;-0.010205602;0;0.142362895;0.166526925;0.022077166;0.017122705;0.044947662;0.044937383;0;NA;NA;0;0;0;0;0;37.51315943;37.52928026;0.019648331;0.002531092;35.09593736;34.81828424;206.1933901;206.1286716;182.0608967;185.941371;47.37075266;47.44532182;0.013637609;0.013548172;1.008054598;0.986301131;34.69468224;34.69685252;34.70626905;34.71789572;1.737278974;1.732436214;26.65324314;26.63533736;0.961407474;0.927139698;28.287278;28.2676613;29.02310573;24.85983161;24.85749232;23.65480274;3.427446391;3.376672252;1.682557029;0.054294598;0.043928903;4.737243768;33474;646;35.14432487;781.835443;776.4966809;25.90117777;697;103;26.37961815;172.1764706;199.0636976;21.88624589;11652;297;28.99440916;447.8;498.9179009;25.68000427
207;206;-16.08163113;12.90814515;794242.4707;-2831.72651;-3352;131;0.564618828;0.329778632;-3681068;-858.257869;0;-66882;-5.613260596;0;0.078506584;0.077952389;0.008011228;0.00430931;0.125011897;0.118471252;5791745;10.71454075;10;0;0;0;0;0;17.80090353;17.82823094;4.023345127;2.780554279;25.70560196;24.63452984;218.8298022;218.6827568;181.6211852;218.6235637;44.16591139;43.96034769;0.052005489;0.013548172;2.718033361;1.755469727;34.91585494;34.89529115;35.71645063;35.71006584;1.250707805;0.955641394;21.13176021;20.89856169;4.124648259;2.307990762;25.89722783;25.81198322;30.01595803;16.79716811;16.47983966;13.50267953;9.100059717;9.092926979;5.356649384;0.897978234;0.191338578;12.03705616;11246;744;40.91111922;1300.223301;1351.691713;75.1323365;3593;456;38.23004399;711.0909091;679.752646;70.9918173;2766;670;42.23661949;1156.425197;1272.647232;110.5632533
355;354;16.19398656;-157.8044656;794248.8694;-5193.463988;-5395;315;0.095268045;0.090953237;-450041;-46.8402373;0;-450;-0.016850146;0;0.142440417;0.159922282;0.017369101;0.014494293;0.046947587;0.046774726;80823;12.62859375;10;0;0;0;0;0;35.89883951;36.17624139;0.067526077;0.025687201;35.39672185;34.96470546;208.5111749;208.2651785;178.6999252;184.8805409;46.74180355;46.85678047;0.013599574;0.013548172;1.12053733;1.086729244;34.69552063;34.69766681;34.62891436;34.63841168;1.733786994;1.725658372;26.07033906;26.06029024;0.96472872;0.92228198;27.8322588;27.8496704;28.8596573;24.11578321;24.11756604;22.45167078;3.716475595;3.697915082;1.976709551;0.075357904;0.067743544;3.249386673;31612;688;36.88905029;938.3163265;988.5178571;37.82581793;12257;349;28.20575256;478.4912281;508.3906339;27.14111954;7923;358;33.57769978;505.1176471;515.5394681;42.53342191
199;198;-16.19398656;22.19553443;794252.3221;NA;NA;NA;NA;NA;0;NA;NA;0;NA;NA;NA;NA;NA;NA;NA;NA;7361001;7.610338521;7;0;NA;NA;NA;NA;NA;NA;NA;NA;NA;NA;;;NA;NA;NA;NA;NA;NA;NA;NA;NA;NA;NA;NA;NA;NA;NA;NA;NA;NA;NA;NA;NA;NA;NA;NA;NA;NA;NA;NA;NA;NA;NA;NA;NA;NA;NA;NA;NA;NA;NA;NA;NA;NA;NA;NA;NA;NA;NA;NA
240;239;-16.67263181;-20.39750625;794296.9522;-4666.783745;-4745;-2633;0.067364012;0.067235224;-1070110;-110.5143034;0;0;0;0;0.090476555;0.093829627;0.006629585;0.005691908;0.042442231;0.042230697;0;NA;NA;0;0;0;0;0;44.34125254;45.6008235;0.000565373;0.000559689;29.44094635;30.92337856;211.302811;211.366791;232.9151965;229.2158769;48.47432208;48.48813739;0.013548172;0.013548172;1.083223709;1.069939039;34.78626956;34.76779028;36.91575976;36.91691179;1.3853827;1.38566194;24.66070232;24.63456826;0.897319656;0.734977421;27.27237908;27.28966205;28.18829391;22.2711303;22.09672835;20.56578919;5.001248777;4.967415055;2.54633812;0.49205955;0.470340329;1.186111903;537;56;29.04791296;61;57.92678971;26.255941;NA;NA;NA;NA;NA;NA;NA;NA;NA;NA;NA;NA
369;367;16.67263181;159.6024938;794303.6249;-5257.671486;-5543;-12;0.075472965;0.074038097;-1241912;-128.2569452;0;-452;-0.0167718;0;0.111585952;0.10721537;0.017395192;0.013482511;0.04185011;0.041876891;0;NA;NA;0;0;0;0;0;35.99233719;36.50770446;0.000951937;0.000901697;35.47940645;35.33819373;201.3585157;201.1503927;172.731781;174.8675698;46.96338394;47.07091653;0.013674811;0.013548172;1.114801378;1.104593073;34.69077948;34.69342549;34.7597448;34.7798035;1.705192278;1.710843888;28.21163095;28.26677594;1.038297513;0.994285947;29.79176123;29.80503365;30.07623769;26.30643224;26.53769085;24.33149268;3.485328986;3.252865305;2.901873628;0.062700685;0.051854176;5.388057456;111;40;27.04851673;55.54545455;63.46517031;15.65565438;59;54;46.17798148;479;722.4956897;46.41333333;435;173;40.62408915;296.1176471;315.6331801;80.62420111
549;549;16.90268591;-86.85564058;794321.9514;-2224.059511;-1794;492;0.12004601;0.083602846;-2618922;-577.2364999;0;-58862;-4.687584614;0;0.244491833;0.211456323;0.035229008;0.015531351;0.07351057;0.059207298;9891487;18.50889566;18;0;0;0;0;0;26.19839201;29.72215554;0.03197073;0.00281439;17.78720861;21.82268524;201.6915789;201.3567099;222.198624;249.2259039;45.13621656;45.11588906;0.302192157;0.013548181;1.364138246;1.183508287;35.14140921;34.97823089;35.58314448;35.79532482;4.978316147;4.622592476;28.14726363;28.12554494;9.408481875;3.981115956;30.12522391;30.0677633;31.66334428;25.79313737;25.87549782;22.32948948;4.332086543;4.167877587;5.223447726;1.486758795;0.111111019;12.142025;62457;4836;49.11541843;7268.51938;7327.913911;245.4563098;1775;535;37.62715457;886.9130435;1002.464116;28.79886838;737;339;45.43786227;700.8181818;681.6077517;181.3585977
96;94;-16.90268591;93.14435942;794328.125;-5162.346838;-5225;-59;0.074738321;0.073516563;-463035;-47.61285347;0;-236;-0.008753385;0;0.084688186;0.090703229;0.010985432;0.008841133;0.052067138;0.051853369;0;NA;NA;0;0;0;0;0;35.84088927;35.89608764;0.000903434;0.000847213;33.35381275;33.33230592;209.6360292;209.3099809;204.2506153;205.1684935;45.72962772;45.69769164;0.013661657;0.013548172;1.065492979;1.06199838;34.7142659;34.71399395;34.66250561;34.64872686;2.456784088;2.443708257;25.72255735;25.77574191;0.734080842;0.709475267;27.80831034;27.82170955;29.55947836;23.40681202;23.37057519;20.57401819;4.401498318;4.34509228;3.449454757;0.103362502;0.087783799;7.692991341;1793;111;32.40668237;126;112.0113895;30.6546871;57;13;12.34631402;15.5;20.21589874;5.670157068;36;19;NA;NA;NA;NA
116;114;17.15928429;134.8801913;794351.0231;-5217.839728;-5223;-1373;0.087620855;0.087478827;-451672;-46.46353256;0;0;0;0;0.090238292;0.087611867;0.01130553;0.00887197;0.04656989;0.046535608;0;NA;NA;0;0;0;0;0;31.45802357;31.64636233;0.001445673;0.00135091;36.69875547;36.80537067;201.1762907;200.6909132;160.6661001;160.2109935;44.65247352;44.56462369;0.013548172;0.013548172;1.188947109;1.189477923;34.68344132;34.6827353;34.43504087;34.44245371;1.667729677;1.66738368;28.4558289;28.56477615;1.122563556;1.121613681;30.30046121;30.30340343;30.68524587;25.7316643;25.90900015;22.89759738;4.568796905;4.391275623;4.742631501;0.056017018;0.056281123;0.357326998;5586;87;22.57177671;137.1428571;127.4042979;17.00806051;380;150;41.65011469;219.75;200.1557047;89.24598269;3;3;NA;NA;NA;NA
520;520;-17.15928429;-45.11980866;794353.1622;NA;NA;NA;NA;NA;0;NA;NA;0;NA;NA;NA;NA;NA;NA;NA;NA;18396426;18.9243199;18;0;NA;NA;NA;NA;NA;NA;NA;NA;NA;NA;;;NA;NA;NA;NA;NA;NA;NA;NA;NA;NA;NA;NA;NA;NA;NA;NA;NA;NA;NA;NA;NA;NA;NA;NA;NA;NA;NA;NA;NA;NA;NA;NA;NA;NA;NA;NA;NA;NA;NA;NA;NA;NA;NA;NA;NA;NA;NA;NA
395;393;17.39704134;79.85810874;794381.7537;-2267.115813;-2879;64;0.238717309;0.170787198;-5032462;-2241.63118;-2865;-33714;-5.399423447;0;0.1037518;0.10492539;0.024205985;0.020657777;0.087596325;0.078381144;17144204;22.73939011;22;0;0;0;0;0;15.62791805;16.04983421;1.214524199;0.915293051;32.71902354;37.44221118;204.5768294;204.2597125;116.3187358;124.1260336;45.15564067;45.12243153;0.193213889;0.013548172;1.809833101;1.529617616;34.61571119;34.76289517;32.50055801;32.70853349;3.612891366;3.351945197;28.56699314;28.61722242;5.594021042;1.65286496;30.77508538;30.78007474;31.83577116;25.85981053;26.00226334;23.75091034;4.915274855;4.780369682;2.647497768;1.253241501;0.408955733;8.159134368;4406;504;41.00292455;1132.478261;1267.699278;82.33802435;97;46;31.7147701;69;71.1446996;30.64820847;339;118;32.76419342;268.0555556;284.5477323;33.65183016
336;335;-17.50455596;150.0836583;794387.6166;-1580.82912;-1126;577;0.123768393;0.091279126;-7264655;-805.5727434;-528;-180715;-7.21647632;0;0.125457328;0.114195579;0.03790837;0.017989514;0.061294284;0.055093234;796726;10.13440012;8;0;0;0;0;0;31.0371116;32.60853474;0.003403004;0.00136212;25.49466432;34.19577647;206.06893;206.1280765;177.1542938;181.6488375;46.27202705;46.31251502;0.310578557;0.013548172;1.314656067;1.205217712;34.79055097;34.69974102;35.00742156;35.01116377;1.556853231;1.455711268;26.679058;26.72262847;8.668362186;3.939043805;29.98565058;30.00452178;30.94566506;23.37380539;23.51936527;17.70317111;6.611845189;6.404592408;7.429072536;2.259657564;0.863661151;12.17066373;490696;7045;42.46774394;9247.370203;9426.210264;42.63828346;2939;707;46.22442364;869.8192771;913.088545;267.6288459;1904;545;44.93616053;738.9051095;852.439193;187.6211572
315;314;-17.39704135;-100.1418913;794388.5642;-3962.740208;-4028;-1400;0.102422209;0.112310794;-2413361;-248.1094891;0;0;0;0;0.093912844;0.09892375;0.006870437;0.005980672;0.053244735;0.055068971;0;NA;NA;0;0;0;0;0;48.31243716;49.50981201;0.551649222;0.330945266;37.20767844;37.02434499;219.8917784;219.6660108;149.2732936;151.4523348;46.56849057;46.59114107;0.013548172;0.013548172;1.137858911;1.187589402;34.6829054;34.68342912;35.98055838;35.98079486;0.972991323;0.91174937;22.92264248;22.94115834;1.445705652;1.445033555;25.24445733;25.24456165;26.21313857;20.62001905;20.65416832;19.44419351;4.62443828;4.656764576;1.759137331;0.048173675;0.045215557;0.731628231;606;104;35.63706304;115.7692308;110.2801035;32.6432;377;89;35.76695382;106.25;105.8905197;56.87434974;96;75;43.63763034;206.6153846;217.8942755;61.44
236;235;17.50455596;-29.91634171;794389.1512;-4947.468445;-4935;-695;0.087148412;0.080633833;-142241;-14.5963058;0;0;0;0;0.085916686;0.085478243;0.00759383;0.006518997;0.062149324;0.061931862;0;NA;NA;0;0;0;0;0;30.46344126;30.10433717;0.003839781;0.001173246;22.97980452;22.9845436;211.8534896;211.5923561;249.0771474;249.1944512;46.31218427;46.31361655;0.013548172;0.013548172;1.173453495;1.181426866;34.89273877;34.89336685;36.57294308;36.58455707;1.265859811;1.165092865;24.81209781;24.77858848;1.91559257;1.927418712;27.53597168;27.49749615;28.84329264;22.1119788;22.11302016;20.28567162;5.423992876;5.409381967;2.076262344;0.099244927;0.08772631;1.068947288;1059;353;46.67827663;525.0684932;541.237832;122.0460333;1692;537;47.12930618;708.5729167;683.7603817;325.7696859;2814;709;47.55163952;947.0096154;880.5892875;408.9761388
128;126;18.01999356;102.2612673;794443.7503;-15.75446429;-21;295;0.590044812;0.452871927;0;0;0;-11834;-18.9344;-21;0.026988059;0.023109815;0.035791512;0.033987189;0.147243329;0.136661396;18408056;19.23476625;18;0;0;0;0;0;13.74268807;14.04373578;3.599138039;3.188975474;1.587224882;1.094869293;215.4221585;214.127395;220.6940571;221.4774217;37.07680835;37.11324003;3.391392065;3.165472361;3.18676192;2.636871239;33.00289577;32.9906799;32.66947215;32.66614098;16.81243637;16.24235277;25.69925102;25.68708183;24.04622076;24.05575749;30.09318542;30.10281774;30.68340587;19.40030847;19.40949664;18.07492259;10.69287695;10.76477575;3.465673678;10.37496273;10.44554412;3.954783293;3;3;NA;NA;NA;NA;NA;NA;NA;NA;NA;NA;NA;NA;NA;NA;NA;NA
553;553;-18.01999356;-77.73873265;794444.4361;-4104.144409;-4388;597;0.426849027;0.192536176;-4376136;-466.0421725;0;-17490;-0.669935266;0;0.093456787;0.087360595;0.009063263;0.005987655;0.079003776;0.07100917;518691;13.16441207;13;0;0;0;0;0;31.60422412;32.73693344;1.916692026;1.078421375;36.18873089;36.3520139;232.1387406;232.7043487;147.9652294;155.2510171;41.00967199;40.45767682;0.018924949;0.013548172;2.347711046;1.423680506;34.68990963;34.69028983;35.11004523;35.10700516;1.331293633;0.850244674;19.80393101;19.91560766;1.687097434;1.403922051;24.35917594;24.54613013;26.38340462;15.74469923;15.78771351;12.9113927;8.614476708;8.844429807;5.971404034;0.139164733;0.047239905;7.202070145;1337;139;17.39565429;189.3235294;203.5365503;4.136502794;53;35;33.62400751;65.66666667;91.36476722;22.83739837;166;120;44.57382651;310.7142857;325.1233946;90.64473684
325;324;-18.56508018;172.9381505;794504.6319;-2820.374425;-2939;432;0.082499452;0.080879663;-24500152;-2502.313553;-2863;-4926;-0.181169548;0;0.054665563;0.052180436;0.008452804;0.005945191;0.052648295;0.053321621;63279;19.36321909;18;0;0;0;0;0;28.67155058;28.70263025;0.000858931;0.000811713;36.19688912;36.53949152;205.7069711;205.3538929;151.2129074;149.1759784;42.81017057;42.8083307;0.01444326;0.013548172;1.145922037;1.14226617;34.65055347;34.65540869;34.79623434;34.76631498;1.310486518;1.309753213;26.87399144;26.96105668;1.884469962;1.64960991;29.41560294;29.49120771;30.38353656;24.14149556;24.25008485;21.11687057;5.274107378;5.331770146;3.9185967;0.17057946;0.108905683;3.953468924;2947;1136;51.75798026;1940.463054;1889.754965;492.8669769;4684;787;45.10324105;1084.323741;1123.70177;206.7418254;2482;648;44.51945851;881.3049645;931.597867;147.6870924
211;210;18.56508018;-7.061849486;794508.5266;NA;NA;NA;NA;NA;0;NA;NA;0;NA;NA;NA;NA;NA;NA;NA;NA;4267742;4.35474546;0;0;NA;NA;NA;NA;NA;NA;NA;NA;NA;NA;;;NA;NA;NA;NA;NA;NA;NA;NA;NA;NA;NA;NA;NA;NA;NA;NA;NA;NA;NA;NA;NA;NA;NA;NA;NA;NA;NA;NA;NA;NA;NA;NA;NA;NA;NA;NA;NA;NA;NA;NA;NA;NA;NA;NA;NA;NA;NA;NA
257;256;-18.79465719;-35.66219269;794524.7218;-3502.04539;-4153;46;0.094572918;0.074593455;-3447855;-376.198036;0;-86885;-3.414083068;0;0.073716914;0.063644894;0.034082291;0.018238134;0.053390745;0.049747198;1398459;20.38183726;18;0;0;0;0;0;38.36278446;40.82814299;0.004355199;0.00142993;24.64971184;27.53729395;206.2724945;206.4023326;235.7635428;233.9333514;45.92831007;45.96855843;0.135660859;0.013548179;1.153868909;1.098227042;35.00748622;34.81719736;37.24389112;37.26268354;1.514359339;1.447187389;26.18326943;26.13463193;3.596494704;1.326357959;28.6913085;28.70752371;29.24420782;23.72822721;23.68440513;21.79511267;4.963081291;4.989764473;3.067729539;1.076556475;0.70622164;8.217626234;20132;2912;50.96456818;4172.833698;4159.861171;345.734316;1690;590;44.78389507;939.6230769;1032.147689;173.7075782;808;439;46.76394232;893.1860465;1028.540624;242.3400148
379;377;18.79465719;144.3378073;794529.009;-4035.341247;-4055.5;422;0.084120261;0.083745765;-7967474;-811.8477685;0;-1905;-0.069874922;0;0.063394246;0.054016792;0.011014768;0.007714233;0.045559772;0.045802562;16403;28.57665505;30;0;0;0;0;0;31.43360602;31.61163434;0.001218286;0.001155424;37.04561178;37.09872776;201.489546;201.1534459;153.5516789;159.4972228;45.49817422;45.62065026;0.013678813;0.013548172;1.184334843;1.185954757;34.67369119;34.68178473;34.65517603;34.6557702;1.662239707;1.663386323;28.29926957;28.37863913;1.297741404;1.159667704;30.36961123;30.37496851;30.73853545;25.52876955;25.64481538;23.13980767;4.840841677;4.754225676;4.139042614;0.116542763;0.081906381;5.353396503;129110;1330;47.71524531;1469.898551;1488.353326;198.1853419;642;227;43.29802674;302.3076923;305.8547779;125.2778116;494;201;41.68125706;366.0857143;367.2731645;93.28593272
337;336;-19.05645036;141.7591185;794559.8456;-14.19036697;-12;26;0.256707557;0.245604602;0;0;0;-51874;-14.29823594;-12;0.044497949;0.037630427;0.021544889;0.018198751;0.104311541;0.099816216;2988704;3.490779295;4;0;0;0;0;0;19.25227122;18.84270964;0.058498449;0.004275675;0.209353314;0.00639368;203.9189694;203.0299172;203.0810832;202.611094;47.52346423;47.51106996;1.594452885;1.746023722;1.993709094;2.051884272;34.29855617;34.49435454;34.12860311;34.42735693;7.036638929;5.939053683;27.87321672;27.91209028;26.91027123;27.32187827;32.03068166;31.90423561;32.99268184;22.52644412;22.92629512;19.15603333;9.504237539;9.00735543;7.206704058;8.520929357;8.168862211;13.12323569;56326;2035;45.9713987;2417.980583;2454.002364;142.2303978;NA;NA;NA;NA;NA;NA;NA;NA;NA;NA;NA;NA
244;243;19.05645036;-38.24088154;794562.9691;-5224.457541;-5228;-419;0.071400635;0.071651834;-19470;-1.980067121;0;0;0;0;0.081247638;0.081098686;0.008149531;0.006316448;0.050763815;0.050290278;0;NA;NA;0;0;0;0;0;35.20140478;34.50388171;0.000747217;0.000734081;22.60623686;22.67646848;209.9433023;209.818659;252.8924654;252.6462266;46.60552077;46.68533691;0.013548172;0.013548172;1.154806854;1.165000007;34.89206489;34.89235673;36.91806795;36.92412332;1.71745498;1.709399698;25.31285788;25.32197691;1.893999751;1.900263703;27.63957094;27.61538431;28.46132671;22.98594361;22.98019588;21.62621053;4.653627329;4.627601694;1.896167369;0.088277273;0.084803506;0.599358587;92;32;23.59770158;42.90909091;56.95447643;7.611510791;122;24;20.84422542;24;24.22802828;19.84533333;34;33;NA;NA;NA;NA
557;557;19.4804259;-95.74172987;794569.5068;-1694.519223;-1710;237;0.165512127;0.10574782;-5640073;-1191.396916;-778;-134721;-10.23715805;0;0.091618838;0.084470938;0.028265956;0.020338366;0.080358705;0.067933093;11909224;22.70512491;22;0;0;0;0;0;19.29565834;19.40730565;0.284715644;0.100781608;19.10775679;22.3332099;204.6639738;204.3274829;188.0700138;213.3505151;44.65004674;44.17030145;0.416799551;0.013548172;1.527352709;1.305345052;35.25147006;34.96784704;35.73544114;36.15088713;4.792202054;4.508693456;27.14790831;27.00286292;9.455259767;3.97847601;30.36919894;30.3737074;32.06851737;23.30462388;23.31992312;19.74648985;7.064575056;7.078821104;6.432610818;2.048893366;0.140883576;12.99591701;72817;6949;50.96113693;9006.960406;8523.802239;409.3823974;2826;671;47.39014396;855.3636364;752.4554823;368.47264;3991;880;48.13026787;989.5323741;967.6558896;544.3078632
97;95;-19.4804259;84.25827013;794577.3778;-4499.672452;-4760;-1053;0.067881803;0.068684044;-3142660;-318.9870077;0;0;0;0;0.075278471;0.074411524;0.008439176;0.006755281;0.048312007;0.048010241;0;NA;NA;0;0;0;0;0;37.74889736;37.73338555;0.000565699;0.000497649;34.43472951;34.56099691;212.5567926;212.7975077;186.0048752;186.9032321;45.66408927;45.73994381;0.013548172;0.013548172;1.029334238;1.035872579;34.7220291;34.72161196;34.93686843;34.92354448;2.203714924;2.209476539;24.79397989;24.77606503;1.061421648;0.951294628;27.72615866;27.90334171;28.85263505;21.73552437;21.60743289;19.86267236;5.990634288;6.047072857;2.871567593;0.106751418;0.06363056;1.137793991;1287;111;33.85549675;117;112.1874564;38.58931109;17;15;NA;NA;NA;NA;4;4;NA;NA;NA;NA
532;532;19.31357899;-71.94533032;794585.831;-3127.916383;-3363;548;0.08807464;0.08623155;-8143205;-925.1539423;0;-33160;-1.356015376;0;0.119248169;0.113386215;0.02919421;0.01255179;0.056674731;0.055427091;2995712;23.97279195;22;0;0;0;0;0;25.19718019;25.92237446;0.004456268;0.002955508;20.17177823;21.75714035;203.291557;203.2797002;239.7804538;256.3970403;46.4420329;46.59832678;0.040548173;0.013548173;1.263891215;1.260340792;35.04034301;34.97295522;35.75777987;35.77015682;4.845540096;4.898844418;27.59986529;27.75701491;4.415849456;3.689326327;29.84916332;29.81827758;30.54134592;25.06881679;25.29683071;23.2122978;4.780346537;4.682955831;3.219490206;0.526979829;0.242723405;6.910339853;40109;1532;39.97769183;2324.54;2450.039791;60.130826;7724;504;18.16875756;967.8915663;943.326715;8.12503197;3307;659;37.08575022;1172.304688;1355.536196;58.09521002
232;231;-19.37093419;-11.51843544;794590.8287;-3640.492434;-3668;-1327;0.064881238;0.064106991;-11711131;-1189.309536;0;0;0;0;0.090956637;0.092228621;0.006855497;0.005503109;0.046496104;0.045744355;0;NA;NA;0;0;0;0;0;44.07004289;43.86019;0.000964502;0.000781841;23.68785668;23.70459414;217.8894705;217.9258033;242.4630902;241.7884265;46.37687199;46.37918435;0.013548172;0.013548172;1.000765973;0.99994042;34.87582942;34.88461573;36.58763942;36.59075954;1.334789843;1.329590733;23.04873836;23.06105161;2.096205838;2.113871095;26.23396744;26.19601259;27.17310511;20.46540546;20.47769197;19.36668878;5.768561985;5.754825577;2.343101473;0.28943789;0.194433736;1.486702051;2656;175;36.32992462;277.5454545;220.7986218;49.23942875;3974;159;36.32419495;159;159.1492248;61.20338247;80;68;45.19900195;213.0909091;236.5217391;60.37735849
86;84;-19.31357899;108.0546697;794595.2586;-4852.145672;-5225;-867;0.087422071;0.084234391;-3167133;-321.7323243;0;0;0;0;0.033708701;0.032469727;0.009877536;0.008202119;0.058277863;0.058321589;0;NA;NA;0;0;0;0;0;31.76551147;31.86742488;0.001779153;0.001425143;33.601656;33.38261904;211.1140612;210.9015102;195.6450619;201.5320593;46.81141937;46.83542483;0.013548172;0.013548172;1.130268073;1.140845837;34.71276048;34.71327541;34.82740059;34.83873876;2.650076858;2.611349982;25.30314569;25.37386378;0.905856669;0.714850441;28.04874455;28.20520451;29.69002818;22.83262848;22.7373337;19.92221693;5.216116064;5.054348854;3.082684631;0.143605368;0.101756804;1.813355017;31411;635;38.99399669;718.1428571;696.7373343;53.93429272;659;59;18.62720753;82.75;76.98945482;10.83832888;259;37;17.33478695;100.3333333;84.16326531;12.50344828
368;366;19.37093419;168.4815646;794598.0017;-5099.047527;-5406;2;0.067864798;0.068068436;-1914376;-194.4121052;0;-362;-0.013236316;0;0.066063631;0.062349602;0.019937775;0.015730079;0.043070819;0.043146073;7.661567625;14;14;0;0;0;0;0;36.35229738;35.70107866;0.000862508;0.000836165;35.29126635;35.01089334;203.1700433;202.7536721;176.2916273;180.9517105;46.67802336;46.6271582;0.013635333;0.013548172;1.07215152;1.079359754;34.69182384;34.69501557;35.02957681;35.02583816;1.738564785;1.733950266;27.55250423;27.63138728;0.996848466;0.940000748;29.3864856;29.36901222;29.89770419;25.1973306;25.31492867;22.4244277;4.189155004;4.091910123;3.945203743;0.084071202;0.073075898;5.670111927;18187;458;42.04452758;500.893617;501.0492791;80.30353519;19;11;NA;NA;NA;NA;473;135;30.38873671;256.9166667;298.341575;22.89724696
458;457;19.6649508;8.779793677;794634.5606;NA;NA;NA;NA;NA;0;NA;NA;0;NA;NA;NA;NA;NA;NA;NA;NA;1335571;1.354101884;1;0;NA;NA;NA;NA;NA;NA;NA;NA;NA;NA;;;NA;NA;NA;NA;NA;NA;NA;NA;NA;NA;NA;NA;NA;NA;NA;NA;NA;NA;NA;NA;NA;NA;NA;NA;NA;NA;NA;NA;NA;NA;NA;NA;NA;NA;NA;NA;NA;NA;NA;NA;NA;NA;NA;NA;NA;NA;NA;NA
60;58;-19.6649508;-171.2202063;794635.1268;-4670.908224;-5299;132;0.070487343;0.070646761;-3905022;-396.006693;0;-9734;-0.355294375;0;0.041830021;0.039090573;0.020818304;0.013845725;0.049496569;0.049376942;4801;14.50453172;15;0;0;0;0;0;30.79764691;30.872008;0.000737585;0.000708564;33.31942534;33.08424647;206.2136514;206.0027996;197.533108;208.399339;42.48201504;42.45097588;0.018522031;0.013548175;1.053486385;1.048028538;34.69270803;34.71002696;35.20630051;35.20329345;1.281378128;1.279812585;26.59303121;26.65541132;1.279638744;0.611397182;29.08160412;29.0937471;29.97525391;23.92545689;23.90659793;20.6158681;5.156147231;5.213012872;4.446857523;0.199997352;0.099679531;7.020010168;85240;2059;42.67578663;2843.814465;2936.75605;86.58293339;872;206;39.18392916;296.6176471;286.6042185;73.55233121;867;299;41.26959207;438.0416667;487.3795901;86.81013974
338;337;-20.21545619;133.2580802;794686.7509;NA;NA;NA;NA;NA;0;NA;NA;0;NA;NA;NA;NA;NA;NA;NA;NA;1378269;1.392317483;0;0;NA;NA;NA;NA;NA;NA;NA;NA;NA;NA;;;NA;NA;NA;NA;NA;NA;NA;NA;NA;NA;NA;NA;NA;NA;NA;NA;NA;NA;NA;NA;NA;NA;NA;NA;NA;NA;NA;NA;NA;NA;NA;NA;NA;NA;NA;NA;NA;NA;NA;NA;NA;NA;NA;NA;NA;NA;NA;NA
252;251;20.21545619;-46.74191981;794689.9743;-3943.931306;-3971;-1589;0.075537122;0.075891039;-7002066;-707.3508435;0;0;0;0;0.068904137;0.069077791;0.005758746;0.004711274;0.046395156;0.046292889;0;NA;NA;0;0;0;0;0;35.46483214;35.57158012;0.000831779;0.000805621;21.44998512;21.50983616;207.4271026;207.3443031;259.0190667;257.0864005;46.7596081;46.86448036;0.013548173;0.013548172;1.176484279;1.192937833;34.9041283;34.90272157;37.03977323;37.07471456;2.363437467;2.424780503;26.01396748;26.03213477;2.079166488;2.061439998;28.11655;28.06821006;29.01412369;23.65821154;23.74740493;21.68077263;4.458338458;4.34530794;2.609596909;0.303962291;0.301632161;0.901674082;672;33;9.917334479;54;52.466759;5.157659098;661;38;19.63826482;45;47.284253;13.69529511;932;171;30.78053995;325.0384615;360.983763;21.89845207
545;545;-20.43948688;-69.44478618;794722.1337;-3781.614388;-4257;852;0.986254066;0.454710131;-1730463;-497.974964;0;-22309;-2.313251763;0;0.077199601;0.063264955;0.011009286;0.007224498;0.094393926;0.082948776;6681464;10.35521452;9;0;0;0;0;0;19.0116073;19.14644741;2.837331487;2.069802164;35.76092176;36.20378054;238.6717274;238.3480132;133.9677573;160.5537135;40.57921347;40.04233941;0.01817375;0.013548172;4.560652915;2.382402334;34.67531058;34.68883607;34.84660108;34.86081394;1.323929345;0.741871754;19.47339886;19.51500045;2.406809118;1.374462525;24.29975582;24.47055335;26.23689581;14.82744414;14.8169457;12.10268556;9.472311679;9.526694679;3.811057348;0.391147796;0.040735226;5.482892249;3057;220;33.02108105;272.9607843;306.387878;40.42429892;804;175;35.72403119;271.28125;301.7504836;52.57979502;622;249;42.45085881;433.5918367;460.765928;108.3101904
127;125;20.43948687;110.5552138;794722.6716;-534.3127797;-87;355;0.288181243;0.190224938;-2658240;-440.6166087;0;-536804;-32.13625479;-17;0.060956123;0.051947583;0.016374075;0.011070987;0.092382186;0.074270257;8392913;20.88386728;18;0;0;0;0;0;21.98538263;22.3386479;1.305411591;0.252773803;14.41887406;4.548705344;209.4705033;207.9016187;161.4479614;177.9662708;40.54450456;40.53527409;1.257846573;0.756251833;1.874370889;1.405699922;33.94041704;34.28680616;33.05025819;33.43057691;5.755443286;4.923252534;26.44404957;26.72120368;15.80999278;21.52075248;30.0518898;30.02092393;31.30161141;21.14612256;22.08988008;15.01701467;8.905767238;7.954146973;10.17304132;5.585075546;6.5559258;17.90821092;2415;753;47.60357493;1434.666667;1462.830953;164.6451458;228;101;34.19289365;206.0555556;206.7238425;19.06969919;153;70;33.068993;138.3333333;133.2844789;21.57511521
394;392;20.85299935;87.30417615;794773.7216;-1437.974204;-1835.5;64;0.489455476;0.144842291;-7075793;-1425.996171;-1835.5;-167733;-12.18281522;0;0.06563203;0.061436626;0.013647101;0.009044808;0.095629018;0.079907598;12484950;24.68474186;26;0;0;0;0;0;14.45168697;15.15907742;6.634939817;2.975651798;30.26316336;37.9698226;210.8692937;206.7575847;99.84570518;95.96754578;42.39119133;42.55438894;1.014089885;0.013548172;2.618056803;1.387612042;33.64098834;34.77360709;29.85312239;31.47489209;7.157339207;4.676543637;28.02925346;28.13001016;9.279767207;3.447547899;30.29060547;30.25396797;31.00125973;24.05332469;24.44972595;20.19834895;6.237280773;5.777334001;5.713404273;2.513150086;1.009348237;10.28468902;16602;279;32.57108633;571.7727273;590.8909312;32.58559212;25;20;NA;NA;NA;NA;460;81;24.52325664;222;232.2479053;20.39321511
307;306;-20.85299933;-92.69582385;794778.0502;-4032.540984;-4078;-99;0.072897099;0.059921574;-1515576;-152.4264307;0;-198;-0.007169237;0;0.078440345;0.075219041;0.004927352;0.003828583;0.048263807;0.046789619;0;NA;NA;0;0;0;0;0;51.52379223;51.8887683;0.192638838;0.018418283;36.57050148;36.76850139;225.7350082;225.8196428;156.2586674;155.8379742;44.33835289;44.33538354;0.013548172;0.013548172;0.902967211;0.797470903;34.68700331;34.68736232;35.66976472;35.67546255;1.117708069;1.103493692;21.45206312;21.46673412;1.427180465;1.416071844;24.25371022;24.24967933;25.17183176;18.8350747;18.84781474;17.83912994;5.418635526;5.396090064;1.796449745;0.040680885;0.037738788;1.028796726;195;25;19.00407669;26;25.45098039;7.907049283;1;1;NA;NA;NA;NA;59;51;44.15930973;186.1428571;210.1485057;45.20779221
565;565;21.27469389;-105.0485276;794789.144;-2556.238495;-2946.5;727;0.141439669;0.114702256;-9208387;-1980.29828;-2725;-46585;-3.605929251;0;0.046805457;0.047992159;0.008141447;0.004756688;0.084028318;0.076796572;9838983;18.22462505;18;0;0;0;0;0;15.53444154;15.67177301;0.013850619;0.006083378;36.74243491;40.09812606;208.8030991;208.3949282;99.11565744;109.8889151;47.3542018;47.36849438;0.100440649;0.013548172;1.683144901;1.594753735;34.64555084;34.66962134;34.1867408;34.32331893;2.586456836;2.295260166;26.74193785;26.7406611;3.319944222;1.578843106;30.6281803;30.62354535;32.7208112;22.17578221;22.30736154;17.56448674;8.452398093;8.365422435;9.585969094;0.97404989;0.098158;15.31732553;31037;5198;51.76173811;7611.958932;7961.286029;566.318202;154;91;39.33879379;209.1875;245.8012158;52.9375;9199;488;27.30221534;735.5731707;723.042162;25.39117513
98;96;-21.27469389;74.95147239;794791.3455;-4290.11149;-4326;-2170;0.064857224;0.063662038;-2262366;-227.0312092;0;0;0;0;0.061733556;0.05537101;0.00605782;0.005160682;0.046219676;0.045515533;0;NA;NA;0;0;0;0;0;37.9360256;37.83728582;0.000549812;0.000447567;33.92923322;33.94097522;213.4048307;213.3738029;190.6476424;189.3111091;45.75289271;45.88927115;0.013548172;0.013548172;1.012412989;1.012448134;34.73241104;34.73347632;35.10013514;35.10184389;2.09677402;2.089340729;24.53935368;24.52194063;1.067237662;1.057979905;27.73733928;27.61286598;29.2444766;21.52042712;21.5033428;19.70749145;6.216912161;6.211191184;2.056303456;0.101956823;0.095100626;0.590429191;1555;97;38.93610363;102;99.3090179;68.62176122;33;8;NA;NA;NA;NA;29;12;NA;NA;NA;NA
578;579;-21.28087896;-108.7705579;794830.3485;-3645.39701;-3681;-1214;0.053964645;0.050945266;-8715228;-874.4083475;0;0;0;0;0.054086165;0.05227804;0.00409246;0.003215098;0.03989577;0.038160743;0;NA;NA;0;0;0;0;0;52.71756681;53.78845704;0.003521199;0.000473762;37.68520171;37.61863385;214.6726819;214.772265;155.041206;154.4789261;46.31292063;46.42076185;0.013548172;0.013548172;0.856642419;0.845405835;34.68273313;34.68330012;36.34851079;36.34393963;1.273829854;1.31224318;23.95007686;23.93582031;1.49742735;1.490593463;26.38454593;26.34023616;27.28539763;21.53300824;21.50420729;20.2254796;4.851537689;4.899621164;2.890551165;0.037185141;0.035700334;0.192751498;177;72;25.78030637;268.6666667;362.6280402;3.967202735;50;50;50;1275;NA;50;33;24;NA;NA;NA;NA
140;138;21.28087896;71.22944209;794831.2136;-1308.474084;-210;149;0.200559045;0.157587763;-5755497;-1248.21015;-154;-302591;-23.59936047;0;0.035323342;0.032381898;0.017548845;0.011388625;0.118279697;0.098211796;12341935;22.66375855;22;0;0;0;0;0;21.60005445;23.77094352;0.438668414;0.053350476;20.43698889;16.2592722;202.370831;201.7558215;128.0958019;112.3264357;45.60968313;45.91862333;0.92574277;0.033528023;1.685830878;1.487777147;35.27038401;35.07850304;35.73865312;36.12006718;1.757755707;1.428134047;27.67271432;27.70269072;14.05985432;14.88841819;30.09721058;30.04782513;31.23717952;24.01940133;24.42240208;19.27624224;6.077809249;5.574042856;8.0532564;4.297200222;3.305010214;12.10082242;28179;790;35.26360529;1144.414414;1126.138855;39.3582852;1291;125;27.68697834;381.6666667;201.214434;26.17316541;271;71;24.38861801;110.1764706;138.9062736;7.090952979
224;223;-21.62018755;-2.406843937;794831.5338;-5042.025836;-5036;-3540;0.102329732;0.078337082;0;0;0;0;0;0;0.090869614;0.088488001;0.006503772;0.004958582;0.051566999;0.050603845;0;NA;NA;0;0;0;0;0;43.53399406;44.09481429;0.045310114;0.008080698;24.68561003;24.30752239;224.9355296;224.9622167;232.647656;233.0191582;43.84521987;43.75455435;0.013548172;0.013548172;1.004721387;0.948266385;34.88733427;34.88708148;36.13486878;36.13510213;1.295333114;1.278234252;21.51085171;21.52477401;1.949557844;1.950092689;24.87494893;24.95656743;26.14296377;18.8590944;18.82342482;17.91708585;6.015854523;5.934513565;2.09827172;0.040403209;0.038571128;0.072801065;298;131;42.77909657;331.2;250.9961533;77.62587413;167;109;43.62075411;239.7894737;197.8920134;86.34365325;93;81;46.09474832;400.5;467.6406389;69.192
367;365;21.62018755;105.4040841;794838.1857;-4591.703184;-4768;-78;0.067775854;0.068592547;-4792737;-479.9456239;0;-330;-0.011887608;0;0.044715753;0.042797095;0.008125477;0.006291461;0.045036662;0.045050544;0;NA;NA;0;0;0;0;0;35.16290292;34.77774814;0.000920309;0.000883251;36.1811008;35.69423061;205.9057611;205.4055542;165.3203439;175.0009519;45.85675164;46.08295867;0.013584472;0.013548172;1.073056018;1.083403102;34.68493929;34.69224334;35.19305723;35.22229329;1.775381781;1.777506653;26.69278104;26.76575652;1.087552416;0.994946381;28.88308964;28.91788691;29.339191;23.85777383;23.98962098;20.61298439;5.025315812;4.854789556;4.800109953;0.061071566;0.031288646;7.066651963;246;58;27.87128359;121;101.1759421;24.07159905;1;1;NA;NA;NA;NA;142;69;34.62345371;121.9285714;119.7025405;28.08356546
326;325;-21.48887074;164.967107;794851.103;-2601.678084;-2641;747;0.092108887;0.089971676;-13671557;-1393.63476;-1376.5;-36767;-1.349247706;0;0.063206428;0.056961181;0.013516689;0.006534624;0.058732915;0.057908794;421191;17.89256585;18;0;0;0;0;0;29.80926165;29.72688106;0.002061175;0.001729055;34.47850965;36.26747108;210.9430638;210.9042551;160.3882923;156.5746428;43.84983231;43.83757213;0.042274469;0.013548172;1.167978373;1.176424746;34.66325954;34.67601472;35.22956521;35.23620366;1.325617289;1.326880622;25.18402124;25.18911326;3.133264702;1.75513377;28.51943569;28.69754904;30.37357591;21.98720139;22.03859791;19.20223834;6.532234304;6.59310395;4.534762562;0.505386976;0.139010537;8.839353975;34397;5035;50.96285516;6729.809617;7061.976599;412.3453371;44431;3809;47.06663867;4858.221254;4847.957552;349.4507021;18909;3116;47.60744155;4046.062937;4139.02067;403.9719045
219;218;21.48887075;-15.03289297;794852.1273;-1580.779902;-1739;63;1.053911647;0.70593939;-5326371;-1454.497815;-1522;-123649;-12.14865396;0;0.108106162;0.096085656;0.023748207;0.007810466;0.147709903;0.141336111;1681986;2.652368149;1;0;0;0;0;0;22.79031325;21.19920569;2.938480855;2.549625215;21.86082186;23.10544919;227.5492738;227.7834915;174.1359214;204.1127441;47.57825773;47.86776535;0.766726826;0.013548172;4.768210677;3.393474521;35.38957276;35.016684;36.32222051;36.40005792;1.483769751;0.927898146;21.43143355;21.5074004;8.377729536;4.041664695;25.79905009;25.25522533;29.42592961;17.94020887;18.03246743;16.06928236;7.858841222;6.934986812;8.727673001;2.329184341;1.088220378;13.63353173;2673;767;45.23119665;1120.269461;1187.193651;55.55889145;913;358;43.07667414;588.7272727;645.122483;103.9751777;1633;494;43.27744802;715.0091743;748.856069;126.8462636
76;74;-21.58429675;123.9222858;794868.6016;-30.65074627;-29;28;0.16293818;0.163832569;0;0;0;-57561;-30.83074451;-29;0.021464998;0.020682567;0.025942665;0.025089221;0.101176699;0.094988595;1474584;1.578234554;0;0;0;0;0;0;18.42404113;18.2374199;0.004718568;0.002825637;0.041621464;0.001948574;203.630078;203.3633657;206.4618905;207.2408097;49.61020983;49.81008885;1.525307977;1.488951097;1.59557829;1.587728332;34.80350774;34.8673281;34.66458864;34.81041391;4.16659865;4.165219775;27.4989002;27.56462225;26.75368086;26.6944277;31.72202613;31.71766176;32.32190734;22.5400288;22.68153329;19.94247308;9.181997328;8.897747355;5.316446367;8.420262574;8.145962453;7.908280377;175139;1416;24.13380757;1948.354167;2031.382364;14.20521931;5;4;NA;NA;NA;NA;NA;NA;NA;NA;NA;NA
515;515;21.58429675;-56.0777142;794869.82;-5408.874474;-5423;-3836;0.082110468;0.083669922;0;0;0;0;0;0;0.049697776;0.052882441;0.012460415;0.009468615;0.04646514;0.045307139;0;NA;NA;0;0;0;0;0;29.48882304;29.09527443;0.001406572;0.001235323;22.73996315;22.68751786;205.8282711;205.3904126;257.2655717;257.4453494;46.23231009;46.31974594;0.013548172;0.013548172;1.228480451;1.231942007;34.86790913;34.86794319;36.52848045;36.61020575;3.252002216;3.061852137;26.60776015;26.61596871;1.580261328;1.571790118;29.17383496;29.21421807;29.95902248;24.05150041;24.11076896;21.57582221;5.122334555;5.011532318;2.943326182;0.196365336;0.191796464;0.32749093;3259;51;8.481221452;90;134.0213904;5.397008674;2911;53;9.668200609;103.6;85.16786765;5.375322005;1273;176;22.27479692;456.0434783;502.7627005;15.60737159
194;192;21.69421595;17.96621219;794878.4936;NA;NA;NA;NA;NA;0;NA;NA;0;NA;NA;NA;NA;NA;NA;NA;NA;511454;0.511579337;0;0;NA;NA;NA;NA;NA;NA;NA;NA;NA;NA;;;NA;NA;NA;NA;NA;NA;NA;NA;NA;NA;NA;NA;NA;NA;NA;NA;NA;NA;NA;NA;NA;NA;NA;NA;NA;NA;NA;NA;NA;NA;NA;NA;NA;NA;NA;NA;NA;NA;NA;NA;NA;NA;NA;NA;NA;NA;NA;NA
632;633;-21.69421595;-162.0337878;794879.3599;-4911.062206;-4918;20;0.063411817;0.062804183;-414177;-41.42184218;0;-220;-0.007921933;0;0.033447835;0.03312666;0.014009401;0.010041247;0.041336663;0.040717439;4242;15.82835821;18;0;0;0;0;0;34.15459294;34.06217453;0.000734915;0.000714695;33.27925813;33.11255777;209.4794232;209.5040696;204.7578765;207.9335257;41.55048592;41.46686041;0.013551539;0.013548172;0.981951513;0.978874352;34.70803995;34.70969286;35.42442523;35.40502037;1.245363932;1.248844734;25.64789976;25.63565917;0.755858429;0.739009891;28.48828325;28.53558062;29.90566785;22.848443;22.87771834;19.52911593;5.63984025;5.654505262;4.370123301;0.091231044;0.088947732;2.811726911;1918;584;48.57581904;982.0660377;1049.108972;207.2520563;30;14;NA;NA;NA;NA;49;30;NA;NA;NA;NA
537;537;-22.1144339;-60.98932331;794934.104;NA;NA;NA;NA;NA;0;NA;NA;0;NA;NA;NA;NA;NA;NA;NA;NA;8535386;8.511366923;8;0;NA;NA;NA;NA;NA;NA;NA;NA;NA;NA;;;NA;NA;NA;NA;NA;NA;NA;NA;NA;NA;NA;NA;NA;NA;NA;NA;NA;NA;NA;NA;NA;NA;NA;NA;NA;NA;NA;NA;NA;NA;NA;NA;NA;NA;NA;NA;NA;NA;NA;NA;NA;NA;NA;NA;NA;NA;NA;NA
126;124;22.1144339;119.0106767;794934.5982;-1840.024195;-1533;1364;0.257141852;0.149707447;-6801085;-894.2912558;0;-294666;-13.97514821;0;0.206093059;0.141300129;0.048300141;0.010868771;0.08015483;0.068741955;5563171;21.51306483;18;0;0;0;0;0;23.86617358;24.35448651;0.538086021;0.051961312;26.14127487;36.52740173;207.6614157;205.3478311;143.3579245;130.4750253;39.55636184;39.68302344;0.493676971;0.013548172;1.750430632;1.363900754;34.37955928;34.62539237;33.51664614;33.78519026;3.765877247;3.644073854;26.42267078;26.92715291;8.522278056;2.333574554;30.02845499;30.20910286;30.98006759;21.71641695;22.87052296;10.35705744;8.312038035;7.3590911;14.20021114;2.652244087;0.274208897;18.94017403;16871;3125;51.21348118;4601.332083;4628.341622;401.7749611;2522;1000;47.84742927;1904.323529;1981.017245;443.0540541;1292;406;39.97387415;575.3508772;673.7393274;76.7125
249;248;-22.19072253;-26.5963909;794936.6414;-5219.843996;-5258;-17;0.06214172;0.063184177;-49435;-4.918416078;0;-510;-0.018303187;0;0.044139454;0.045661978;0.008396095;0.006576477;0.043879908;0.043475404;0;NA;NA;0;0;0;0;0;43.40335419;43.73334643;0.000831709;0.000778383;31.42240371;31.6682105;211.9033926;211.5261702;229.3498687;229.4307728;45.36702182;45.54398859;0.013572085;0.013548172;1.026067456;1.048436058;34.73130531;34.7281719;37.00014188;37.03672269;1.476499317;1.47974537;24.78020651;24.86519669;0.422141105;0.369855187;28.21069318;28.25178756;28.65816249;21.69274674;21.82645949;19.08457815;6.517946436;6.368353059;3.588690637;0.283584663;0.241145527;5.615227894;13469;513;34.08660007;828.8730159;814.3170124;33.44570662;2493;165;34.17447699;211.8666667;198.0209483;47.13262249;193;59;29.23748611;109.75;91.08747399;24.71731918
573;573;22.18357269;-114.4962718;794939.3131;-3326.454442;-3691;518;0.092446741;0.075820448;-8286365;-860.921039;0;-58556;-2.190237516;0;0.059654314;0.057801781;0.0079421;0.005866678;0.065809191;0.060303296;607773;13.56575599;14;0;0;0;0;0;23.42205525;23.22790092;0.004375779;0.001962425;37.98242239;39.45065159;224.0821889;223.4975675;119.4167455;125.7611963;44.33507133;44.3455865;0.047994059;0.013548172;1.241492507;1.189003181;34.656808;34.68084889;34.17584527;34.25226014;1.860038996;1.878621846;22.85414463;22.92931575;2.090459122;1.315546564;27.46282511;27.88515313;30.86053057;19.01254987;18.84486411;13.02873293;8.450275233;8.046214344;7.814869966;0.427790533;0.060884133;15.20307575;36292;4119;38.02260524;6056.828571;6364.570618;21.19217962;2202;338;38.73940346;688.1428571;705.3602323;80.21446533;831;201;30.56006055;357.8863636;457.0793355;24.21067209
99;97;-22.18357269;65.5037282;794940.7629;-3539.246985;-3546;271;0.067268995;0.067210204;-14067497;-1402.122695;0;-2476;-0.0888538;0;0.056778142;0.051432297;0.008640372;0.006809283;0.048731496;0.048814556;0;NA;NA;0;0;0;0;0;37.52537637;37.61311402;0.001264671;0.000502141;33.62478243;33.72983966;212.6800238;212.4001744;187.8696321;185.05988;45.67611436;45.93652696;0.014534675;0.013548172;1.057267142;1.057317537;34.72451148;34.7249524;35.19256147;35.20093584;2.061618166;2.060907631;24.72458538;24.75365285;1.305004875;1.264074798;28.19263951;28.2376021;29.04453834;21.61127696;21.77150982;18.46178371;6.581362556;6.458224728;3.549944661;0.193353645;0.169178245;5.966427731;1775;329;43.48419752;569.7317073;515.9923177;95.1994259;70;51;40.36231884;75.8;93.94736842;45.37037037;462;196;39.22995195;383.8947368;451.8539305;62.74074074
378;376;22.19072253;153.4036091;794948.3083;-5261.517859;-5558;-310;0.079766087;0.080113037;-1524768;-151.7031141;0;0;0;0;0.04358558;0.03529213;0.02087086;0.017598213;0.045188643;0.044694437;0;NA;NA;0;0;0;0;0;32.15284912;32.03556247;0.001392145;0.001251314;35.5541028;35.37288469;204.3939205;203.6021545;168.9910321;171.6191856;44.72827046;45.00675401;0.013548473;0.013548172;1.16978938;1.175193418;34.69097593;34.69365418;34.95345659;34.97173121;1.671507241;1.677476499;27.43518959;27.60719848;1.026645118;0.993693222;30.10821321;30.08236227;30.67045883;23.93255358;24.29667956;19.93935081;6.175659638;5.897186649;6.517326517;0.076948382;0.068925276;3.384983616;634;202;36.63746857;294.5423729;353.097075;32.96342464;359;153;42.48631181;188;186.4229653;94.28017557;46958;143;22.55833294;381.9090909;413.5322056;18.02779139
146;144;-22.36748796;46.12659307;794963.8996;-2871.59732;-3070;156;0.117481279;0.1009301;-6482616;-1113.660196;0;-57041;-3.526709534;0;0.154213754;0.088643207;0.027559924;0.012673927;0.067618782;0.065297876;6172200;14.33754867;14;0;0;0;0;0;24.83985837;23.70122611;0.044729205;0.00891191;29.15307253;33.17704952;208.1587377;208.3738266;192.2081941;204.7915897;45.79330785;45.11170616;0.10355817;0.013548172;1.278194008;1.285028865;34.78291636;34.73769747;35.04484974;35.10548173;2.434743477;2.290083397;26.21138517;26.1067773;3.974282393;1.760263613;29.42845946;29.34209881;32.54109151;22.93263969;23.0522832;20.49886543;6.495819771;6.445780827;3.859277839;0.921794502;0.391796228;10.50458595;3471;939;44.20737786;1332.87963;1428.525847;49.90014455;964;331;42.03239907;476.7857143;533.8855911;97.32886468;909;397;44.84031852;600.030303;652.4497144;158.0189329
626;627;22.36748796;-133.8734069;794967.6687;-4914.162286;-4930;-2005;0.05668625;0.053278386;-58307;-5.805157308;0;0;0;0;0.05995506;0.057201977;0.009539744;0.007586502;0.048170536;0.04815565;0;NA;NA;0;0;0;0;0;39.43519891;40.1121933;0.002484132;0.000793321;36.51926171;36.33145555;224.1180529;223.9938027;163.6138267;165.6457741;40.71270532;40.51367885;0.013548172;0.013548172;0.891014357;0.878263888;34.69470833;34.69580828;34.79200865;34.79993226;2.523074464;2.484480702;22.11910973;22.10790676;1.051234056;1.045207698;24.66514861;24.68162884;27.25799069;19.81145038;19.86064751;17.62080224;4.853698222;4.8247003;2.581532183;0.024132563;0.023657866;0.343368949;29;19;NA;NA;NA;NA;1;1;NA;NA;NA;NA;NA;NA;NA;NA;NA;NA
137;135;-22.54616078;55.92910679;794985.9037;-4504.120455;-4680;777;0.073815633;0.074117664;-1298037;-129.6481223;0;-2230;-0.080152397;0;0.065958939;0.056516411;0.017829818;0.013036879;0.053794515;0.053954207;167306;30.36406534;26;0;0;0;0;0;34.5784437;34.58417187;0.000767641;0.000686133;33.11648112;33.17432433;211.1260227;210.7234521;204.6303757;208.3852607;45.18806873;45.33759441;0.014026415;0.013548172;1.118063285;1.11856388;34.71863051;34.71677156;35.18706491;35.20440987;2.080418682;2.07730499;25.2368377;25.27529953;0.911935876;0.676136993;28.61171703;28.64575196;29.6970427;22.09629711;22.33871326;19.70616426;6.515419925;6.468769194;2.013573919;0.192935014;0.143870642;6.266284128;4593;1154;50.18574211;1635.042373;1712.545748;309.9703043;484;200;43.98077904;295.7;279.2706081;133.8605714;462;170;35.14956133;321.5;384.0984227;28.81263499
617;618;22.54616078;-124.0708932;794988.9736;-4262.9808;-4266;-365;0.055412991;0.05412799;-448421;-44.61012734;0;0;0;0;0.056327439;0.055628769;0.0068574;0.005537833;0.050226787;0.049954816;0;NA;NA;0;0;0;0;0;35.74084059;35.82715786;0.001977376;0.001088605;37.89285422;38.03499835;228.6642581;229.1603289;148.3046186;146.8724374;39.63248084;39.47822871;0.013548172;0.013548172;0.900718326;0.884973803;34.68584289;34.68419598;34.3872918;34.47549977;2.773000879;2.775823327;21.43088325;21.32555514;1.141617161;1.141522843;24.81157782;24.7325537;27.92622848;18.59743555;18.64683245;16.04874414;6.21414227;6.301428181;3.388749921;0.037416383;0.034844799;1.8208829;195;24;8.092307692;255;NA;2.52708181;27;22;NA;NA;NA;NA;38;32;NA;NA;NA;NA
623;624;-22.56743543;-153.3452538;794991.2318;-4571.639101;-4658;200;0.065879069;0.062876152;-1016260;-101.00984;0;-288;-0.010305958;0;0.03820391;0.036920819;0.01025731;0.007708569;0.040343704;0.039912225;1498;12.8034188;10;0;0;0;0;0;34.58542883;34.57389609;0.000793931;0.000756991;33.73472834;33.7637268;210.4860777;210.3086177;197.0963325;196.7087757;41.11826212;41.0859722;0.013581192;0.013548172;0.993527764;0.964745229;34.70197129;34.70308529;35.59266142;35.5574178;1.201378379;1.211500322;25.30608552;25.36017171;0.962239617;0.956423411;28.39625897;28.5897661;29.69028421;22.4482368;22.55418706;18.76046154;5.948022165;6.04650339;4.983988957;0.097386565;0.091048622;3.592256078;1550;342;47.07656664;463.5283019;441.3892804;158.2466078;281;83;28.96730701;116.6818182;139.253434;19.04969843;574;93;24.39887337;135;127.2200003;8.436853426
185;183;22.56743543;26.65474617;794994.7014;NA;NA;NA;NA;NA;0;NA;NA;0;NA;NA;NA;NA;NA;NA;NA;NA;2660328;2.644206274;1;0;NA;NA;NA;NA;NA;NA;NA;NA;NA;NA;;;NA;NA;NA;NA;NA;NA;NA;NA;NA;NA;NA;NA;NA;NA;NA;NA;NA;NA;NA;NA;NA;NA;NA;NA;NA;NA;NA;NA;NA;NA;NA;NA;NA;NA;NA;NA;NA;NA;NA;NA;NA;NA;NA;NA;NA;NA;NA;NA
540;540;22.65628888;-80.86054604;794999.0618;-1701.833719;-962.5;844;0.131281686;0.118834795;-6506467;-752.3666744;0;-153257;-6.374818019;0;0.160940319;0.089391429;0.042231471;0.01284165;0.07470909;0.06033173;4174853;24.78746156;26;0;0;0;0;0;23.92418953;26.56331629;0.1020423;0.012065196;14.98984975;20.99534896;203.9904597;203.3831597;219.6113746;221.5272329;44.71921533;44.95813281;0.48059815;0.013594939;1.423338707;1.292622034;35.49455172;34.98718517;36.07900096;36.01524362;4.479199083;4.329773531;27.38704324;27.52385182;11.85130657;4.547310156;30.4777863;30.40501408;31.99401757;23.61152579;24.09019716;15.9287946;6.866260517;6.140103355;11.56039117;3.238624118;0.938814067;15.64745823;2183625;11419;40.18020272;13882.25197;14067.54723;67.93925626;26255;2871;36.96287483;3839.465969;3889.595089;44.31863077;22689;2431;37.29226112;3517.804574;3676.168301;48.51765625
635;636;22.63867841;-143.8409093;795000.0022;-5260.129895;-5291;-3716;0.063240173;0.06210355;0;0;0;0;0;0;0.058250061;0.054192093;0.0125736;0.009100362;0.047960476;0.047622982;0;NA;NA;0;0;0;0;0;38.83529871;37.48231836;0.004204498;0.000879602;36.06509342;36.00814248;218.0171459;217.805787;169.2153735;170.1211818;43.73372168;43.7261751;0.013548172;0.013548172;0.955855738;0.950505739;34.69646454;34.69755792;35.0333399;35.05007595;1.874257544;1.816999473;23.26606765;23.30255324;1.009204979;1.004356706;25.68164608;25.70127264;26.57666709;20.83332047;20.78876482;18.94563074;4.848325606;4.818583722;2.846241262;0.045874459;0.046037424;0.093272936;60;31;29.38976899;38.5;44.23529412;16.36363636;3;3;NA;NA;NA;NA;15;15;NA;NA;NA;NA
155;153;-22.63867842;36.15909067;795002.6096;-2140.132016;-2546;123;0.163672564;0.147603532;-12869704;-1926.314025;-2234;-69158;-3.72739032;0;0.138269631;0.088848786;0.04011668;0.028916371;0.070679408;0.064570106;4394740;12.70523273;14;0;0;0;0;0;23.97179475;25.02510407;0.475729823;0.038297855;26.9188386;29.10730493;208.1890822;208.0311335;186.0396765;200.4119028;46.08977808;46.3826511;0.174701742;0.013548173;1.4074467;1.309256459;34.73078378;34.78175156;34.74853531;35.15436396;2.448962111;1.928972753;26.17622017;26.29766982;5.361174366;2.103797333;29.46736012;29.5552809;30.81275779;22.79742407;22.7583484;19.80593265;6.669936055;6.601021405;3.89865907;1.534015435;0.82416713;11.10391902;25352;1928;37.69501655;3015.847973;2923.770028;47.02162373;1117;390;44.74445342;750.5172414;719.7345187;174.1366364;798;431;46.73452918;772.91;907.3100887;238.8612153
87;85;-22.65628886;99.13945395;795010.2183;-5332.04715;-5447;-1543;0.069456363;0.067066247;-707492;-70.37620611;0;0;0;0;0.03155265;0.031772196;0.012974926;0.011197584;0.049328631;0.049191068;0;NA;NA;0;0;0;0;0;35.01748147;34.18956636;0.006986882;0.000725743;33.43519608;33.43751219;219.2859514;219.1922327;205.5464417;206.5416121;44.08773178;44.22502884;0.013548172;0.013548172;0.978081652;0.977791617;34.71354844;34.71319245;35.25059213;35.26825589;2.351308108;2.346575543;23.06411224;23.00629677;0.723381227;0.689954121;25.58521835;25.59305004;27.96850159;20.57304237;20.52850473;17.44699684;5.012175976;4.963215867;3.013935464;0.12315112;0.11908642;0.702897184;5564;146;30.53322379;158;148.0077817;29.74126201;21;6;NA;NA;NA;NA;23;17;NA;NA;NA;NA
216;215;-23.01502538;7.100627794;795013.1195;-3920.692033;-4279;-147;0.226722915;0.201600295;-7918773;-784.6584423;0;0;0;0;0.098222094;0.100242402;0.010355532;0.006376838;0.074833937;0.07089046;0;NA;NA;0;0;0;0;0;34.59769837;35.47365077;1.276895272;0.286378402;26.91427189;24.79548479;232.0446233;231.6782316;220.8466054;225.5507367;43.45817873;43.29689179;0.013549816;0.013548172;1.340094112;1.281308544;34.84929687;34.88272857;35.59749259;35.62502089;1.405217977;1.429806043;19.84748739;19.89510988;1.97718936;1.940307838;23.25466169;23.29174275;24.2433153;16.8600639;16.80824997;15.12807035;6.394597792;6.375998547;2.350137136;0.413259601;0.361020959;3.410397771;297;152;45.19195286;209.372549;250.1169914;88.65226131;494;242;44.43003539;437.7346939;481.9297659;138.6568182;4331;953;45.37206747;1638.151515;1768.97236;222.5333784
365;364;23.01502538;-172.8993722;795014.6569;-4580.327784;-4872;8;0.069152489;0.069521308;-3303207;-327.309453;0;-6839;-0.243988584;0;0.04947889;0.046403993;0.008888609;0.006301275;0.047848116;0.047664191;0;NA;NA;0;0;0;0;0;35.49814582;35.52002201;0.000967213;0.000881903;36.20992841;36.17526384;208.7725808;208.1943618;164.732305;168.7302023;45.16957685;45.49367897;0.017363519;0.013548172;1.072126219;1.072482788;34.68629261;34.69009;35.25148038;35.2812883;1.812368528;1.814782057;25.88037242;25.98870116;1.216823856;1.034184201;28.25421468;28.25865531;28.87527606;22.84668161;23.09271992;18.21104552;5.407533068;5.216714301;6.209540157;0.090904511;0.037989856;7.836767901;107181;757;39.94613944;924.0121951;924.9335863;70.23562704;2083;161;29.19693753;197.0333333;202.9257881;32.29229029;37873;436;28.75919097;529.1935484;558.1629527;26.41229884
587;588;-22.85993954;-118.1469522;795030.7013;-3271.729003;-3329;-386;0.052841066;0.052723257;-24136205;-2393.27764;-3132;0;0;0;0.033548549;0.027217554;0.005380564;0.004155603;0.036231859;0.034241449;0;NA;NA;0;0;0;0;0;48.28719322;48.34384811;0.000536585;0.000528218;35.86941546;35.74134128;211.9350084;211.7437452;164.2256506;164.3277224;45.05084685;45.27090678;0.013548173;0.013548172;0.875470101;0.874591886;34.67601241;34.67770612;36.39186789;36.43361455;1.260216946;1.276068642;24.71770217;24.78181863;1.490941572;1.471410777;27.48253314;27.49079659;28.13533373;22.21799539;22.25137406;19.61680644;5.264537753;5.311548201;3.930272388;0.082922106;0.081898521;1.040422115;167;44;19.85138174;57.31578947;70.83823529;2.858358102;4;3;NA;NA;NA;NA;66;47;37.94347095;101.0909091;168.0720403;29.43243243
149;147;22.85993954;61.85304781;795031.187;-2401.084917;-2931;425;0.265944182;0.212327313;-14685733;-1951.592425;-2439;-90548;-4.332647495;0;0.079089686;0.063050228;0.020810483;0.011061374;0.127588473;0.121500976;3473791;13.24736772;14;0;0;0;0;0;21.20845112;21.35001634;0.230269655;0.191523428;33.17809452;37.5338976;204.953591;204.4136074;102.315216;107.1346684;47.07405931;46.96293826;0.160453623;0.013548172;1.838565555;1.636688498;35.0307312;34.76750123;36.44914676;36.4918317;1.120622062;1.048844482;27.03528718;27.04138369;5.174671589;1.73124295;30.41879603;30.05975218;33.60901557;23.20239239;23.2221769;19.72812062;7.216403635;6.706187357;7.347134395;1.391054456;0.347857884;12.38386853;29940;689;33.70087383;1164.263158;1204.05548;36.05696108;2542;228;31.71491702;342;296.8502277;35.02690807;872;206;40.28552073;258.8723404;286.2077626;91.2168906
614;615;-22.96437345;-144.6165345;795043.5903;-4233.515118;-4414;78;0.066980067;0.062170271;-2566368;-254.4233171;0;-1709;-0.060979091;0;0.041687216;0.036614325;0.007603891;0.005671967;0.040184593;0.040126784;788;5.360544218;0;0;0;0;0;0;36.15956292;35.89820326;0.000790173;0.000753492;34.53500394;34.56631462;210.639579;210.398852;185.6738842;186.118232;41.14963429;41.05656987;0.013852332;0.013548172;0.991795282;0.961422932;34.68918889;34.69219021;35.75421379;35.71436695;1.182319746;1.191356325;25.23660325;25.27276212;1.179680531;1.104527245;28.19692278;28.21444266;29.35163509;22.37566766;22.28422858;18.44671672;5.821255115;5.887958909;4.794091058;0.071033907;0.052137433;7.55900496;895;291;41.65800575;544.122449;550.4794848;55.98832739;112;40;24.86710906;51.4;74.06053753;11.0617284;280;73;27.91278156;82.85714286;94.58083832;16.97704634
176;174;22.96437345;35.38346553;795047.0731;-681.7594632;-700;123;0.103968531;0.096746516;-1967257;-676.9638679;-700;-42113;-5.215878127;0;0.048195115;0.042123282;0.013923401;0.005853425;0.072276731;0.069857704;5165770;7.126123939;5;0;0;0;0;0;22.20500716;21.31135824;0.009429598;0.005060599;13.79464204;15.77005944;199.8776062;200.0443779;85.15373704;60.06290645;48.33490927;48.48981157;0.148563853;0.013549211;1.334593801;1.287985215;40.23114947;40.60018829;37.82053575;37.92004876;1.67100353;1.673917029;27.49771994;27.49440711;21.32418851;21.28121639;31.43406587;31.58492148;33.11402784;23.23001124;23.27645071;19.99258844;8.204054627;8.196212494;5.962156437;1.744587821;0.905108186;12.12870827;3288;1118;49.31143305;1996.160194;2066.942922;226.7586207;454;166;41.82922643;259.137931;241.3905419;100.4463938;446;172;35.83539083;535;607.1343854;47.00283554
605;606;-23.20681685;-135.7052919;795076.9666;-3821.544609;-4007;42;0.059131269;0.058484916;-5006168;-495.1699308;0;-2388;-0.085057881;0;0.041728909;0.037682276;0.007445336;0.005515677;0.038354421;0.038033702;660;5;5;0;0;0;0;0;39.50551171;39.26042358;0.000731314;0.000722722;34.95645082;34.91894552;210.8174002;210.4390136;178.2236423;180.2226471;41.74837348;41.86286267;0.014363942;0.013548172;0.938423476;0.93245737;34.68338897;34.68454942;35.94020304;35.90750686;1.198505072;1.201045648;25.17455994;25.25823388;1.345884175;1.24922643;28.08094539;28.10236883;28.97198542;22.43278957;22.47080943;18.55759937;5.64815582;5.574037839;4.992066049;0.090785861;0.067299383;6.034096039;1635;452;47.46995057;593.185567;597.0319451;152.6771946;88;43;30.91863729;66;72.53742502;27.65714286;46;20;NA;NA;NA;NA
167;165;23.20681685;44.29470811;795077.3983;NA;NA;NA;NA;NA;0;NA;NA;0;NA;NA;NA;NA;NA;NA;NA;NA;13167477;13.02689079;14;0;NA;NA;NA;NA;NA;NA;NA;NA;NA;NA;;;NA;NA;NA;NA;NA;NA;NA;NA;NA;NA;NA;NA;NA;NA;NA;NA;NA;NA;NA;NA;NA;NA;NA;NA;NA;NA;NA;NA;NA;NA;NA;NA;NA;NA;NA;NA;NA;NA;NA;NA;NA;NA;NA;NA;NA;NA;NA;NA
158;156;23.28039582;53.06438004;795086.8266;-63.13419732;-28;722;0.224749322;0.218004581;-77050;-32.21153846;0;-219562;-33.09148455;-24;0.057855046;0.054398042;0.039687763;0.0281718;0.133752126;0.130765905;7232463;9.245753579;8;0;0;0;0;0;15.47807975;16.09540202;0.065046277;0.013449836;1.71579854;0.139245453;200.4966262;200.5087395;186.9089652;201.74882;46.39133124;46.58476184;1.539753986;1.667608457;1.906192206;1.833726739;37.85492634;38.35125432;37.57134405;37.94630985;1.526838348;1.478512928;27.617399;27.69884655;23.65814749;23.56692373;34.63692879;34.66889088;36.48504833;20.06319906;20.08809018;16.30181006;14.57372973;14.64069636;9.756054509;9.868431136;8.038705775;18.2444635;26133;749;29.0820976;1370.861111;1396.750494;25.7890678;290;83;34.31143882;139.1;115.7196686;46.41280353;49;34;NA;NA;NA;NA
529;529;-23.32991793;-52.31825916;795087.6646;35.5;14.5;184;0.476040781;0.478682669;0;0;0;-13;-0.541666667;0;0.037653024;0.03459301;0.037157555;0.038448658;0.197151322;0.185634235;20683450;20.45282396;20;0;0;0;0;0;9.270295508;9.404736922;0.042041282;0.043767563;7.122948463;6.745204591;221.1349699;221.0795794;208.0562647;204.9422043;34.06450222;34.29435649;1.106183428;0.122713047;2.946063024;2.953229061;35.20086038;35.25095358;34.32592777;34.3527872;3.18544326;3.223077874;23.35131666;23.35926053;15.44655797;14.57330766;29.06879484;29.16385519;29.26891286;16.67350933;16.7058086;16.26247164;12.39528552;12.47064129;0.946706794;5.807648115;5.03925585;8.031398549;879;146;36.36315169;214.1428571;207.3305412;47.99906815;NA;NA;NA;NA;NA;NA;NA;NA;NA;NA;NA;NA
125;123;23.32991793;127.6817408;795087.9176;-4182.919905;-5244;275;0.137251788;0.107731597;-4245741;-419.8300208;0;-82711;-2.944290189;0;0.107349357;0.067264228;0.023257479;0.014247901;0.056551106;0.055192195;103622;33.74210355;35;0;0;0;0;0;35.49023653;34.6550306;0.034724245;0.007046271;35.3916325;36.94045322;207.9835998;207.7865486;147.3533974;159.7987985;40.05155986;40.82696118;0.023335373;0.013548172;1.275951587;1.237294599;34.6363613;34.68189336;34.53726723;34.55137262;1.666583069;1.636760468;26.42871854;26.4102867;2.71577389;1.132057358;30.18465191;30.19887718;30.5927463;22.04849916;22.19581188;16.9277641;8.136152753;7.989337787;7.620131465;0.469579608;0.052819472;10.57264378;13065;1218;37.19238068;2045.142857;2122.589328;52.68410198;1600;408;41.5787309;647.2857143;747.8453736;100.5104044;5927;576;36.30239451;919.0705882;917.245327;53.04854344
596;597;-23.28039582;-126.93562;795090.0085;-3681.48689;-3726;18;0.0549456;0.054891004;-7486714;-740.745424;0;0;0;0;0.034733234;0.032239949;0.006419415;0.004992478;0.036879694;0.036332868;82;1.64;2;0;0;0;0;0;43.60025754;43.51035017;0.000643725;0.000640506;35.1895033;35.15918003;211.2595045;210.8071934;173.1604283;170.8773888;43.34602264;43.44761818;0.013548184;0.013548172;0.891054801;0.891039898;34.68177761;34.68269687;36.17011913;36.16669195;1.224862739;1.213225179;25.02095704;25.15678813;1.308674313;1.288386113;27.89852616;27.96289711;28.47703675;22.35249118;22.40794499;18.55151404;5.546034979;5.644765044;5.403981387;0.078491881;0.076327946;1.333405238;1068;358;47.39468779;676.6111111;640.862342;157.2406948;271;78;35.46399307;88.55555556;90.65594726;52.49535382;43;35;NA;NA;NA;NA
363;362;23.34251384;-153.6539915;795091.1127;-4899.990031;-5185;781;0.073113659;0.073883392;-729163;-72.69095803;0;-10961;-0.393459688;0;0.055225202;0.051097943;0.01515529;0.012643078;0.051033234;0.051704373;276208;22.39766461;18;0;0;0;0;0;36.69194851;36.69220868;0.000847848;0.00069648;36.08328763;36.0566582;213.3511119;213.239282;165.6386473;170.7720507;44.89697295;45.09468242;0.015880733;0.013548172;1.082623204;1.077393038;34.68610568;34.69398311;35.1744566;35.20338968;1.830840185;1.797446973;24.3278561;24.33436091;1.213600504;1.002445997;26.92281294;26.89511065;28.06403831;21.59743009;21.80648271;18.80859258;5.325382846;5.147813029;4.00267026;0.119674828;0.08510384;4.916355631;173104;2616;37.86305746;4087.938462;4233.971027;43.79098616;22638;1008;36.12101663;1260.261905;1337.680428;58.55845962;6322;655;37.47059009;945.8157895;980.6931796;50.50212407
200;199;-23.34251384;26.34600851;795094.7431;NA;NA;NA;NA;NA;0;NA;NA;0;NA;NA;NA;NA;NA;NA;NA;NA;12270637;12.13722463;11;0;NA;NA;NA;NA;NA;NA;NA;NA;NA;NA;;;NA;NA;NA;NA;NA;NA;NA;NA;NA;NA;NA;NA;NA;NA;NA;NA;NA;NA;NA;NA;NA;NA;NA;NA;NA;NA;NA;NA;NA;NA;NA;NA;NA;NA;NA;NA;NA;NA;NA;NA;NA;NA;NA;NA;NA;NA;NA;NA
364;363;23.47231054;-163.3095363;795108.9405;-4393.032918;-4709;462;0.071632177;0.071661037;-2413966;-238.6285093;0;-11495;-0.409118411;0;0.060413984;0.051061297;0.013366115;0.009488518;0.050717968;0.051125807;48240;16.60585198;18;0;0;0;0;0;34.97817629;35.42619123;0.000869808;0.00078193;36.51756737;36.64479909;210.7106002;210.2091612;157.3190075;159.2043956;45.12738041;45.46105558;0.01866814;0.013548172;1.0915994;1.08643887;34.67927317;34.6861571;35.21734472;35.25020716;1.820532937;1.797986386;25.2048584;25.16487329;1.343826893;1.062585806;27.61266707;27.60309645;28.33693346;22.19330607;22.35110781;18.51144197;5.419361002;5.061421139;5.091755067;0.117277781;0.047476304;6.188629241;134747;1221;42.78150647;1607.678832;1589.259358;87.88084132;12408;522;30.43338244;735.9784946;771.0294355;33.17439745;20433;720;32.09229979;965.024;1008.003909;28.77009393
208;207;-23.47231054;16.69046374;795114.1018;-1010.946444;-367;94;1.73061846;1.256398881;-1996183;-835.2230126;-328;-111356;-16.8008449;0;0.120043533;0.105963052;0.016319243;0.012576924;0.151061446;0.137977572;3444569;4.442157676;4;0;0;0;0;0;17.98304963;17.64225996;4.193325363;3.354321648;19.62161325;22.54250011;236.078211;239.4251422;83.99821063;25.00956878;44.22651381;44.5055314;0.079458182;0.014346822;7.440789704;5.797684811;34.87529635;34.8834832;35.03597383;35.05777404;5.047717156;2.862168748;16.70460077;16.98037218;7.768684953;8.863455729;20.17691718;20.64996567;22.6767186;14.02081351;14.10194452;11.3078635;6.156103665;6.332126778;3.916339418;2.653921586;3.473487989;6.094100206;5138;536;43.0295078;884.6338028;871.8616567;92.16256109;2623;520;42.00079308;836.1518987;812.4073195;105.9834712;1163;399;44.11635366;630.6;658.3235349;149.043416
227;226;24.05151665;-23.41651769;795187.5244;-4742.424513;-4888;-319;0.098945111;0.067713352;-1184669;-116.4408296;0;0;0;0;0.06501753;0.06268781;0.00605883;0.005389968;0.064186019;0.060925597;0;NA;NA;0;0;0;0;0;38.40943624;39.10531507;0.115484101;0.002166875;22.86654681;22.86223681;219.174464;219.0941746;248.6866837;249.7063678;45.2462616;45.22841098;0.01354821;0.013548172;1.091554506;1.042746018;34.90316405;34.89505573;36.98514681;37.04439499;0.981654383;0.968661866;22.87862425;22.85274418;2.025750507;1.94608693;26.05502199;26.07431802;26.92508221;20.03598204;20.07914729;18.45582511;6.019039945;5.979217372;2.042310495;0.18632592;0.152856902;2.117829715;202;72;33.4135784;109.1875;122.8694432;27.8715847;867;272;43.77446582;344.5084746;347.23676;142.7167268;679;266;42.76355365;538.5609756;532.9441098;111.7133511
393;391;24.04882016;95.28695717;795187.9969;-7.12745098;-6;298;2.986205291;0.942373951;0;0;0;-6419;-11.32098765;-5;0.070867198;0.062177376;0.021875926;0.017629992;0.150656396;0.159885306;14738098;14.77251797;14;0;0;0;0;0;9.371051349;9.435134636;33.91336952;23.60857147;14.69776942;4.163626769;243.9032048;221.4435955;220.0368541;209.8592168;40.94114613;41.09377247;9.247852855;4.539144962;10.75784172;4.997361905;26.30367119;29.86985914;20.64076254;23.66895045;42.25320599;40.76958869;27.5216509;27.86202881;28.16341519;28.4165986;30.19230587;30.27230377;30.77738508;23.16129719;23.60529232;20.7393114;7.031008674;6.794605309;4.608025001;7.157102108;7.089748174;5.883265948;92;74;47.55795509;184.2;200.2352941;64.12121212;NA;NA;NA;NA;NA;NA;NA;NA;NA;NA;NA;NA
327;326;-24.05151665;156.5834823;795188.3941;-2336.941746;-2330;172;0.145356866;0.134067205;-15113119;-1507.543042;-1786;-131214;-4.714162535;0;0.084995516;0.049341126;0.020458244;0.009050288;0.059964312;0.058194731;430720;21.80639935;18;0;0;0;0;0;36.1938229;36.46107839;0.025134759;0.014624501;31.3215304;35.36694012;214.0277584;213.3104873;178.0967975;184.7526523;44.47419402;44.6406326;0.105996249;0.013548172;1.223809533;1.193899054;34.75772318;34.70337852;35.455123;35.46810279;1.305244695;1.296233469;24.38206189;24.40256113;4.335845354;1.933723633;28.16343075;28.11123557;29.71903835;20.94158476;20.84315187;16.31090181;7.221845986;7.139287193;7.057062255;1.07558991;0.41296199;12.44698132;273731;6854;30.51424793;9221.08982;9468.025472;13.11793402;11471;1750;44.6957015;2439.706271;2449.041382;147.360722;5037;1173;41.05514379;1723.415323;1777.053189;85.14139353
299;298;-24.04882016;-84.71304283;795190.0659;-3712.875;-3898;-3;0.090578286;0.090364708;-6311305;-620.2147209;0;-2304;-0.081545976;0;0.069533933;0.069168024;0.005473583;0.003972818;0.051599384;0.051378875;0;NA;NA;0;0;0;0;0;46.37730985;46.26645035;0.187090263;0.101631089;35.82142771;35.83487748;233.4422999;233.341045;160.7870516;160.9460234;42.06787288;42.09882674;0.01393028;0.013548172;1.005045869;0.999463739;34.68255504;34.68773984;35.14843161;35.15257856;0.858796022;0.845352228;19.92634177;19.9349977;1.516929312;1.434083118;23.05166399;23.0955652;24.13289802;16.96831603;16.89840456;15.39974861;6.083347951;5.952171227;2.425836484;0.077346567;0.056629492;5.861614799;653;197;43.08762841;268;251.2865312;56.90764714;726;278;43.80214599;380.7808219;420.8813839;134.5267994;479;231;44.66114877;348.0175439;372.6730471;142.5985084
62;59;-24.23135947;-22.22659442;795207.8335;-3124.069155;-3030.5;89;0.074403723;0.073594921;-12425082;-1220.538507;-1144;-3388;-0.119742702;0;0.032644185;0.029328493;0.01247041;0.005253131;0.053601136;0.053381741;0;NA;NA;0;0;0;0;0;31.52359677;30.77667519;0.000958424;0.000893538;35.2959474;36.14572702;214.9406559;214.6891647;166.2911572;158.3124347;41.14697907;41.16146863;0.013925643;0.013548172;1.054374992;1.059041131;34.63961254;34.67658977;35.23538791;35.24372767;1.25691919;1.261946521;24.14727891;24.1315972;2.043866005;1.581431193;27.63546961;27.60683073;29.70488317;20.80084421;20.73771711;18.08240519;6.834625396;6.828318716;2.760160285;0.253809007;0.104521872;6.825551428;2202;645;47.28256623;977.2222222;1051.750157;135.7904111;476;212;43.24875143;290.6206897;309.3032132;109.0356112;1609;622;46.64437611;927.1020408;1022.186029;274.5075814
466;465;24.23135946;0.633317924;795212.2864;NA;NA;NA;NA;NA;0;NA;NA;0;NA;NA;NA;NA;NA;NA;NA;NA;1530448;1.502469022;1;0;NA;NA;NA;NA;NA;NA;NA;NA;NA;NA;;;NA;NA;NA;NA;NA;NA;NA;NA;NA;NA;NA;NA;NA;NA;NA;NA;NA;NA;NA;NA;NA;NA;NA;NA;NA;NA;NA;NA;NA;NA;NA;NA;NA;NA;NA;NA;NA;NA;NA;NA;NA;NA;NA;NA;NA;NA;NA;NA
523;523;24.33325838;-65.46572212;795227.2965;-5564.094874;-5535;-4156;0.085093264;0.084102659;0;0;0;0;0;0;0.040728455;0.03179064;0.022943472;0.018560219;0.045083453;0.044770456;0;NA;NA;0;0;0;0;0;28.40249028;28.23411832;0.004806619;0.001965461;22.24860353;22.61192619;207.1317693;206.4710505;259.3080435;258.0667839;43.96394822;44.06286186;0.013548172;0.013548172;1.219565217;1.203344626;34.87314706;34.87054956;36.43560237;36.52119867;2.984401383;2.722204461;26.38422136;26.48821992;1.624905268;1.608028245;29.4090378;29.44082278;29.9888047;23.14410285;23.14355321;20.19605565;6.264934953;6.283939634;4.32284164;0.242000577;0.22888956;0.449767814;4209;161;17.97653703;289.3333333;227.3684167;9.101501343;1763;39;9.422580363;63;58.29596222;5.60512188;927;130;26.47486702;198.875;208.6410776;23.47059788
77;75;-24.33325838;114.5342779;795242.5467;-1790.62568;-1056;194;0.126777339;0.115231074;-3154385;-612.739899;0;-179551;-12.57976599;0;0.057540998;0.041822952;0.027208229;0.013192719;0.077875293;0.067661806;2499724;4.851929923;4;0;0;0;0;0;31.15150711;33.23382407;0.003713015;0.003318493;23.03141585;33.64489025;213.7223916;214.1021278;178.1868113;193.6925451;46.76260467;46.84467809;0.371724611;0.013548172;1.23932767;1.166651351;34.83021863;34.7134105;35.11000753;35.16286992;2.5342528;2.45572265;23.98151137;23.8036483;9.481057436;4.800377978;27.70075699;27.65980934;32.03019458;20.90440429;20.81515678;17.77713192;6.796352706;6.598120958;7.063869503;2.800492899;1.058868965;12.66763041;1116055;8924;36.42771702;12271.21815;12298.0781;42.38022533;11446;1734;27.20463827;2531.296919;2651.586192;4.654339167;3390;1014;47.33683295;1482.089623;1585.07381;379.077055
124;122;24.67980715;137.2318548;795280.0824;-4257.055284;-4567;1;0.128590207;0.099230577;-5830055;-570.4554795;0;-396;-0.013947591;0;0.0380022;0.033525035;0.008883652;0.006484994;0.052040639;0.051324536;36.07364497;26.38508145;29;0;0;0;0;0;33.97428018;32.15541142;0.046087177;0.005847371;37.20781341;37.02204135;209.7187413;209.7264591;153.7745413;158.7566815;41.43121175;41.55010645;0.013552548;0.013548172;1.280440254;1.227101939;34.67152171;34.68090149;34.7180718;34.71097008;1.574778238;1.580716646;26.07452534;26.13941041;1.239006369;1.138821552;30.3091344;30.35529526;30.94324936;21.20532525;20.93338181;18.65214772;9.103809156;9.356788245;6.14182606;0.092075301;0.053919505;3.883851165;5885;267;30.10499788;330;314.6428378;32.3616628;531;145;29.98061361;457.2142857;386.771245;17.44700204;212;82;31.5556074;127.047619;154.9291247;20.10017889
521;521;-24.67980713;-42.76814521;795286.0724;-2065.473555;-2444;913;0.222284036;0.134056023;-11305521;-1387.350718;-1429;-296697;-13.10209759;0;0.09123632;0.043344182;0.044760125;0.029743211;0.068539265;0.060207333;5270415;24.22065717;22;0;0;0;0;0;32.17492025;37.59377378;0.030487008;0.013713035;18.77066608;20.9297685;214.1680504;212.739042;235.8872873;245.9209767;40.46325926;40.36349076;0.319167505;0.013564899;1.626379494;1.199640083;35.05588755;34.91439929;36.60408191;36.76865639;1.529223347;1.48402656;24.15854057;24.17109741;6.474341099;3.096310913;27.84633201;27.96425463;29.38911038;20.50631114;20.57221225;15.13175321;7.340020867;7.08058835;8.849834408;2.363027855;0.763900962;12.56266954;29555;3793;51.60827067;5403.53096;5575.500597;541.6924439;3173;727;43.74094651;1141.965035;1250.703203;152.0720338;5088;984;43.36278575;1443.606742;1482.11911;124.0262159
241;240;-25.30876276;-17.4074164;795369.9135;-4120.791898;-4179;-1937;0.060056692;0.059677139;-5513587;-536.9156685;0;0;0;0;0.037535455;0.034043479;0.009970956;0.007691492;0.044148364;0.043939397;0;NA;NA;0;0;0;0;0;42.38953923;42.42915412;0.006165442;0.00077927;26.91376901;27.02920636;218.7908329;218.2779551;239.1788372;239.1329019;44.02580621;44.18751726;0.013548172;0.013548172;0.944422368;0.931768584;34.81147013;34.81016867;36.54398908;36.58602012;1.546357473;1.557839476;23.10534135;23.22739036;1.374491438;1.35484261;27.05613197;27.16990582;27.92201268;19.53184369;19.65082328;16.75531622;7.524288275;7.43399866;4.180653388;0.533015181;0.520826949;1.221169525;387;90;32.33633583;408.75;188.6158913;35.0009348;217;63;27.56623187;883;148.9736785;24.11111111;1;1;NA;NA;NA;NA
377;375;25.30876276;162.5925836;795370.4475;-5549.881391;-5776;-77;0.076465906;0.074595933;-698209;-67.99191742;0;-154;-0.005394423;0;0.034711936;0.029446554;0.019000464;0.016113335;0.048132805;0.046952755;0;NA;NA;0;0;0;0;0;33.25413581;33.00519055;0.005356408;0.001592411;35.44384806;35.4067953;210.3405733;209.3602462;173.6033809;175.5310987;43.17086703;43.42743488;0.01354837;0.013548172;1.145537925;1.142945809;34.69281128;34.69412027;35.14410089;35.15073763;1.670377387;1.682297437;25.9152564;26.08791189;0.980392417;0.954272605;29.2900316;29.28705791;30.03931485;21.54740809;21.54751226;17.45898502;7.742623518;7.778126625;6.370926894;0.07963875;0.079364264;2.819856139;46;18;NA;NA;NA;NA;3;3;NA;NA;NA;NA;32;22;NA;NA;NA;NA
548;548;25.62650111;-89.77094537;795399.2733;-1873.654485;-1996;13;0.231088637;0.138755504;-12152597;-1223.456861;-580;-296682;-10.75519304;0;0.127883678;0.08418356;0.024290982;0.017042403;0.081789674;0.06421367;1161359;24.27234727;20;0;0;0;0;0;26.04139007;28.34451969;1.288508874;0.054547765;18.02391713;22.40695125;209.0699328;206.5392571;207.9726643;216.9282151;42.80487019;42.47821794;0.690425746;0.013548175;1.731107703;1.307377506;34.91492426;34.96793187;35.32360963;36.08748467;4.980633825;3.687793456;26.22736359;26.51535678;9.541231854;3.979146899;30.44803623;30.4724565;32.67129063;21.31971569;21.89671027;11.90755774;9.128320537;8.550639538;15.84156937;2.672611409;0.15606102;21.49112484;246857;8880;31.66440236;11375.03349;11401.66064;18.71594227;28494;2252;26.36510118;3047.038265;2968.644301;15.4851554;56031;3457;38.83842698;4304.228007;4273.895327;49.82418333
88;86;-25.62650111;90.22905463;795400.0556;-4173.537805;-4453;-291;0.083041457;0.06616589;-6115774;-593.5915753;0;0;0;0;0.027317634;0.024899954;0.007262594;0.005938431;0.045260786;0.045096579;0;NA;NA;0;0;0;0;0;39.30114923;38.77737813;0.165711083;0.002695053;33.42449271;33.3326103;223.9123982;222.7430909;198.1579729;202.3313098;43.14632219;43.37697722;0.013548191;0.013548172;1.021860079;0.971145474;34.71665148;34.71586006;35.61786914;35.64981985;2.126128749;2.121794372;22.00504947;22.06537814;0.986323434;0.768845143;25.42609351;25.49128504;27.22770172;18.86174853;19.00198354;15.20606299;6.564344981;6.437769653;3.525072147;0.164157681;0.128736265;2.985957794;1721;103;33.59412436;103;103.1597052;37.3757461;57;41;36.8922557;146.6;167.2360491;27.30252101;55;37;34.76240391;67.66666667;66.35738236;29.95049505
235;234;26.14223993;-32.10721457;795487.0707;-5257.022611;-5297;-830;0.064356803;0.064444443;-26104;-2.522369311;0;0;0;0;0.04056503;0.039703784;0.007697826;0.006373073;0.050130669;0.04974576;0;NA;NA;0;0;0;0;0;44.99514432;45.32263195;0.001204807;0.001200292;22.6109052;22.62045871;216.4350236;216.3154268;252.7637917;252.6772274;44.17181419;44.42496144;0.013548173;0.013548172;1.019044017;1.013931385;34.89680949;34.89573088;37.28149228;37.31651183;1.183941261;1.230514718;23.57648816;23.58228105;1.945286749;1.927081249;27.02489174;27.04400106;27.61301718;20.61738628;20.62459873;18.70567394;6.407505452;6.488095513;3.191042129;0.100818595;0.097061468;1.449115663;988;267;44.85153438;352;321.602098;99.5862069;584;169;42.16770993;228.4;206.4067762;111.1655802;1431;258;42.5783765;323.3947368;313.8508752;126.7884961
328;327;-26.14223993;147.8927854;795487.2453;-11.07751938;-15;118;0.323467175;0.319848627;0;0;0;-10460;-14.58856346;-15;0.073297254;0.06583549;0.040806344;0.030962499;0.096866674;0.089821413;5376479;5.306805945;4;0;0;0;0;0;17.65874464;18.65415706;0.020079383;0.011045624;0.080424678;0.010122427;214.2203834;214.0064222;212.3479501;212.7860749;45.03197749;45.41507666;1.753567196;1.680837309;2.091056128;2.089314435;35.51410546;35.50323841;35.52109522;35.49150659;2.066753292;2.005892334;24.23105803;24.25937111;24.04387667;24.0859807;29.25425103;29.19258429;29.95605802;19.10094519;19.22648572;17.16247175;10.15330584;9.896818376;3.915506858;9.578576749;9.502346551;8.925500503;53195;2586;22.32988217;3481.924479;3456.192728;2.959869212;1;1;NA;NA;NA;NA;28;8;NA;NA;NA;NA
403;401;26.2062437;79.23349174;795488.9475;NA;NA;NA;NA;NA;0;NA;NA;0;NA;NA;NA;NA;NA;NA;NA;NA;25004511;24.15215722;22;0;NA;NA;NA;NA;NA;NA;NA;NA;NA;NA;;;NA;NA;NA;NA;NA;NA;NA;NA;NA;NA;NA;NA;NA;NA;NA;NA;NA;NA;NA;NA;NA;NA;NA;NA;NA;NA;NA;NA;NA;NA;NA;NA;NA;NA;NA;NA;NA;NA;NA;NA;NA;NA;NA;NA;NA;NA;NA;NA
316;315;-26.2062437;-100.7665083;795494.5314;-3410.966586;-3504;-57;0.04850396;0.048615751;-15602948;-1506.803283;0;-669;-0.023267137;0;0.030750741;0.030110263;0.003244067;0.002436681;0.03827655;0.038196302;0;NA;NA;0;0;0;0;0;53.72248983;53.71655052;0.000777563;0.000551795;35.86915836;35.90852346;222.9092104;222.7168191;162.4353414;160.9587496;43.32461246;43.52815632;0.013569705;0.013548172;0.790362746;0.789910078;34.67765518;34.68148579;35.80602743;35.82614662;1.415464678;1.415683052;22.04277885;22.08349783;1.564452259;1.531895187;25.50305487;25.49108253;26.31733421;19.14664248;19.28274945;16.59215744;6.356412387;6.164041691;3.697573556;0.068209033;0.055617377;4.296643408;648;151;37.61933676;171.2941176;192.461809;52.18791946;741;310;45.83691225;427.04;440.8745777;199.1588683;188;135;45.32602351;317.8076923;317.0307784;105.8203593
291;290;-26.84504948;-76.24180067;795588.4078;-4166.544651;-4162;7;0.219927188;0.161444519;-1889119;-181.4018629;0;-205;-0.007088275;0;0.081098487;0.080666286;0.005363438;0.00454739;0.071521527;0.069538113;0;NA;NA;0;0;0;0;0;34.5598574;36.20842254;2.637799245;2.298093279;35.66190178;35.64721886;243.7226929;242.8172566;164.4788775;164.8810164;39.90435899;40.14318268;0.013567512;0.013548172;1.632370536;1.436835997;34.6883726;34.6888901;34.57623278;34.57140593;0.746279835;0.713290748;17.92504932;18.03870161;1.377227673;1.378827189;21.41293581;21.42147979;23.50869927;14.52946918;14.71517969;11.98363802;6.883466636;6.615173098;3.975313206;0.048807882;0.043933228;6.05821416;471;134;39.46558576;172.8965517;179.010603;58.30249671;361;90;35.57421859;111.6666667;107.8865161;53.74061856;154;62;33.41986578;93.5;93.50488179;37.88498403
392;390;26.84504948;103.7581993;795588.6133;NA;NA;NA;NA;NA;0;NA;NA;0;NA;NA;NA;NA;NA;NA;NA;NA;19260805;18.4986069;18;0;NA;NA;NA;NA;NA;NA;NA;NA;NA;NA;;;NA;NA;NA;NA;NA;NA;NA;NA;NA;NA;NA;NA;NA;NA;NA;NA;NA;NA;NA;NA;NA;NA;NA;NA;NA;NA;NA;NA;NA;NA;NA;NA;NA;NA;NA;NA;NA;NA;NA;NA;NA;NA;NA;NA;NA;NA;NA;NA
258;257;-27.32833645;-33.10978791;795668.5459;-4057.492587;-4300;-329;0.059188217;0.058105614;-5749282;-549.9074127;0;0;0;0;0.020279921;0.019135942;0.009828834;0.007335655;0.053782231;0.053860078;0;NA;NA;0;0;0;0;0;38.33145324;37.96878106;0.003509093;0.001931342;28.67764496;29.94471275;218.9362447;218.268171;231.6951578;230.2747004;39.43226723;39.37346168;0.013552567;0.013548183;0.935763057;0.932584928;34.77765697;34.77264395;36.33906262;36.31425641;1.41118222;1.435407962;22.97148227;23.09012637;1.322946428;1.168749283;27.02534308;27.12407418;28.5832635;19.56949834;19.43418066;16.14854933;7.455844739;7.560335974;3.221467784;0.643204948;0.606463205;4.82016757;147;102;45.49041844;234.1428571;316.6261416;66.90092879;23;21;NA;NA;NA;NA;82;75;47.4179464;359.75;439.2857143;70.04166667
387;385;27.32833645;146.8902121;795668.9031;-5454.957054;-5842;97;0.140475854;0.102586374;-2281779;-218.2476327;0;-2503;-0.086194428;0;0.02393357;0.020883692;0.026740396;0.01998423;0.054491307;0.054331797;0;NA;NA;0;0;0;0;0;37.37239317;33.24428722;0.115787063;0.010468357;35.60695377;35.42212422;215.0491426;215.2788407;166.6042477;171.0303449;39.98052117;40.17400497;0.013990644;0.013548172;1.332440191;1.239330612;34.68549266;34.69271782;34.81612595;34.83536343;1.524260457;1.509103849;25.03566154;25.0113869;1.107359998;0.968492724;29.52090763;29.46267459;30.41884718;19.97895144;19.53181939;16.32576828;9.541956191;10.0293217;6.123971737;0.107618844;0.07284791;5.948133308;490;242;41.62921002;560.0731707;512.1739799;36.81386078;24;22;NA;NA;NA;NA;246;115;36.11904535;250.7142857;317.5556802;40.45187166
457;456;27.40723587;10.13421162;795675.3382;NA;NA;NA;NA;NA;0;NA;NA;0;NA;NA;NA;NA;NA;NA;NA;NA;2489431;2.379357178;1;0;NA;NA;NA;NA;NA;NA;NA;NA;NA;NA;;;NA;NA;NA;NA;NA;NA;NA;NA;NA;NA;NA;NA;NA;NA;NA;NA;NA;NA;NA;NA;NA;NA;NA;NA;NA;NA;NA;NA;NA;NA;NA;NA;NA;NA;NA;NA;NA;NA;NA;NA;NA;NA;NA;NA;NA;NA;NA;NA
52;50;-27.40723587;-169.8657884;795676.2699;-5414.117512;-5502;-744;0.066876591;0.064782486;-428377;-40.92643546;0;0;0;0;0.033763177;0.030780448;0.01378574;0.011259679;0.050124355;0.050112927;0;NA;NA;0;0;0;0;0;36.86575165;36.46283539;0.010920372;0.001003528;33.16349127;33.15017305;221.8779026;221.3813884;208.1673861;208.6922654;39.44256195;39.46271181;0.013548301;0.013548204;0.945073412;0.93983592;34.7092648;34.7098181;35.43956864;35.4495343;1.202109875;1.231255091;22.43197441;22.41179138;0.588178494;0.569008297;26.27943944;26.39618807;28.20275167;19.0263689;19.05579518;15.88552241;7.253070539;7.223708082;3.352929098;0.06721149;0.062351828;1.331238134;298;46;13.55409935;139.5;223.9097986;2.20609132;13;10;NA;NA;NA;NA;124;76;39.62713888;121;149.6479958;51.25333333
63;60;-27.52573858;172.4182723;795692.5495;-3413.992367;-3594;-6;0.102555669;0.080323868;-12643585;-1206.333842;0;-737;-0.025329072;0;0.030751939;0.028187184;0.008815166;0.006379606;0.05958782;0.059122421;0;NA;NA;0;0;0;0;0;37.74406905;37.14733558;0.109136766;0.00314173;36.11315434;36.10629132;222.502829;222.2909794;156.419677;155.8248924;41.00072607;41.06208709;0.013576364;0.013548172;1.062960482;1.04855829;34.66481867;34.67855045;35.56015993;35.60635206;1.15551313;1.194171115;22.24539569;22.28315882;1.74513478;1.540344059;26.11724677;26.23266389;28.34677871;18.82785187;18.71888552;16.09997585;7.289394898;7.344663835;2.727870354;0.158470999;0.059220995;4.828025116;599;182;34.13379572;238.2881356;265.6619781;18.69631598;613;276;43.36192762;640.7631579;555.0818397;115.7280567;9887;1984;47.30936245;2827.916667;2880.699442;393.4045493
473;473;27.52573858;-7.58172766;795699.0551;-682.0554562;-245;237;0.656663325;0.704465232;-364644;-652.3148479;-245;-48183;-31.08580645;0;0.077783139;0.063877257;0.029197385;0.020739561;0.119635158;0.101385046;4330451;4.361078857;1;0;0;0;0;0;22.32788118;22.66484964;0.182793207;0.187524847;14.55523247;14.45813194;237.5814804;239.2174563;197.9670176;204.84705;42.99539489;43.17004211;0.289187138;0.014922805;3.637223894;3.859241083;35.87437999;35.78515776;36.38729644;36.39489173;1.116393808;1.096677596;19.0974977;19.14262252;11.83355943;12.916328;22.31480532;22.50288844;23.5865862;16.04456273;16.13425537;15.24561904;6.270242586;6.272348841;2.862131918;3.590617563;3.228288239;4.874490194;396;63;19.62684485;120.2727273;159.6252857;5.760634781;10;7;NA;NA;NA;NA;22;14;NA;NA;NA;NA
329;328;-27.68038255;139.0456002;795715.9183;NA;NA;NA;NA;NA;0;NA;NA;0;NA;NA;NA;NA;NA;NA;NA;NA;1950889;1.859563955;0;0;NA;NA;NA;NA;NA;NA;NA;NA;NA;NA;;;NA;NA;NA;NA;NA;NA;NA;NA;NA;NA;NA;NA;NA;NA;NA;NA;NA;NA;NA;NA;NA;NA;NA;NA;NA;NA;NA;NA;NA;NA;NA;NA;NA;NA;NA;NA;NA;NA;NA;NA;NA;NA;NA;NA;NA;NA;NA;NA
243;242;27.68038255;-40.95439979;795724.0293;-3937.131015;-3925;-1027;0.067106351;0.066414415;-9987495;-951.6431634;0;0;0;0;0.023420353;0.020920647;0.005388699;0.004147149;0.047448296;0.046197796;0;NA;NA;0;0;0;0;0;41.05870165;40.4740453;0.001939764;0.001471575;21.78828557;22.24757684;214.6783626;214.4233545;255.7642561;254.4874327;43.42874732;43.52973433;0.013548731;0.013548172;1.045873004;1.046633736;34.92460131;34.91903211;37.17753689;37.19661673;1.232520177;1.246443752;24.09861993;24.1115473;2.26120635;2.166683639;27.7176179;27.74808499;28.23431386;20.80527898;20.82942992;18.31041638;6.912338914;7.004240281;4.09173835;0.337099127;0.294583671;2.476962924;944;113;31.52307721;150.1875;146.7020115;34.87812133;261;203;47.45179607;547.5277778;563.195825;166.5550122;453;150;28.40965634;200.8928571;251.7886813;6.43389246
89;87;-28.01842961;81.39887436;795730.7862;-4047.759361;-4090;-848;0.102881628;0.106614685;-2455633;-233.3808211;0;0;0;0;0.019897384;0.018398463;0.005876118;0.004855043;0.045740365;0.044001701;0;NA;NA;0;0;0;0;0;39.23121939;38.34510181;0.52603772;0.155618362;33.25826066;33.16898579;227.0696277;226.0089858;196.3503006;197.4656118;41.94928004;42.08517309;0.013548184;0.013548172;1.131655406;1.081433114;34.7279679;34.72744742;35.75155696;35.79921936;2.124065297;2.096897916;21.41923206;21.59671406;1.074563474;1.06478858;25.30126816;25.33783757;26.91190013;17.69472974;17.84691409;13.8740236;7.606538426;7.554074674;4.331140784;0.061129912;0.054102166;1.24460549;3460;133;32.37377027;142.3333333;134.826081;35.38710745;NA;NA;NA;NA;NA;NA;69;61;45.67460015;265.4285714;299.5952941;54.72413793
556;556;28.01842961;-98.60112564;795741.5071;-750.0575;-99.5;20;0.254099607;0.213630487;-1554666;-647.7775;0;-126527;-18.94684037;0;0.060545852;0.061008549;0.01840409;0.015688213;0.098885799;0.077292558;11697011;14.21733159;12;0;0;0;0;0;23.08543015;25.9978952;1.114469168;0.426812294;13.39956609;15.8116181;212.1505583;209.1662427;199.5327301;212.3045768;40.91729032;41.01876849;1.033990467;0.102441592;1.758449205;1.459671583;34.92007189;34.96790437;34.90425907;35.73097043;6.465681714;5.285156178;25.13173293;25.47066249;13.98309988;15.99915435;30.55642277;30.534507;32.0363453;18.67372267;19.76301973;12.33694177;11.88270009;10.45747796;11.33477337;6.322102608;3.570025606;19.52842966;403851;4225;39.7779918;5154.557674;5670.707993;72.94990498;2510;692;38.00731058;813.136646;788.8790648;37.25400918;4444;1084;45.84817581;1250.660714;1264.201089;232.78644
233;232;-27.98858169;-8.198539017;795749.6648;-4090.152523;-4136;-1879;0.081867673;0.078336614;-3278544;-311.5598213;0;0;0;0;0.034931731;0.034806496;0.011050432;0.00925017;0.047439849;0.047011599;0;NA;NA;0;0;0;0;0;45.06870869;44.64682519;0.09905179;0.043420252;23.84239708;23.88659677;227.0648191;226.9224031;238.9066779;237.6414543;42.26846194;42.61234381;0.013548172;0.013548172;0.988827154;0.954088379;34.87960322;34.87993202;36.15142129;36.16260189;1.651891578;1.654689719;21.30941773;21.37591926;2.032815227;2.014411662;25.49373031;25.59048558;27.00180019;17.7002413;17.5774549;15.18869419;7.793489014;7.771578644;2.891148314;0.093351211;0.081996277;0.496805938;56;21;20.32077922;106.5;211;2.512820513;87;86;49.67254745;1871;3741;85.04494382;19;19;NA;NA;NA;NA
376;374;27.98858169;171.801461;795751.8041;-5660.623111;-5785;-3;0.090728654;0.072851291;-348111;-33.0809655;0;-12;-0.000410635;0;0.036026913;0.026824243;0.01780031;0.014499791;0.053781524;0.052517515;0;NA;NA;0;0;0;0;0;35.56688024;34.14149973;0.063840186;0.002308413;35.61178209;35.5459828;218.102184;217.3498101;174.3993121;176.780768;41.183154;41.49642206;0.013548949;0.013548172;1.148528426;1.108500749;34.69293928;34.69443512;35.09921057;35.16621513;1.726219972;1.727633427;24.09905231;24.21126141;0.962585802;0.946707306;28.43903524;28.6076367;29.4612894;19.24399846;19.10638043;14.49145428;9.195036782;9.595062642;7.940095692;0.047647324;0.041019446;6.270138797;79;27;24.18457758;37.5;30.19298246;15.40987654;715;110;29.76524015;205.4;225.7972796;35.21560929;20;18;NA;NA;NA;NA
78;76;-28.20139806;105.6927706;795783.5986;-4944.846387;-5072;-1998;0.119163806;0.114567347;-1324050;-125.5499716;0;0;0;0;0.026297996;0.024813956;0.016664982;0.013046147;0.055718269;0.055825223;0;NA;NA;0;0;0;0;0;39.80090771;39.37664068;0.241285773;0.044852497;33.75488662;33.72256268;228.8542045;228.168218;205.3769892;206.9432515;40.94450391;40.9646477;0.013548172;0.013548172;1.052379598;1.025637932;34.71543477;34.71478625;35.66041435;35.69651148;2.13585024;2.148530498;20.65956987;20.76039961;0.72041935;0.682259708;23.35209311;23.37458318;26.59643308;17.9325988;18.19420213;13.81575061;5.419494311;5.304497652;3.17494357;0.114273556;0.098614154;0.597860187;12828;458;36.01938048;533.3703704;564.172388;40.94213678;171;25;16.87462717;25.3;26.32461356;10.38756661;110;37;21.24826347;226;208.4;12.76371308
531;531;28.20139806;-74.30722939;795791.0721;-3988.967081;-4807;22;0.164417461;0.151865936;-3664321;-347.6255573;0;-17626;-0.601980874;0;0.06639535;0.045954391;0.053990186;0.035477361;0.054011714;0.052421755;124263;21.83884007;21;0;0;0;0;0;34.11178837;33.35933326;0.076987352;0.038565321;19.85621485;20.23820283;209.4833019;209.8592928;253.9703621;265.3904037;40.6170547;40.75165869;0.044328961;0.013548174;1.338898777;1.307924192;35.00240858;34.89200327;36.52875342;36.54977635;2.605461083;2.439698259;25.42850072;25.53735124;3.536843424;1.802568431;29.47924073;29.58252891;31.5140918;21.14798639;21.17527597;18.64737559;8.331254339;8.363081853;5.980484686;0.904960308;0.216406737;11.91612349;45817;2105;23.29262137;2956.982507;2889.901542;11.43949522;7378;740;25.49479927;1190.506494;1364.011227;12.99200358;10270;1431;40.56062674;2323.579545;2530.167777;88.95847144
330;329;-28.62840866;130.2240081;795868.4836;-167.9635788;-50;94;0.236332841;0.227499517;-161869;-128.162312;0;-142625;-40.77329903;-35;0.044762398;0.037060818;0.044343637;0.042598421;0.083250083;0.083293051;2460124;2.630262532;4;0;0;0;0;0;36.9011093;35.35797491;0.157293262;0.003772481;4.070300814;0.42194598;237.4472231;236.9150754;231.5528181;237.1306637;39.73694727;39.67044489;1.105352757;1.326976429;1.429050256;1.413540255;35.67849085;35.8602907;35.89618318;35.93116656;1.774598059;1.866905686;18.12700912;18.15872885;15.73969789;17.29369845;21.67968188;21.64480742;22.87410355;15.24273873;15.28524814;14.43172666;6.436943145;6.330751122;2.562992053;5.112682467;5.295033957;7.384033671;31315;911;27.45139939;1188.105263;1237.611075;12.42572993;1795;499;43.5692993;740.6082474;744.1928324;136.5438403;1215;434;43.40170502;635.4090909;726.1613515;125.8611135
251;250;28.62840865;-49.77599188;795873.7017;-4856.559176;-4923;-2415;0.085113718;0.070968116;-530021;-50.06337962;0;0;0;0;0.018484789;0.017296185;0.008595538;0.006552743;0.048004118;0.046173923;0;NA;NA;0;0;0;0;0;38.16895323;38.01115305;0.017310627;0.002396327;21.34932197;21.58674548;214.1213038;213.8868313;263.2473694;261.5637147;42.2783728;42.40252861;0.013548176;0.013548172;1.121742072;1.095593012;34.88489638;34.88358451;36.96660493;37.00221912;1.239710525;1.250700263;24.44570958;24.53739062;1.78231918;1.736341783;28.30199505;28.33273443;28.87805298;20.64811578;20.76517074;17.71333261;7.653879265;7.541333955;6.1187387;0.175694873;0.144117927;0.733983932;372;161;45.01840383;269.3703704;240.8641123;95.04395604;470;235;46.0770017;266.3301887;284.6649485;180.1794454;230;129;43.70256607;182.0526316;178.7349398;100.9541985
579;580;-28.94938692;-110.5802854;795908.9143;-2994.988031;-3027;63;0.048367478;0.04867321;-30597677;-2883.580907;-3008;0;0;0;0.026252596;0.023586132;0.004388611;0.003568371;0.038222707;0.037915146;0;NA;NA;0;0;0;0;0;50.03203189;50.24541403;0.000695496;0.00068157;35.31810622;34.95505223;223.8583305;223.082814;167.0604784;167.3671953;40.57639636;40.60657686;0.0135661;0.013548172;0.798685289;0.797439397;34.67093164;34.67050801;35.71375782;35.79028867;1.260418704;1.242478317;21.93417576;22.10219105;1.591029087;1.596326217;26.09335282;26.19800751;27.51221998;18.26065985;18.44826026;14.87891645;7.832692975;7.836115274;4.217374854;0.079583499;0.070545129;2.910508241;809;282;47.1833099;416.4444444;413.4787127;145.9917466;298;106;39.7179148;137.5;128.0339212;76.16123499;75;66;46.02702703;225.6;275;60.48387097
148;146;28.94938692;69.41971463;795921.0656;-1.642857143;-0.5;28;0.408024012;0.267200493;0;0;0;-283;-3.628205128;0;0.047415039;0.045048297;0.023706613;0.01906202;0.167514397;0.214158722;20017565;18.90550536;18;0;0;0;0;0;8.738593487;7.416901235;0.261092569;0.031021052;0.188307093;0.018773869;205.8400325;204.8147751;205.0785618;205.4442373;41.91201737;44.38722054;1.921658706;1.820351087;2.582573306;1.964496262;36.09701464;36.19651408;35.79608147;36.2239393;1.267795531;1.36092852;26.61149467;26.61703254;25.88727177;26.40456355;31.26189768;31.28511041;31.54486192;20.47526416;20.45074329;19.96905644;10.78663352;10.74686766;1.271569684;9.248653836;9.895545125;4.889266789;2;2;NA;NA;NA;NA;NA;NA;NA;NA;NA;NA;NA;NA;NA;NA;NA;NA
90;88;-29.11887481;72.10785194;795925.9392;-3744.448646;-3751;-1979;0.106991423;0.105130348;-11629331;-1093.804646;0;0;0;0;0.019187812;0.015572352;0.00572347;0.00465112;0.047297108;0.046043915;0;NA;NA;0;0;0;0;0;37.88963869;37.54198722;0.620353787;0.166304445;33.29630376;33.27371163;227.5145624;226.8831426;199.4597848;198.4097515;41.30191392;41.43462908;0.01354818;0.013548172;1.163786621;1.09871035;34.72374813;34.72686768;35.74880075;35.77546752;2.13608524;2.082176318;21.32161961;21.42353135;1.058421583;1.142391031;25.54823224;25.82167749;27.71335034;17.38443159;17.37325759;13.72623619;8.163800653;8.366735169;3.935314318;0.200938271;0.196878386;0.448087393;1263;109;38.43468738;175;111.9062731;58.82108485;52;37;36.14253394;51.4375;64.13333333;32.97560976;1063;116;27.38666501;138.5;154.6636753;24.71119907
391;389;29.11497192;112.6141565;795933.5962;NA;NA;NA;NA;NA;0;NA;NA;0;NA;NA;NA;NA;NA;NA;NA;NA;21334862;20.06319642;18;0;NA;NA;NA;NA;NA;NA;NA;NA;NA;NA;;;NA;NA;NA;NA;NA;NA;NA;NA;NA;NA;NA;NA;NA;NA;NA;NA;NA;NA;NA;NA;NA;NA;NA;NA;NA;NA;NA;NA;NA;NA;NA;NA;NA;NA;NA;NA;NA;NA;NA;NA;NA;NA;NA;NA;NA;NA;NA;NA
564;564;29.11887481;-107.8921481;795937.0095;-880.0436747;-755;356;0.136197982;0.121541663;-1162976;-875.7349398;-755;-29489;-7.993765248;0;0.051524784;0.042745762;0.016113457;0.008143154;0.126371783;0.113615502;10149295;10.82473694;9;0;0;0;0;0;16.1129361;16.5341296;0.007857923;0.005358179;29.08037736;39.27105209;214.3728098;213.5175692;56.62263698;20.17442222;46.85955743;46.96869457;0.255631304;0.013548178;1.525518486;1.479839041;34.62029893;34.60040517;34.73979586;34.81588797;3.292726059;3.241339347;24.04396986;24.12353371;7.668416058;4.686175242;30.6359548;30.66400327;32.52935839;17.17765946;17.1415463;14.48118181;13.45829533;13.41402888;4.831666202;3.091667423;0.891307615;15.87843016;20989;4157;52.19311857;6263.486376;6418.548966;706.231648;400;99;25.85750768;162.1428571;172.6479559;13.13197636;5161;378;26.71719801;667.85;698.7279539;17.63245464
283;282;-29.11497191;-67.3858435;795945.2981;-2530.705069;-2579;107;2.619888721;2.770048013;-690693;-1060.97235;-509;-8707;-4.773574561;0;0.080579499;0.060654227;0.019467731;0.007185006;0.114523126;0.108967609;10766343;10.77601987;9;0;0;0;0;0;16.05313646;16.21229212;11.16284832;10.98616212;35.00785575;35.84667492;241.4720721;243.6271038;114.5127119;155.5760067;38.23644162;37.86881896;0.020941653;0.013548172;10.87448696;11.35767051;34.65263494;34.68329107;34.4230701;34.42029527;4.974829643;4.65999919;15.57764355;15.63335141;3.454563934;1.664701251;19.86475439;19.91059674;22.1305568;12.09614128;12.13898251;10.89616462;7.768613107;7.834357077;3.891115797;0.708591176;0.140634447;4.130349998;555;189;45.55649507;253.097561;257.5541426;116.7203486;200;110;42.27305579;173.5769231;162.2781633;83.33333333;118;86;42.21119207;320.6;330.0796677;59.5042735
147;145;-29.24878191;41.37186044;795960.9832;-3829.170991;-4288;-66;0.128943493;0.130667554;-7479829;-703.1236135;0;-264;-0.008930686;0;0.07429039;0.048451898;0.031362699;0.025400917;0.065271423;0.06535582;0;NA;NA;0;0;0;0;0;29.18232255;29.35806717;0.051657124;0.018124436;30.8813286;31.08073149;217.1672026;216.0814795;210.1030053;216.8087325;41.86629989;41.68743129;0.013549601;0.013548176;1.213286276;1.226076818;34.72564993;34.73303016;35.43326101;35.42842027;1.847682793;1.82936139;23.54974418;23.76852169;1.170849963;0.552818175;27.2807532;27.28075641;29.76212978;19.78103265;19.85148617;16.8914091;7.499720553;7.436505748;4.238339786;0.589486578;0.489096604;4.132693291;3871;372;33.6371118;450.4431818;476.2036752;35.46534679;823;222;39.68168486;339.7941176;313.667273;73.80723548;1320;348;38.72270074;592.8970588;661.1473129;68.80973067
634;635;29.2487819;-138.6281396;795961.7689;-4742.265087;-4758;-1777;0.05364452;0.053503535;-242564;-22.80165445;0;0;0;0;0.021393195;0.018445243;0.004774212;0.003699918;0.051745425;0.051647861;0;NA;NA;0;0;0;0;0;42.17987041;42.7448839;0.001452257;0.001112462;37.14279607;37.17401992;229.593289;229.3096823;155.3872563;156.2058468;39.38930954;39.39646587;0.013548172;0.013548172;0.82895877;0.828122606;34.68760777;34.68783962;34.68385578;34.71777058;3.102047637;3.095235903;20.52150079;20.50629964;1.0736922;1.075403909;24.3506627;24.36212954;25.44853458;17.37937521;17.38097903;14.98351622;6.971287495;6.948249581;4.15854971;0.02340891;0.021736433;0.402952189;203;53;18.13360722;233.6;312.908284;4.147861097;33;28;NA;NA;NA;NA;107;98;48.05589843;489.6;582.5555556;91.592
193;191;29.56697066;20.02699676;796005.2284;-1192.302239;-1074.5;356;0.075559026;0.074428085;-2435658;-1136.034515;-1027;-68823;-11.56106165;0;0.047945705;0.040990265;0.01013386;0.007104142;0.060469861;0.058966282;3107324;3.612306369;1;0;0;0;0;0;29.67445279;30.81819667;0.023290921;0.017272235;4.44522993;5.659439445;221.8810533;221.5892035;195.9341199;184.1477908;42.6658904;42.62378388;0.178409937;0.013562299;1.172612026;1.150276843;38.64225003;38.72967489;38.12654011;38.28665796;1.685260932;1.681875117;21.73922552;21.72298795;14.63103761;13.47333418;28.5903289;28.65702181;30.4595919;15.91415434;15.92411882;14.39289209;12.67617456;12.76948487;5.072534224;2.077137829;0.518128071;15.60602;49;27;NA;NA;NA;NA;1;1;NA;NA;NA;NA;19;15;NA;NA;NA;NA
624;625;-29.56697066;-159.9730032;796018.9136;-5195.891573;-5223;-2283;0.061447195;0.05947392;-87420;-8.185393258;0;0;0;0;0.03226658;0.03154343;0.008456428;0.006687794;0.04517908;0.045094469;0;NA;NA;0;0;0;0;0;42.18051932;41.96040919;0.009327594;0.001145009;33.00445891;33.02465376;227.107823;226.6959882;208.6908995;208.8569346;38.0150887;38.06899662;0.013548178;0.013548172;0.869240916;0.866198792;34.71006296;34.71008033;35.47162141;35.48060578;1.150782533;1.170677772;21.22486073;21.26356536;0.650628357;0.631313394;25.52916402;25.65656498;27.58330731;17.69462047;17.63109997;14.6314589;7.83454355;7.827629898;2.250539423;0.10481429;0.093359686;0.225959569;286;11;6.820897121;14;24.02222222;2.88237367;NA;NA;NA;NA;NA;NA;8;7;NA;NA;NA;NA
91;89;-29.66959505;62.19090421;796025.2817;-4517.631884;-4603;-1364;0.097118324;0.094104459;-2690804;-251.5945769;0;0;0;0;0.018201533;0.016598244;0.008390524;0.005814282;0.0512847;0.051296419;0;NA;NA;0;0;0;0;0;35.1364576;34.98939459;0.368197124;0.046744985;33.19205137;33.19659144;225.6952285;225.2208586;212.9352762;211.4702275;40.79182492;40.85428273;0.013560699;0.013548174;1.118734074;1.048089231;34.70571609;34.70716838;35.64925628;35.65307443;2.090888191;2.068000299;21.59939476;21.65852631;0.609618365;0.634473816;25.96639637;26.11411712;27.89904134;17.69355707;17.73466287;14.45092858;8.272839291;8.347901447;2.95081013;0.248109609;0.229400926;0.732420717;2794;146;34.2181167;153;147.1744186;38.61666469;90;54;36.30847606;91.71428571;108.5888138;35.84070796;152;102;42.05503472;280.125;308.6887417;67.55555556
138;136;-29.71146767;51.86906609;796034.3526;-4465.821753;-4676;-1067;0.088985818;0.080891615;-3801517;-355.5145422;0;0;0;0;0.02861477;0.022210285;0.01021947;0.007697697;0.057762287;0.058015879;0;NA;NA;0;0;0;0;0;30.99548986;30.86899664;0.137218387;0.002689226;33.02425866;33.2313196;221.948415;221.0301884;207.771443;209.7511416;40.40472805;40.46456762;0.01355202;0.013548172;1.090477728;1.062051989;34.71708;34.71320891;35.4983439;35.53233419;2.01047195;1.985602775;22.30478168;22.44498919;0.894918571;0.741170954;26.33350452;26.56301055;28.22210364;18.57834749;18.64762251;15.23203243;7.755157025;7.785082282;3.441639585;0.180253366;0.112734629;1.657963348;2157;143;30.44035652;225.6666667;160.3174652;27.99410954;572;138;32.94532569;320.875;298.6907603;38.5466541;237;146;42.77258822;360.24;435.1680533;85.75419847
572;572;29.66959505;-117.8090958;796034.7792;-2941.575793;-3747;974;0.329756919;0.197096381;-4419801;-523.4250355;0;-127123;-5.427272339;0;0.076938593;0.0737346;0.008287689;0.004909941;0.078247226;0.068118505;3214446;13.83872843;11;0;0;0;0;0;25.26908269;26.20074981;0.64905516;0.231264029;35.74939648;38.51314127;245.6669116;246.1668355;114.0770455;126.6781739;40.05531676;39.56804658;0.097636783;0.013548172;2.074443048;1.55169191;34.62922031;34.67847767;33.58135353;33.45744682;2.129881504;2.034981528;18.18910282;18.07417168;3.057155711;1.282348055;22.26106818;21.95343896;29.75643807;14.82330051;14.94600515;11.65458951;7.437767671;6.986820865;9.907166367;1.011494694;0.06938913;16.31553838;172094;6997;29.57520415;9979.252;10360.3865;16.70896318;13310;878;31.58193676;1466.390411;1503.27313;15.65581234;13857;980;21.97124013;1533.048309;1716.594669;4.070126274
625;626;29.71146767;-128.1309339;796039.3546;-4415.408959;-4426;-494;0.076891604;0.055705617;-237808;-22.239596;0;0;0;0;0.047864819;0.046562471;0.005021265;0.003978195;0.054618566;0.052734785;0;NA;NA;0;0;0;0;0;35.73327733;36.03640256;0.246811795;0.007413399;37.66698497;37.66361366;240.9698788;239.7148341;145.8159904;147.0048138;37.95644031;38.13299515;0.013548172;0.013548172;0.959108833;0.834516644;34.68413532;34.68428421;33.70525804;33.68325694;3.409287034;3.518155388;18.52279618;18.68100084;1.106695691;1.106528979;21.89279901;22.0819272;23.96034807;15.54162892;15.75308287;12.05094539;6.351170091;6.374634136;3.647506661;0.032123884;0.028995565;0.567571351;5281;81;3.400105537;114.4444444;136.1903439;1.900792713;113;54;32.17705455;96.27272727;105.3889854;26.76939203;95;78;44.74144389;267.0909091;291.6702128;64.92805755
375;373;30.03392725;-41.30645855;796048.9101;-4922.658034;-5238;30;0.102978138;0.083695034;-2219211;-206.7266884;0;-1955;-0.06558862;0;0.038694674;0.028948756;0.012267636;0.009683039;0.057858932;0.058101797;0;NA;NA;0;0;0;0;0;35.83695826;35.40270611;0.155586775;0.026572427;36.55423861;36.48691712;225.0775448;224.8225439;161.2356695;164.1118503;39.28329415;39.62443758;0.014326934;0.013548172;1.156168266;1.092113523;34.68605326;34.68945258;34.98719688;34.95628691;1.906935799;1.866966274;22.50455532;22.41697074;1.076194216;1.02163099;27.68722926;27.93951889;28.67074449;17.3209313;17.17991359;12.83378661;10.36629796;10.6358686;6.814160386;0.056105515;0.039592892;9.991482356;161885;832;41.20524857;972.7586207;986.2361809;73.25518153;1281;163;31.77989765;185.7777778;194.5769753;35.109031;6367;207;28.3148462;264;271.086913;21.77068349
402;400;29.82575945;87.43117737;796049.58;NA;NA;NA;NA;NA;0;NA;NA;0;NA;NA;NA;NA;NA;NA;NA;NA;10127949;9.457921469;7;0;NA;NA;NA;NA;NA;NA;NA;NA;NA;NA;;;NA;NA;NA;NA;NA;NA;NA;NA;NA;NA;NA;NA;NA;NA;NA;NA;NA;NA;NA;NA;NA;NA;NA;NA;NA;NA;NA;NA;NA;NA;NA;NA;NA;NA;NA;NA;NA;NA;NA;NA;NA;NA;NA;NA;NA;NA;NA;NA
225;224;-30.03392725;0.92166494;796057.7684;-4221.940382;-4517;-177;0.14029067;0.141306032;-4798351;-446.9819283;0;0;0;0;0.05522059;0.057585156;0.018431089;0.008465939;0.055499767;0.055533603;0;NA;NA;0;0;0;0;0;48.69887544;47.24852396;0.859292894;0.706410763;27.37726899;25.23227654;234.9869665;234.7976414;226.0273064;232.3599541;40.47040097;40.82385856;0.013555342;0.013548172;1.256958893;1.310155865;34.81597585;34.85325721;35.82143449;35.82276954;1.787145305;1.781123433;19.6486886;19.67999711;1.59982078;1.946828153;23.47578524;23.46813046;25.08804563;16.32743476;16.29011649;13.41355672;7.148350477;7.136246104;2.806107085;0.345441554;0.220652187;4.752484772;266;167;46.97217369;270;294.5801922;85.45410628;309;167;44.60773272;246.3333333;241.4039306;125.4678055;799;441;46.98439555;900.5294118;1002.799371;255.2582967
308;307;-29.82575943;-92.56882264;796058.1557;-3518.821172;-3594;-266;0.05538979;0.050511133;-12669365;-1183.720919;0;0;0;0;0.023992679;0.02291886;0.00342217;0.002647848;0.04713598;0.04640608;0;NA;NA;0;0;0;0;0;48.95046313;49.64804996;0.010277325;0.001361301;34.91561412;34.91516097;232.7753189;232.3201866;173.6748481;172.885565;40.47867508;40.65492064;0.01354839;0.013548172;0.789143315;0.766550027;34.68672207;34.68886616;35.08491615;35.13019694;1.193800596;1.180303609;20.03458203;20.17058957;1.474405961;1.459383243;24.36523935;24.44907472;25.14115606;16.59050089;16.83907463;13.5352787;7.774738459;7.702971877;4.367151583;0.065906619;0.062235396;2.50585501;278;69;27.02544618;78.375;102.457516;18.28774255;103;91;46.64847621;658.1666667;689.4991667;77.4379562;159;139;47.73181251;674.9285714;734.4478727;120.9617225
64;61;-30.29359376;163.7679227;796121.3806;-2052.99749;-1825.5;110;0.17820443;0.18603559;-20307818;-1887.694553;-1673.5;-8875;-0.296991601;0;0.048881049;0.040160238;0.010055416;0.006510154;0.065290174;0.064779753;0;NA;NA;0;0;0;0;0;45.76436685;46.52630123;0.305606624;0.321117795;35.32404841;36.5955209;225.921448;225.9862328;163.3190817;157.09364;40.26253721;40.37231104;0.016416812;0.013548172;1.178983025;1.19554216;34.60040904;34.61975487;35.71138939;35.70963619;1.125007463;1.123758252;21.2022896;21.19934628;3.151532426;2.57752656;24.84137825;24.92787954;26.90671233;17.97182021;17.97769681;15.22736697;6.869558043;6.836647117;2.586505883;0.738636475;0.581723718;7.44250074;11261;1408;44.40233325;2210.887029;2287.456675;98.02468278;3030;1109;47.87857354;1792.754545;1880.941739;460.4724646;7319;1968;48.00144016;2896.975342;2938.436615;512.8408088
372;370;30.27949383;-149.1017303;796126.8486;-5360.387495;-5404;-2201;0.060804924;0.059839359;-40566;-3.768673356;0;0;0;0;0.021710431;0.020480939;0.007375079;0.005882188;0.053569607;0.053039607;0;NA;NA;0;0;0;0;0;41.47074819;42.74104869;0.001786971;0.001228516;36.3559554;36.44621819;225.9037733;225.5107141;164.9149041;162.9190945;40.06659763;40.23259174;0.013548172;0.013548172;0.920795096;0.920256604;34.69211585;34.69133608;35.05285114;35.15480586;2.528574617;2.51858838;21.5361079;21.62625867;1.023433313;1.031188751;25.58369638;25.6283773;26.72889357;17.40579433;17.28735763;13.20988708;8.177902045;8.160332672;6.046843502;0.071161459;0.075628523;0.14922801;94;35;27.44300751;48;46.49778226;23.5;82;39;31.37776876;42.66666667;45.68571429;30.8440367;NA;NA;NA;NA;NA;NA
201;200;-30.27949383;30.89826966;796130.1558;-2497.082698;-2665;262;0.308749191;0.265137516;-9620647;-1630.341806;-1826;-31772;-1.941104594;0;0.243047162;0.08094112;0.045857782;0.023732001;0.072931531;0.069863232;8319163;16.78617866;15;0;0;0;0;0;33.16162497;33.60378601;0.290872501;0.184234294;29.2965635;29.53477052;217.0884975;216.7560851;193.2589446;206.4443286;39.06084293;38.7684822;0.037005705;0.013548565;1.649086185;1.490179516;34.78703536;34.79209093;35.43781982;35.44958308;1.793698702;1.727862388;23.3681554;23.48958441;3.136122385;2.181474326;27.14415542;27.29715461;28.98959188;19.97196158;20.10341261;16.91034218;7.172193838;7.222463146;4.120056415;0.960026492;0.644171774;8.832695565;40503;5483;52.46389628;7583.560554;7611.937761;774.4666208;6031;1686;48.02335307;2848.381443;2952.070814;533.77399;2316;846;47.33033609;1432.487342;1474.423848;359.8454314
481;481;30.29359376;-16.23207733;796131.0764;-3472.728502;-3795;1172;0.106830186;0.073241308;-8425157;-802.3194934;0;-54568;-1.870881476;0;0.05622878;0.050575872;0.011337479;0.006249267;0.065258627;0.062449292;537560;17.11974522;13;0;0;0;0;0;41.93187327;42.87783245;0.019809834;0.006687506;22.14816636;22.71591459;227.0268021;227.2362957;238.767874;243.930062;42.02774529;41.90948129;0.032439865;0.013548172;1.119247253;0.976924612;35.02069104;34.92622352;36.78006471;36.76650034;1.213986216;1.244133112;20.82724158;20.79235701;3.216262873;2.257255426;24.64104567;24.71162758;25.69966259;17.51240379;17.51966586;15.50201616;7.128641873;7.106380743;3.769469608;0.611993132;0.223580298;6.454724894;16380;1155;35.61108906;1863.481481;1921.75013;32.78207086;1112;435;44.12601119;666.0900901;761.9050134;143.3175707;2110;751;46.09430017;1206.018182;1325.967679;243.4970466
588;589;-30.61467257;-120.7224299;796174.2875;-3516.42734;-3553;-614;0.048554818;0.047456961;-14404191;-1334.957461;0;0;0;0;0.032815955;0.032202676;0.004645406;0.003689165;0.039514914;0.038388467;0;NA;NA;0;0;0;0;0;44.47270966;44.60237967;0.003822641;0.000892266;35.03981421;34.93033663;228.1238494;227.5974048;176.4109778;176.2812096;37.49633077;37.30586407;0.013548173;0.013548172;0.78147816;0.775711434;34.67995853;34.68040229;35.37143234;35.43471185;1.195675584;1.194123092;21.08361016;21.18722754;1.370797356;1.364516764;25.49478649;25.66157118;27.70530851;17.16032371;17.27064356;13.21775727;8.334462784;8.450104476;3.296556627;0.06942187;0.066814227;0.903094128;55;8;7.927272727;11;14.24;2.637314734;NA;NA;NA;NA;NA;NA;2;2;NA;NA;NA;NA
374;372;30.71847961;-169.5688068;796182.8182;-5319.207477;-5471;-424;0.092788546;0.077315874;-436585;-40.40209143;0;0;0;0;0.038032724;0.033111854;0.012460198;0.010141884;0.057830116;0.056913613;0;NA;NA;0;0;0;0;0;35.30827187;35.29453969;0.139054588;0.014013998;36.61332976;36.58288564;227.1019176;226.2395303;159.5895805;159.955327;38.84111872;39.1529009;0.013548173;0.013548172;1.114088184;1.063645059;34.68733116;34.68833074;34.98265514;35.00103818;2.119747585;2.074817819;21.89396705;22.01043516;1.042122343;1.030481637;27.11001788;27.26290926;27.96397006;16.38644677;16.33458652;12.0917827;10.72357111;10.9940275;7.751228595;0.043846343;0.037677878;0.968076162;384;83;29.35539953;99.91666667;102.3333333;27.33704116;4;4;NA;NA;NA;NA;8987;112;21.74428858;126.6153846;130.2949486;13.96974819
157;155;30.61467257;59.27757008;796187.0687;-26.61333333;-27;91;0.241294959;0.22480861;0;0;0;-6155;-29.44976077;-28;0.03020294;0.030510527;0.029918702;0.025183481;0.151019408;0.150941621;13133438;12.25256439;13;0;0;0;0;0;13.61750621;14.39668721;0.014829533;0.011069555;0.377879311;0.192082387;201.2304268;201.2394337;205.2322056;206.5849312;45.80075426;46.14465945;1.49019247;1.463290328;1.902858959;1.85622087;36.79389474;36.74225676;37.04092893;37.04808642;1.200973443;1.198633002;27.83203173;27.82641065;24.51600818;23.75252745;33.81385122;33.6825446;34.60343997;21.4369363;21.57607829;19.93605473;12.37691492;12.14775722;3.634860433;7.402991801;6.036340797;9.662344343;2022;89;25.44572642;152.3333333;103.3279564;19.7872637;NA;NA;NA;NA;NA;NA;NA;NA;NA;NA;NA;NA
184;182;30.70885015;29.9545271;796187.6395;-1836.812919;-2296;743;0.089605403;0.085811843;-8988722;-1825.862685;-2286;-72287;-5.28606947;0;0.071766729;0.067679563;0.010594372;0.007790303;0.063052794;0.057562725;4682045;7.814178877;4;0;0;0;0;0;33.17093736;34.75045514;0.046322537;0.038457882;4.4763963;4.806182071;219.7850699;220.2477215;185.0065291;181.2453921;43.08296257;42.94682135;0.130621499;0.013548172;1.231668731;1.218179008;38.84348836;38.80784552;38.99180643;39.09090186;1.953080633;1.932807098;21.87102419;21.78828357;14.5339966;13.57908872;27.91445321;27.68903211;31.39392688;16.30751192;16.33760055;14.4282366;11.60694129;11.3959052;8.745180753;1.351448746;0.231979647;15.40303245;10026;1954;48.17874309;3019.484127;3182.42174;186.9477361;232;135;43.4105899;241.2413793;237.7421671;95.09540636;1597;210;37.34198425;321.2222222;320.6818075;67.94748901
217;216;-30.71847961;10.43119316;796191.9374;-4232.481122;-4814;-39;0.263684613;0.213020474;-3992732;-369.492134;0;-9484;-0.315975346;0;0.098455344;0.100504934;0.02227397;0.017578217;0.072895041;0.069370251;0;NA;NA;0;0;0;0;0;45.21022743;45.06286339;1.299838673;1.016308728;30.2534262;31.9159408;238.1946347;237.625131;208.0942108;215.1271663;41.44214653;41.61754424;0.013886724;0.013548185;1.627991986;1.441826417;34.75973767;34.73854648;35.56736522;35.60611788;2.054179572;1.840029734;18.5988843;18.60929451;1.480874768;0.743189467;22.03161222;22.03358423;23.03635755;15.46606416;15.55089601;12.32429603;6.565548059;6.496738013;2.488911621;0.752007255;0.532721955;5.263017814;7861;644;42.67159773;1043.225806;1074.035113;95.68164554;6661;440;35.8098688;651.5;782.8759021;58.11641773;1648;640;46.01021272;1073.757143;1225.988717;233.6864567
615;616;-30.70885015;-150.0454729;796196.4901;-4848.745281;-4904;-1192;0.05282386;0.052584252;-295718;-27.36102887;0;0;0;0;0.033045263;0.031072054;0.006651777;0.005127388;0.043163596;0.043028247;0;NA;NA;0;0;0;0;0;43.40943478;44.52853267;0.001587484;0.001011721;33.27555318;33.11678552;229.495039;229.3631355;203.0306712;205.4620325;36.84225179;36.95271918;0.013548172;0.013548172;0.807273043;0.802425993;34.70707051;34.70871192;35.4024447;35.44951596;1.153307849;1.15602037;20.58175593;20.55758025;0.837125974;0.804826294;25.15724232;25.24977967;27.43562471;16.92936576;16.99778628;12.70887388;8.227876561;8.235394174;3.197449429;0.121109402;0.11898555;0.742160543;255;10;5.925178462;11;13.22959184;1.926723755;3;2;NA;NA;NA;NA;5;3;NA;NA;NA;NA
390;388;30.76458644;121.6924798;796202.1288;-57.68981344;-57;411;0.744475946;0.495954114;-21858;-3.236304412;0;-1044514;-55.68365497;-56;0.071451888;0.05091531;0.072972214;0.052774711;0.142721275;0.129152194;9712664;23.03954076;22;0;0;0;0;0;22.87788919;24.34344672;5.236160948;2.05109031;5.951104468;4.114275061;237.6122848;234.2966468;204.3543288;200.7678789;33.61795477;33.62229701;2.862658233;1.662590334;3.297598937;2.36719788;32.57707274;33.72267027;30.62559257;32.31463815;9.734310863;6.224071484;19.88715059;19.61273431;16.5097574;17.10773621;28.81482948;29.00249149;30.31810087;10.89165844;10.44762937;2.954287293;17.92317104;18.07116427;18.82572522;11.02220045;9.865083562;25.34873655;9396;605;31.03564308;887.9411765;974.3060046;34.27447747;15;15;NA;NA;NA;NA;48;40;NA;NA;NA;NA
175;173;30.97638666;39.56606045;796204.1618;-726.6173913;-675;27;0.1965919;0.197452209;-81872;-711.9304348;-675;-4760;-15.35483871;0;0.097700838;0.089346359;0.015017029;0.010021837;0.070958004;0.067399617;12169126;11.33921984;10;0;0;0;0;0;30.93191139;30.89198516;0.062708271;0.062175027;4.458563504;5.414497513;217.3226344;217.4070965;187.4021676;178.7017459;42.1856674;42.17456039;0.265135701;0.01354859;1.659452105;1.653497793;38.85923888;38.77932725;38.68406325;38.72408039;2.292389855;2.281437638;23.22520702;23.20833768;15.4396263;13.64135924;29.87851797;29.90275915;30.60141017;16.64105733;16.58974857;15.85589483;13.23746064;13.27939361;6.139469878;2.642423454;0.449080712;13.46106377;18509;1001;46.18752439;1179.5;1102.972425;143.4907164;45;23;NA;NA;NA;NA;7;6;NA;NA;NA;NA
373;371;30.77975073;-159.4961232;796205.2686;-5507.069017;-5642;-1897;0.075750561;0.068066607;-400590;-37.06078268;0;0;0;0;0.031730309;0.032370695;0.006242714;0.005060083;0.055982556;0.054720779;0;NA;NA;0;0;0;0;0;36.17687421;35.73865026;0.035335221;0.002314875;36.35182501;36.31886541;226.2804808;225.9166513;164.6289094;164.9591239;39.36459353;39.53659721;0.013548172;0.013548172;1.028002436;1.007814118;34.6900746;34.69083333;35.02069939;35.07962858;2.275496862;2.255654008;21.75506038;21.85951176;1.027309987;1.025440902;26.47364875;26.54164411;27.38148697;16.67991744;16.48234052;12.50025907;9.793731314;9.893890155;6.920358251;0.055785315;0.058927964;0.310898706;672;131;32.35097454;182.0416667;176.9028849;18.90263709;267;76;34.61538622;79.95652174;81.50853499;36.95645412;6808;203;22.90242233;321.3333333;276.2417708;16.14597574
606;607;-30.97638667;-140.4339396;796205.9436;-4438.52214;-4464.5;-340;0.049614864;0.04945711;-1586789;-146.3827491;0;0;0;0;0.029404301;0.027570004;0.005710126;0.004445205;0.043054811;0.042871468;0;NA;NA;0;0;0;0;0;43.43057178;44.71599125;0.001229005;0.000959938;34.03465238;33.83535597;229.7701052;229.2433448;193.2176156;197.4851651;36.38366448;36.36865195;0.013548172;0.013548172;0.783745542;0.777621387;34.6990788;34.7026281;35.35737325;35.42430103;1.200371547;1.195265457;20.50331718;20.54158548;0.998068345;0.952188956;25.10209508;25.33309218;27.9622427;16.80047066;16.94862521;12.78703955;8.301624422;8.23711081;3.052922182;0.093705465;0.090485244;1.46508391;335;36;15.1219395;42.6;48.0458587;4.205546187;12;7;NA;NA;NA;NA;68;26;21.93950942;41.16666667;51.51037736;11.27804878
275;274;-30.76458644;-58.30752017;796210.805;0.284153005;-1;41;NA;NA;0;0;0;-479;-0.90719697;-1;NA;NA;NA;NA;NA;NA;18780730;17.64870666;17;0;NA;NA;NA;NA;NA;NA;NA;NA;NA;NA;;;NA;NA;NA;NA;NA;NA;NA;NA;NA;NA;NA;NA;NA;NA;NA;NA;NA;NA;NA;NA;NA;NA;NA;NA;NA;NA;NA;NA;NA;NA;NA;NA;NA;NA;NA;NA;NA;NA;NA;NA;NA;NA;NA;NA;NA;NA;NA;NA
209;208;-30.77975073;20.50387676;796213.1235;-765.4787854;-238;252;1.082973653;0.59374721;-1550831;-645.1044093;-221;-128339;-19.19231344;0;0.122428609;0.120241412;0.024186594;0.020625945;0.139957867;0.121169571;6872259;8.125244889;8;0;0;0;0;0;22.62784192;21.83948887;1.079888601;0.704194403;20.50123293;20.74819619;242.8658217;240.5064598;152.0540704;169.7641382;42.17296269;42.61900431;0.136764207;0.019260819;5.074085764;2.969581038;34.80407837;34.81527505;35.25767808;35.36290825;3.357086071;1.462711707;17.46110859;17.86347447;7.949222244;9.594129218;20.93341696;21.37848367;23.22375749;14.52668974;14.6415018;11.06403149;6.406727214;6.318482829;4.860291285;3.436095428;3.944311248;8.28151289;114782;2322;30.75711174;3645.146277;3707.648754;25.31608876;29255;787;32.68999253;1272.925;1308.637229;41.93205597;5504;837;44.79082419;1235.75;1235.692723;192.4015954
386;384;31.02451728;156.062507;796231.0039;-5370.803044;-5750.5;-1285;0.241391415;0.246025326;-1958497;-180.673155;0;0;0;0;0.094568306;0.043934804;0.029023532;0.025598795;0.063271555;0.06326993;0;NA;NA;0;0;0;0;0;46.0332083;46.36422642;0.54335312;0.418190066;36.11237512;35.8204565;224.0614962;224.806082;165.2597539;168.5617277;36.67441768;36.71441564;0.013548172;0.013548172;1.568617336;1.589021479;34.69093394;34.6939566;34.72153075;34.70415369;1.767150572;1.574275444;22.81504404;22.7777113;0.999259636;0.960766733;28.58257488;28.73631538;30.02270401;16.85819292;17.28592309;12.12249539;11.72438196;11.43780683;6.763559476;0.080558138;0.070860097;0.743528643;365;77;25.95334045;129.5;122.8020174;7.885469074;8;3;NA;NA;NA;NA;60;37;32.62292556;70.33333333;97.36146662;22.5
250;249;-31.02451728;-23.93749297;796237.9827;-4410.90655;-4420;-1937;0.077538295;0.054921211;-526162;-48.53892989;0;0;0;0;0.027418872;0.016888501;0.007916497;0.006613988;0.053044116;0.051582167;0;NA;NA;0;0;0;0;0;42.01310473;42.40635346;0.282778869;0.002415702;28.97319754;30.00121364;229.5050844;228.4214851;231.2264942;228.113034;37.50459158;37.44260767;0.013548358;0.013548181;0.967128464;0.879596219;34.78062082;34.77345436;35.84056334;35.83784721;1.408346984;1.366004624;20.71615072;20.88815501;1.030932893;0.949223414;25.30169626;25.66822986;27.70211792;16.94101481;17.03337846;13.55051828;8.36068145;8.341593988;2.978216531;0.453765537;0.42288917;1.34537397;28;18;NA;NA;NA;NA;10;10;NA;NA;NA;NA;14;13;NA;NA;NA;NA
597;598;-31.23097108;-130.7945947;796274.9281;-3963.229339;-4058;-977;0.048367466;0.047478358;-3825750;-352.0844837;0;0;0;0;0.029457245;0.028738954;0.005312504;0.004258419;0.041950206;0.041343456;0;NA;NA;0;0;0;0;0;42.68214926;43.0410258;0.002623726;0.00099782;34.6614934;34.60945874;230.5362975;230.2620124;184.3546466;184.0827456;36.03239826;35.95505154;0.013548172;0.013548172;0.768114722;0.758235345;34.68925917;34.68944984;35.25835474;35.29039478;1.206757276;1.198204442;20.41528988;20.35991533;1.178978164;1.165426798;25.02622398;24.99188528;27.84785854;16.64994824;16.46611625;13.17553871;8.376275741;8.426451535;3.48861781;0.093697765;0.086306504;0.925321473;61;5;4.885245776;5;6.111111111;3.361336947;NA;NA;NA;NA;NA;NA;9;4;NA;NA;NA;NA
166;164;31.23097108;49.20540535;796281.1995;-28.15364355;-28;40;0.273835197;0.220273573;0;0;0;-89716;-28.49031439;-28;0.054948698;0.048809218;0.01851832;0.012188472;0.126521476;0.122945208;15879997;16.28587354;14;0;0;0;0;0;15.86250051;16.59740091;0.844196325;0.402461442;0.223090699;0.037416896;207.9458698;205.9428023;215.6937497;217.0003748;44.19123921;44.52661871;2.984270695;2.89988811;2.055857535;1.784183137;38.1777486;38.68401413;36.97404918;38.37088931;1.712282076;1.702723618;25.69609189;25.74044123;23.05713478;23.14776069;34.69193754;34.63160444;36.34115143;16.60714638;16.659125;13.60804743;18.08479116;17.87192526;6.372884029;13.15975531;13.80164588;20.41869217;9542;227;27.20674202;507.5555556;445.4042478;23.71904182;NA;NA;NA;NA;NA;NA;NA;NA;NA;NA;NA;NA
79;77;-31.71273522;97.28664389;796357.3815;-3618.418528;-4036;-467;0.170340546;0.157075827;-10743502;-983.4769315;0;0;0;0;0.029352018;0.030022062;0.008361331;0.00628938;0.056247705;0.056544665;0;NA;NA;0;0;0;0;0;48.69456935;47.11476466;2.490522973;2.328870658;33.32553781;33.25406712;242.3910699;242.682434;196.0101015;204.5586765;38.33698281;38.43330234;0.013548785;0.013548174;1.369604548;1.373015129;34.71153134;34.71951883;35.71863604;35.79156868;2.154255932;2.066684868;18.37996526;18.36939869;1.208681731;0.820284812;22.37753881;22.4059449;24.79385667;14.68565015;14.61337302;11.18484981;7.69188866;7.841771116;5.670953928;0.273989546;0.175510561;4.99318753;7782;158;29.62921469;160.5;158.7712766;27.49785864;9;8;NA;NA;NA;NA;178;93;35.29356779;183.047619;202.8259369;26.44741235
539;539;31.71273522;-82.71335611;796363.1959;-243.1241997;-46;35;0.358357508;0.331596281;-874069;-223.8332907;0;-213916;-19.7485229;-11;0.21502025;0.057728691;0.086471437;0.045617614;0.102150096;0.085206161;16913918;23.629688;21;0;0;0;0;0;22.93043244;22.22397753;1.197659136;0.464744495;9.448802149;2.526199594;214.1587646;214.0469452;192.5910363;207.7145349;40.07117652;40.44425504;1.74668512;1.503257814;2.14999357;1.964844699;35.79609335;35.97764067;35.76711867;36.07775676;6.385573678;4.97144317;24.70564518;24.76752688;17.61362788;21.37175932;30.13690368;30.16420426;31.90281489;18.33309915;18.49377998;10.59549651;11.80380454;11.39626717;13.85012361;8.735641336;9.005395656;20.42303805;478800;10432;49.55280067;12043.55571;12018.99142;259.9801745;20961;2577;41.8427094;4036.882166;3517.479762;76.97729209;21873;2226;39.64111814;2735.6875;2868.803457;71.89980441
389;387;31.74905646;130.7860227;796371.2966;-1593.364879;-699;702;0.380052881;0.337987687;-4970963;-518.673101;0;-668962;-25.13855173;0;0.234262322;0.134854173;0.061293509;0.02550355;0.084308293;0.077749393;4782634;28.38712243;25;0;0;0;0;0;42.13475513;43.96157542;0.637042199;0.388309707;24.69778898;33.78403003;220.7752135;216.243556;155.4239094;156.460085;34.45057059;34.1704425;0.325372446;0.013641981;1.883877167;1.621576526;34.44167469;34.51285912;34.03957737;34.28712114;3.296846565;2.233723007;22.61791432;23.66242831;7.623865596;4.515896926;29.32164654;29.49095036;30.95226936;16.64400638;18.31133596;4.953178039;12.67764016;11.37178109;16.91113115;3.314906221;2.49145454;23.55566248;52843;2354;39.39427434;3532.435374;3803.820426;55.26115857;2953;817;44.1506883;1294.380952;1397.722836;156.0943167;1895;642;45.4597294;1209.53271;1228.937425;206.3451704
267;266;-31.74905646;-49.21397725;796375.9831;-2373.347257;-2851;265;0.41869989;0.346634488;-7567192;-900.534571;0;-297840;-12.76803704;0;0.090892097;0.070258636;0.041772747;0.032907951;0.083743973;0.071876105;4982852;18.49096206;18;0;0;0;0;0;38.59909977;45.36677457;0.596786664;0.395475277;21.51606749;22.64436725;226.9590606;225.8826233;227.6760924;222.671417;36.93702864;36.86503445;0.362916872;0.013554819;2.166276553;1.735574593;34.82935494;34.8360359;35.60718263;36.06012159;1.798094794;1.507547114;20.99016241;20.94042586;5.701567068;2.711904967;25.53871374;25.47839557;28.87794903;15.88341889;16.02075862;9.566693204;9.655294841;8.660005838;8.532690399;2.850994692;1.35203751;14.98175902;14141;1217;39.42485591;2196.492537;2355.539578;64.61960279;3179;517;38.68506848;943.4044944;1071.791487;72.55968954;779;332;44.1344531;580.4428571;663.430104;143.7671168
465;464;32.28652246;1.46524308;796449.1732;-1123.902439;-601;343;0.199400735;0.19248799;-274473;-1115.743902;-601;-10381;-15.44791667;0;0.083069698;0.087284447;0.018768511;0.014582703;0.085614969;0.084920282;9047706;8.402846362;6;0;0;0;0;0;22.41067344;22.58932404;0.096326746;0.093462926;7.321591245;9.299419293;232.3615839;232.3471661;195.5582472;186.6167321;39.81502286;39.86403332;0.179201289;0.013722862;1.595103237;1.55018902;38.10953156;38.50715261;36.37804309;36.3699656;1.363633987;1.312462366;19.45425203;19.46373919;13.54900922;13.01225751;26.10033457;26.12841876;26.89928385;14.2248815;14.19678727;14.03109847;11.87545307;11.88421577;1.856998043;1.150841874;0.400833232;8.057867095;110;44;33.60573843;48.09090909;48.4;36.01190476;5;1;NA;NA;NA;NA;17;10;NA;NA;NA;NA
53;51;-32.28652246;-53.90770816;796463.8138;-4289.549445;-4074;4;0.158121962;0.167040808;-10166894;-925.7780004;0;-2336;-0.076547498;0;0.037386224;0.034347915;0.01827285;0.008764681;0.062681209;0.062391686;0;NA;NA;0;0;0;0;0;42.73307851;42.03613326;0.395941726;0.417313802;34.45559518;33.28115339;233.1422182;233.3005063;184.272096;202.7461689;38.35380217;38.43265551;0.013574531;0.013548343;1.139025298;1.158567915;34.67793411;34.70886877;35.58195633;35.60401781;1.02527487;1.003501862;19.63790541;19.62015612;1.299691731;1.259415988;23.70875119;23.72358189;26.19555667;16.01485747;16.04985032;13.56888041;7.693893716;7.623848203;2.99864198;0.158780543;0.093435131;3.69906897;6410;1434;49.5152316;2293.766551;2548.37054;269.6706571;3579;1098;46.52548875;1773.893333;1974.397134;278.0084862;13746;2727;47.5825719;3800.341727;4010.952714;441.5067247
65;62;-32.8165837;154.6067622;796537.3148;-3945.689209;-4584;346;0.318031111;0.31704321;-3875281;-436.0617756;0;-76866;-3.112109802;0;0.148598846;0.105292158;0.034091994;0.02401064;0.072951397;0.072075635;3034591;13.52042148;11;0;0;0;0;0;42.18830111;43.30658828;0.573292367;0.527238509;34.21089604;36.13352018;223.4649292;222.6607306;191.2046625;192.3447915;38.51497329;38.36625685;0.039888586;0.013548191;1.507797726;1.483795491;34.75046589;34.71562781;35.60864431;35.62139902;1.286733148;1.268158811;21.33178361;21.39085337;1.885829799;0.762099775;25.55962432;25.72998077;28.21971847;17.30959308;17.05236281;14.56908549;8.250031239;8.255509825;4.15879502;0.437601662;0.061523931;9.495196526;369579;4266;41.22707381;6081.712042;6213.843868;56.35306357;37203;1420;38.07347951;2005.712329;2058.979044;58.68164432;32307;1791;45.3307447;2398.476636;2543.834239;232.7671834
401;399;32.8857335;96.16743023;796546.1231;NA;NA;NA;NA;NA;0;NA;NA;0;NA;NA;NA;NA;NA;NA;NA;NA;6887575;6.226112778;5;0;NA;NA;NA;NA;NA;NA;NA;NA;NA;NA;;;NA;NA;NA;NA;NA;NA;NA;NA;NA;NA;NA;NA;NA;NA;NA;NA;NA;NA;NA;NA;NA;NA;NA;NA;NA;NA;NA;NA;NA;NA;NA;NA;NA;NA;NA;NA;NA;NA;NA;NA;NA;NA;NA;NA;NA;NA;NA;NA
489;489;32.8165837;-25.39323784;796551.1541;-4457.172776;-4913;297;0.064251479;0.06273076;-5740325;-519.5334419;0;-276;-0.00898935;0;0.039391911;0.034195174;0.010247076;0.007426258;0.058063065;0.057460531;4132;28.8951049;25;0;0;0;0;0;44.18422875;44.93241323;0.002926011;0.002410143;22.12720173;22.55500828;226.1961942;225.7995932;252.623606;252.5620204;39.73343485;39.80215018;0.013585106;0.013548172;0.956372264;0.951944016;34.92351584;34.90300773;36.75489709;36.75880717;1.208979297;1.213047754;21.27112617;21.36682032;2.241670924;1.968689816;25.7964948;25.87214181;26.6603396;17.69278891;17.87483006;14.94086229;8.10370589;7.847289335;3.257763734;0.238964536;0.122997418;3.21936592;5615;643;47.14992135;806.9578947;806.6643363;155.9405928;5659;837;46.28109435;1113.275;1087.964051;285.535919;7851;1148;45.73494489;1855.16;1907.365815;249.0663819
300;299;-32.8857335;-83.83256977;796565.1327;-3858.83249;-3893;349;0.138069359;0.137535217;-1801671;-162.7819841;0;-66;-0.002147738;0;0.036995658;0.036410702;0.004147012;0.003335881;0.060677833;0.060238539;0;NA;NA;0;0;0;0;0;43.68095563;43.53170562;1.624206632;1.52683844;35.19138918;35.20709246;244.8912509;244.767365;172.0172611;171.2691102;37.8667077;38.17304718;0.013548546;0.013548172;1.317160143;1.362638513;34.69118898;34.69203557;34.50207514;34.46012567;0.871214842;0.871418348;17.84704626;17.91339024;1.323291005;1.313495677;22.16908841;22.16068437;24.24393831;14.19670493;14.0777647;11.54453298;7.972383472;8.088778778;3.470993202;0.065815572;0.062675838;2.835819655;1241;285;37.33261984;404.4358974;487.2136052;46.74987099;348;151;41.2850133;266.7142857;268.4615477;87.8838897;433;268;45.68644311;605.3529412;730.3709987;156.6324144
522;522;33.37563347;-65.93680878;796640.6906;-4958.351371;-5005;65;0.320975838;0.330264661;-228562;-20.54489888;0;-230;-0.007444088;0;0.069419114;0.042200823;0.038370758;0.028907649;0.058541349;0.059650789;2491;30.01204819;32;0;0;0;0;0;53.50559476;56.26832066;0.475844342;0.439997775;20.23085718;20.13485586;215.1529459;215.1244748;266.3798267;266.8071315;36.56063673;36.91899941;0.014533429;0.013548173;1.62859584;1.659520488;34.89718274;34.89726563;36.52863624;36.52679824;2.06799351;2.137244932;23.37089099;23.17948955;1.832042914;1.82299822;28.38856559;28.33654643;29.1977975;18.77949963;18.64173295;15.46094525;9.609065962;9.627597196;5.458898302;0.106276429;0.087429902;9.997147785;12683;1513;45.10979044;2159.359551;2271.847996;68.66140127;4869;743;43.8837585;984.2790698;1004.365049;155.2501326;16683;1541;43.84138774;2339.204255;2380.560195;162.2344749
69;67;-33.37563347;114.0631912;796649.9842;-3813.093994;-4714.5;145;0.255194598;0.237594761;-4441299;-510.9639899;0;-102453;-4.242711612;0;0.072289556;0.049327126;0.03023294;0.014891826;0.068493735;0.067661164;3343650;13.47881822;13;0;0;0;0;0;41.05135282;40.02465946;0.73114521;0.149199248;30.54154885;33.79581812;233.7264294;232.6749371;200.5362634;206.2898526;38.42611587;38.16462715;0.118317733;0.013548172;1.387084924;1.312809088;34.79396593;34.71504654;35.62740336;35.63985707;2.040709412;2.019924205;18.85817775;18.89712519;2.972076392;0.705893423;22.27239989;22.05201266;26.14408087;15.44324232;15.48043418;11.54822561;6.829157576;6.900356129;4.39026433;0.854998523;0.172525844;8.556460455;115681;3287;34.77350843;4700.781496;4749.707891;28.53337836;4480;1103;47.2691992;1481.926087;1567.749481;375.8924224;4128;1131;47.75362743;1490.639676;1555.210045;456.5529954
317;316;-34.21593977;-102.0648478;796777.2915;-3515.313802;-3531;-1219;0.092603348;0.067542206;-16911482;-1505.920036;0;0;0;0;0.042015226;0.042003248;0.004195132;0.003301017;0.050828935;0.051823669;0;NA;NA;0;0;0;0;0;42.34811036;41.83883292;0.864171832;0.029495188;34.48659268;34.4889203;240.6413929;239.50238;184.27199;183.3452709;36.11711399;36.1626644;0.013548173;0.013548172;1.000418465;0.848243108;34.69353888;34.69201883;34.55660161;34.52679134;1.157555421;1.151627606;18.35920949;18.49568935;1.359908439;1.420156674;23.44288061;23.51178307;25.69422098;14.22234638;14.23200975;11.17091702;9.220534227;9.233570369;3.055536232;0.115852257;0.108472811;0.338994167;36;11;NA;NA;NA;NA;NA;NA;NA;NA;NA;NA;NA;NA;NA;NA;NA;NA
411;409;34.21593977;77.93515218;796792.1354;NA;NA;NA;NA;NA;0;NA;NA;0;NA;NA;NA;NA;NA;NA;NA;NA;13647292;12.15026945;10;0;NA;NA;NA;NA;NA;NA;NA;NA;NA;NA;;;NA;NA;NA;NA;NA;NA;NA;NA;NA;NA;NA;NA;NA;NA;NA;NA;NA;NA;NA;NA;NA;NA;NA;NA;NA;NA;NA;NA;NA;NA;NA;NA;NA;NA;NA;NA;NA;NA;NA;NA;NA;NA;NA;NA;NA;NA;NA;NA
385;383;34.30688815;164.8388385;796792.6664;-5480.587059;-5705;-1825;0.34675949;0.380452743;-316085;-28.0939472;0;0;0;0;0.112133076;0.110083725;0.022524052;0.020407273;0.069675686;0.070824268;0;NA;NA;0;0;0;0;0;48.51323292;48.79332564;1.287587277;1.293216884;36.26202222;36.04002832;235.0928648;234.9291797;165.5339513;169.1084076;33.3458308;33.30621557;0.013548172;0.013548172;1.836010893;1.941900703;34.6912226;34.69285255;34.54532104;34.51518245;2.484758027;2.291247799;20.31177819;20.50056306;0.9844478;0.963250447;26.99213457;27.08298469;28.67783507;14.07838451;14.39928266;6.028432507;12.91375007;12.89101787;8.327699249;0.060454586;0.060410924;0.190438553;282;31;15.6444307;47.5;41.33601891;3.762846598;NA;NA;NA;NA;NA;NA;18;7;NA;NA;NA;NA
242;241;-34.30688815;-15.16116155;796812.4379;-3351.730578;-3413;37;0.139749429;0.139425396;-19641342;-1745.897067;-2591.5;-754;-0.024134951;0;0.053006711;0.050029414;0.010091904;0.007087721;0.061570835;0.058370744;0;NA;NA;0;0;0;0;0;46.04638025;45.51627381;1.879093961;1.321301538;23.90371775;23.72591783;240.7939132;240.6936628;243.772837;244.9811268;35.37226469;35.20898332;0.013553724;0.013548172;1.211263091;1.323737424;34.85003812;34.86110453;35.42097184;35.44334042;1.89569942;1.742024321;18.2411659;18.51084874;2.035289064;2.06850067;22.82296875;23.0074402;26.24124929;14.2517683;14.450805;10.15625101;8.571200453;8.632121233;3.53966537;0.337504912;0.259267291;4.099314493;405;268;48.11810871;907.2941176;946.9000384;119.8137327;36;31;NA;NA;NA;NA;175;166;49.10145505;3346;2919.348659;153.8944724
80;78;-34.60312567;88.29659021;796842.8563;-3645.675171;-3818;19;0.224476496;0.220003173;-7189197;-636.8320489;0;0;0;0;0.037669873;0.036873029;0.00951115;0.007816815;0.061277833;0.063327187;0;NA;NA;0;0;0;0;0;50.56350425;46.93623144;4.885113663;4.978130204;32.84223416;32.8512983;250.4114584;251.0271672;202.698347;205.334468;36.17285284;36.32235471;0.013550196;0.013548535;1.531796894;1.541340897;34.72461995;34.73032548;35.38759509;35.33951967;2.923032077;2.694145099;16.72966538;16.69391273;1.090530716;0.956526507;21.46772629;21.80769731;24.58245139;12.72400317;12.45926153;10.72759379;8.743723117;8.878861846;4.226412784;0.200552269;0.151298804;3.215956699;9884;156;28.76766622;170;158.8508528;26.56723347;489;51;24.11546849;222;75.75078771;22.41269097;67;51;40.01222037;194.5;205.0346182;37.72268908
547;547;34.60312567;-91.70340979;796858.4002;-2.512820513;0;11;0.505519086;0.505920066;0;0;0;-374;-3.280701754;0;0.053136501;0.053561901;0.03070468;0.030840039;0.281147586;0.289641587;24857912;22.07610234;19;0;0;0;0;0;8.508410486;8.248527395;6.858930626;6.943583534;6.32472058;6.411071499;227.6041624;227.4229028;228.6327797;228.8268626;39.1675689;39.31020546;3.405813777;3.476846782;3.183788252;3.187440103;28.75089223;29.00828324;27.20603551;27.03891763;17.44997769;17.5388491;23.03988507;23.03765658;23.24918788;23.26014343;31.95540813;31.97266955;32.10764026;12.43623479;12.41548054;12.30037467;19.51917334;19.57432624;0.655462237;19.55535142;19.54763473;0.647178017;14388;2071;31.18848737;13047.15556;16530.27602;16.32500727;137;137;50;9453;NA;137;84;84;50;3570;NA;84
61;63;-34.93239607;145.241193;796900.9012;-87.52468153;-60;267;0.42909287;0.436976681;-42746;-34.03343949;0;-170493;-48.90791738;-49.5;0.069258687;0.055721158;0.045907347;0.036114856;0.094988265;0.090315734;12123318;11.92045569;12;0;0;0;0;0;32.95470184;34.85024816;0.434280996;0.241350788;3.066586498;2.035904084;248.0025281;249.3359332;234.8235152;237.5640362;35.10213387;35.09580016;1.243045326;1.217218786;2.088740158;2.09574372;35.5951311;35.60735858;35.6509796;35.61956773;1.501497911;1.452426619;15.97102744;15.80822775;14.49700771;14.71966663;19.91225915;19.62052619;24.72518929;12.51490344;12.30040279;10.30136311;7.397355717;7.264169909;6.468042603;5.635646674;5.486096782;11.41145361;616235;3909;16.35287407;5625.215501;5612.541942;2.447660346;7280;454;38.13928362;569.28;583.0163823;73.17896248;1877;208;40.19480723;243.3571429;245.7362206;97.10136979
497;497;34.93239607;-34.75880702;796913.4967;-3176.029664;-3260;-335;0.097245656;0.079519257;-20224299;-1785.494747;-2343;0;0;0;0.036412731;0.029367294;0.007170338;0.005783661;0.061930745;0.062835621;0;NA;NA;0;0;0;0;0;42.94114579;41.66838946;0.035678379;0.007199525;20.0904511;19.6966959;227.1050947;227.0657904;261.7441307;261.7562314;38.10286025;38.2799333;0.013602668;0.013549596;1.08228317;1.047715318;34.96279462;34.95326838;36.53502559;36.48170561;1.12626392;1.135542523;21.29262328;21.33424696;2.784853233;2.625378898;26.39402581;26.41731805;27.61121096;17.27101361;16.98602612;14.79452545;9.123012202;9.195697644;3.240854128;0.671033367;0.547216581;3.832671506;21721;682;37.19936665;833.7586207;829.6162522;51.98899453;3389;531;43.38870295;739.3636364;752.5775164;151.0888485;8005;1087;44.7795312;1895.843137;1885.14323;199.2271711
111;109;3.096927834;106.6491626;796946.7223;-67.40216334;-53;287;0.186138859;0.144849304;-145523;-17.68631502;0;-1151614;-50.38783636;-50;0.067907219;0.059526663;0.039888899;0.030282751;0.085430083;0.07287026;2263603;17.78904807;17;0;0;0;0;0;18.05199426;18.84790505;0.131345877;0.020144592;3.282754964;0.763766336;203.4405396;203.4873126;181.2443201;193.531487;42.90792102;43.17543253;1.624271199;1.672110147;1.543278378;1.32315973;33.45413165;33.46666967;32.56378197;32.76876125;10.89838252;7.637797827;28.84105925;28.82718396;25.3332408;26.2610981;30.36266212;30.3046096;32.37916436;26.56549315;26.66219378;25.05010674;3.797168965;3.668243081;2.572507646;4.631368918;4.535319044;9.601259065;5458;1205;41.79262214;3203.181818;3032.202677;68.31637221;2;2;NA;NA;NA;NA;3;3;NA;NA;NA;NA
543;543;-3.096927834;-73.35083743;796946.7223;NA;NA;NA;NA;NA;0;NA;NA;0;NA;NA;NA;NA;NA;NA;NA;NA;3821632;4.108093465;4;0;NA;NA;NA;NA;NA;NA;NA;NA;NA;NA;;;NA;NA;NA;NA;NA;NA;NA;NA;NA;NA;NA;NA;NA;NA;NA;NA;NA;NA;NA;NA;NA;NA;NA;NA;NA;NA;NA;NA;NA;NA;NA;NA;NA;NA;NA;NA;NA;NA;NA;NA;NA;NA;NA;NA;NA;NA;NA;NA
161;159;-0.556320181;40.51597283;796946.728;-2336.174436;-2703;131;0.234414381;0.241091087;-4336767;-1579.30335;-1670;-14508;-1.896966527;0;0.3375038;0.20325384;0.054897581;0.01848401;0.076648514;0.075750884;7395200;11.23714677;10;0;0;0;0;0;21.6938954;22.11977804;0.18426293;0.159376013;32.68405083;34.7214127;205.8415649;206.0948514;148.428768;159.1873314;50.57507606;50.88268713;0.05832482;0.013548172;1.523314514;1.52788268;34.80946668;34.74965092;35.14698641;35.20982993;1.79333989;1.629416459;27.34558685;27.33165569;4.156160281;1.850392847;29.67650572;29.64230071;30.30256444;24.99795301;25.01753211;24.57905109;4.678552704;4.687852363;0.946448421;1.006678115;0.435072428;10.74228051;9544;1003;47.78826317;1447.8;1642.325782;193.4895956;481;168;42.33047555;188.1428571;196.6496038;104.1697434;701;336;44.52713359;564.304878;639.9856199;145.6002963
620;621;0.556320181;-139.4840272;796946.728;-4373.601853;-4371;-2507;0.223632896;0.222145082;-48235;-5.196057309;0;0;0;0;0.276338298;0.256678079;0.01095413;0.008999915;0.069832878;0.068765713;0;NA;NA;0;0;0;0;0;23.75482693;23.92858345;4.992818193;5.130224673;36.08139292;36.19544168;205.9813981;206.8123991;164.7852152;162.574421;51.48237694;52.34398329;0.013548172;0.013548172;1.510625373;1.502758308;34.69636962;34.69613328;35.06524257;35.05902861;2.941617271;2.907840229;26.61507586;26.66377142;0.99739373;0.997615971;28.27102871;28.30731296;29.00829348;23.8949333;23.88592853;22.7729132;4.376095409;4.407004482;1.854261809;0.046620614;0.04625901;0.115686942;1254;112;31.26106972;138.7142857;152.9424568;34.54712421;874;84;28.34798067;105;98.5176288;31.17352269;3008;114;25.48789385;171;178.0834574;25.58479853
246;245;2.580538272;-34.2927983;796946.7407;-3868.789734;-3934;-982;0.09350667;0.08733404;-6922406;-743.3855241;0;0;0;0;0.191960632;0.191720419;0.020591289;0.013988433;0.065113832;0.065225281;0;NA;NA;0;0;0;0;0;22.73808317;23.20974796;0.00367831;0.002932302;23.19683764;22.38888678;204.0867505;203.9822181;251.5408798;252.5247179;45.21595843;44.69733768;0.013548183;0.013548172;1.078734054;1.076090427;34.891357;34.8945428;35.71972898;35.67838295;1.578138539;1.531250893;27.72604204;27.80202641;1.939697641;1.946843105;28.85621822;28.87900146;29.21146798;26.29279943;26.34785642;25.39100222;2.563418793;2.572503867;1.879972112;0.558779663;0.482049239;1.405360937;2095;130;15.1791356;217;219.6550652;5.791790985;70;23;18.79963964;53.33333333;57.0579845;9.496124031;118;30;22.14405518;57.5;38.45331022;19.33888889
353;352;-2.580538272;145.7072017;796946.7407;-2419.108097;-2139;1000;0.18006574;0.174453333;-9939489;-1334.697059;-1453;-28663;-1.387434048;0;0.213775343;0.231804114;0.013566663;0.006545182;0.067060175;0.065574098;2696225;13.6665805;14;0;0;0;0;0;19.11965839;19.40956506;0.072539893;0.067240571;37.4459742;38.07240968;200.1360174;200.0873474;128.4879337;132.5020709;42.66239073;42.80047165;0.021841154;0.013548172;1.330303468;1.309987799;34.64647439;34.63364594;34.32524541;34.33039461;2.138344421;1.897036767;29.56932768;29.64410298;2.737443911;2.187647681;30.44174126;30.42456023;30.75662417;28.63290535;28.83594408;26.19897762;1.808835913;1.604915742;3.083431932;0.409611327;0.175618494;7.693221738;16474;2795;49.70236651;4141.540434;4276.162;278.1352303;1615;308;36.70997599;401.3478261;424.3141786;46.39896465;4007;559;39.5733165;770.0990099;797.9223498;71.04855147
352;351;-0.245051576;154.3167816;796946.7438;-2934.485529;-2702.5;530;0.138689462;0.132474093;-14404699;-1555.583045;-1948;-10909;-0.424309607;0;0.238018795;0.270886931;0.013366599;0.00747383;0.05654828;0.05657749;153863;17.5943968;18;0;0;0;0;0;20.00506445;20.04076353;0.293657625;0.268695627;37.83798804;38.19938788;199.4921573;199.5001011;136.363552;137.4820703;44.20590029;44.23949024;0.016731512;0.013548172;1.259900247;1.242603143;34.66061325;34.66406502;34.4404368;34.43570123;1.738431448;1.737181205;29.71237696;29.73716686;1.910033941;1.575619569;30.59847994;30.58795853;31.00326473;28.54035586;28.59660974;27.43114269;2.058124081;1.990887178;1.838885809;0.303435279;0.207818647;8.739921905;10035;1185;48.20914378;1648.666667;1705.830448;199.267498;661;174;34.78433507;247;256.5167776;34.19589888;1495;318;39.90430332;449.8035714;450.2436614;77.06185567
238;237;0.245051572;-25.68321837;796946.7445;-4183.354346;-4117;-690;0.137237928;0.133456699;-4712547;-506.9435241;0;0;0;0;0.258054359;0.253193296;0.015985149;0.013507437;0.068924005;0.068024843;0;NA;NA;0;0;0;0;0;19.127667;18.64503442;0.051974817;0.032335152;25.29007557;23.15215141;207.5827387;207.6268393;243.1221673;246.3523523;47.57520944;48.88278657;0.013548175;0.013548172;1.239858666;1.213528151;34.86473205;34.89774311;35.72290539;35.81354699;1.367204863;1.366548352;27.34133586;27.26070563;1.653602881;1.976716704;29.02096498;29.02812342;29.47781708;25.46476704;25.39633286;23.64242669;3.556197945;3.53801907;2.962296359;0.731805273;0.603158215;2.194325683;7256;483;41.7984618;626.3230769;617.7376658;83.75068958;1110;218;43.10941029;238.0357143;232.120571;135.5743838;1808;360;44.28185221;445.6153846;451.4840866;169.8817171
456;455;35.33482866;11.73706897;796968.8847;-999.5829448;-477;769;0.113622804;0.110016944;-5911743;-889.1176117;-431;-278271;-15.07916983;0;0.057146866;0.046907244;0.010941348;0.00580418;0.072783983;0.06935897;7878678;16.02096496;14;0;0;0;0;0;28.6029141;29.02331419;0.149373475;0.131058037;5.030992947;5.499335723;227.1896122;227.0199775;199.9680882;190.8383376;39.79442164;39.94277992;0.241069674;0.014823913;1.257491454;1.214571119;38.5050793;38.64959066;37.85236763;37.90762456;1.605222176;1.599466272;20.58298089;20.48689449;14.49079991;13.71718862;28.47548056;28.41436306;31.1710534;14.31575839;14.1878333;11.55520572;14.15972216;13.99253887;6.301696782;2.361284288;0.698054468;18.79302243;37892;2064;47.62113324;2914.53012;3027.010238;190.9227062;3672;481;41.17466176;631.8387097;672.9439412;103.7965267;305;158;42.10676271;290.4545455;331.284316;88.00851466
170;168;-1.127124784;32.29092176;796974.3;NA;NA;NA;NA;NA;0;NA;NA;0;NA;NA;NA;NA;NA;NA;NA;NA;14695821;16.87092141;18;0;NA;NA;NA;NA;NA;NA;NA;NA;NA;NA;;;NA;NA;NA;NA;NA;NA;NA;NA;NA;NA;NA;NA;NA;NA;NA;NA;NA;NA;NA;NA;NA;NA;NA;NA;NA;NA;NA;NA;NA;NA;NA;NA;NA;NA;NA;NA;NA;NA;NA;NA;NA;NA;NA;NA;NA;NA;NA;NA
629;630;1.127124784;-147.7090782;796974.3;-4597.50991;-4592.5;-1924;0.211542586;0.210350361;-186870;-20.12817751;0;0;0;0;0.253074057;0.237599579;0.011015122;0.009938679;0.069765819;0.068906136;0;NA;NA;0;0;0;0;0;25.79839393;26.01144138;4.564852913;4.676939331;35.61590872;35.54272649;204.8644386;205.7088985;171.2412616;172.0531141;50.77916064;52.19196319;0.013548172;0.013548172;1.4642039;1.464942307;34.69800185;34.69784513;35.11168355;35.07858859;2.806684004;2.785826573;27.0447042;27.06814677;0.971357381;0.968578419;28.76125539;28.74500366;29.45538917;24.47566273;24.4676308;23.46413964;4.285592655;4.326359417;1.922719558;0.057284841;0.056674589;0.182417253;1140;173;34.36248394;293.12;304.2269615;29.92952881;823;125;31.45203469;209;239.0155151;40.17610772;2707;126;26.27820549;175.0434783;211.2189201;27.78510463
102;100;-2.314394482;112.8717264;796974.3028;-38.75664714;-35;480;0.222008172;0.186373078;-27938;-6.295178008;0;-408086;-33.06749858;-35;0.076909192;0.052282711;0.059831967;0.044173642;0.112454786;0.09321789;5016534;10.07773251;10;0;0;0;0;0;18.50673239;19.23304782;0.111029797;0.029039754;0.77912018;0.02213707;201.9577171;201.8565625;197.4181337;201.7017024;44.18709533;44.07298834;1.638871041;1.593483151;1.639104473;1.460811365;32.80489108;32.87304933;32.28005941;32.59070368;9.96393678;7.932768006;29.03210533;28.98976091;28.49775558;28.77528659;30.30098584;30.23294194;33.29303231;27.55998331;27.55476138;27.03644418;2.741002533;2.736994576;3.380868299;2.995693502;2.793666038;9.141090965;668;321;39.91227769;630.6;847.2440173;19.12661809;NA;NA;NA;NA;NA;NA;NA;NA;NA;NA;NA;NA
534;534;2.314394482;-67.12827356;796974.3028;NA;NA;NA;NA;NA;0;NA;NA;0;NA;NA;NA;NA;NA;NA;NA;NA;2203525;2.370431847;1;0;NA;NA;NA;NA;NA;NA;NA;NA;NA;NA;;;NA;NA;NA;NA;NA;NA;NA;NA;NA;NA;NA;NA;NA;NA;NA;NA;NA;NA;NA;NA;NA;NA;NA;NA;NA;NA;NA;NA;NA;NA;NA;NA;NA;NA;NA;NA;NA;NA;NA;NA;NA;NA;NA;NA;NA;NA;NA;NA
152;150;-0.680437146;48.75920863;796974.3065;-4443.335413;-4796;120;0.266507427;0.266446643;-2442531;-267.293828;0;-8644;-0.341080377;0;0.1334829;0.11949918;0.015876326;0.010915073;0.076141419;0.076242871;317805;16.60423197;17;0;0;0;0;0;19.05820431;18.4972611;0.304008973;0.32416637;33.78481716;33.90504139;205.5206999;205.7281171;183.5605305;189.1144531;51.12971645;51.30690853;0.021197379;0.013548172;1.593698933;1.585519518;34.74425983;34.72711113;35.32727013;35.3319741;1.604141186;1.60137731;27.51498683;27.50307227;1.348897965;0.919333072;30.25674668;30.28286837;30.83427914;24.8436728;24.93121714;21.0457346;5.41307388;5.236410282;4.549204758;0.247307322;0.10028331;13.53859639;16317;227;35.87864333;282.7142857;275.9808955;44.68944748;1011;109;32.20473071;171.1428571;131.7793881;39.77279272;139;95;43.27176826;167.7307692;177.6446917;75.17898833
611;612;0.680437146;-131.2407914;796974.3065;-4432.996561;-4435;-1849;0.232346961;0.232185007;-50834;-5.463084363;0;0;0;0;0.282300832;0.258789979;0.012570904;0.010798012;0.070068938;0.068860256;0;NA;NA;0;0;0;0;0;21.49675373;21.59667879;5.279796729;5.522007616;36.194285;36.37631854;206.7916397;207.7315241;163.3574049;161.1948225;51.26139748;52.14829493;0.013548172;0.013548172;1.560277366;1.547076462;34.69564353;34.69580152;34.9684972;34.9457283;3.047771264;3.008348318;26.22734082;26.25316149;1.012977194;1.009408208;28.03614185;28.15617034;28.70780255;23.37460391;23.36464541;21.91528289;4.661537942;4.702527241;2.846287704;0.043259765;0.041761182;0.263610193;126;69;35.55940654;142.5;155.9846838;12.72115385;13;8;NA;NA;NA;NA;10;7;NA;NA;NA;NA
205;204;-1.64973674;5.540180199;796978.362;-3642.60151;-4039;570;0.180483904;0.176662136;-6219950;-700.7604777;0;-45974;-1.865449381;0;0.082828088;0.077745915;0.010949981;0.007655288;0.097661378;0.091650441;445604;9.307266537;9;0;0;0;0;0;12.57787616;12.42875495;0.332638293;0.237323928;23.48335507;23.96630593;211.6875761;212.3196515;229.66717;236.1034319;44.8445056;44.97693013;0.063740205;0.013548172;1.561327832;1.570946761;34.90185185;34.89916143;34.4276379;34.67148509;3.416689454;2.674012738;26.96547587;26.65267107;3.044933813;2.052527695;29.81250067;29.73051698;31.55965204;23.48412497;22.91747204;20.97622905;6.328375702;6.629587102;4.100372873;0.729715787;0.420471007;10.39947162;1065;617;50.14859648;1499.52381;1726.597362;225.5368861;261;145;40.08333125;405;479.0606981;62.32479414;854;453;45.96502714;1258.095238;1398.314034;204.1758119
340;339;1.64973674;-174.4598198;796978.362;-5318.08129;-5377;-16;0.173549203;0.173527425;-259320;-27.88387097;0;-166;-0.00642788;0;0.269933067;0.318183432;0.011582855;0.009688893;0.066961128;0.068073603;0;NA;NA;0;0;0;0;0;26.93818465;27.36434908;2.764347193;2.90215274;33.95452732;33.86726466;201.6652263;201.8738198;196.8898485;198.0142995;48.6028244;49.803695;0.013634204;0.013548172;1.359786476;1.380658597;34.70713226;34.70796662;35.07243075;35.12840774;2.211215825;2.211683853;28.52032069;28.56409019;0.807238208;0.78692309;30.43564835;30.46687391;30.89155656;26.07280897;26.05453422;24.83383891;4.362839378;4.471470154;3.436062205;0.075791211;0.078974946;4.602248819;80481;890;45.78841278;988.4133333;978.4042801;143.7615992;599;70;21.34878425;73.62068966;80.11081401;13.15397588;8013;188;28.38033095;207.6875;219.2286075;28.83597382
123;121;0.137316227;75.49541685;796978.3795;-3826.11835;-4150;47;0.112409859;0.110162055;-7598565;-818.2818221;0;-12019;-0.465690263;0;0.111528271;0.113401971;0.013864434;0.010354806;0.064417923;0.063592093;0;NA;NA;0;0;0;0;0;19.97875873;19.89825976;0.005638214;0.003621753;34.83047202;35.04360982;200.5086783;200.4424363;165.7571598;171.2028973;46.44399299;46.52661839;0.027235577;0.013548172;1.218010368;1.198415169;34.74459144;34.73131854;34.8212985;34.82246455;1.722822908;1.712919038;29.1550306;29.18508155;1.75510023;1.147036377;30.38607441;30.38924239;31.29623637;27.9721618;27.98803061;27.07581253;2.413912614;2.404606028;1.548753027;0.285364382;0.153931486;8.505179725;8100;528;39.97467435;1047.098592;1096.828055;68.0622841;176;79;27.90464338;447.5;595.5026455;16.49414271;299;166;41.45051695;431.5;564.6751986;79.46755556
576;576;-0.137316227;-104.5045832;796978.3795;-3511.956601;-3526;-2450;0.271199974;0.278745589;-14338301;-1544.077213;0;0;0;0;0.344776556;0.286602895;0.011632257;0.008789586;0.071605737;0.07106312;0;NA;NA;0;0;0;0;0;15.02090678;13.76277011;5.694883717;6.769527803;37.96699692;38.01909827;208.4869623;208.417119;140.4008589;139.7491249;49.10713208;49.73099154;0.013548172;0.013548172;1.832303953;1.820038826;34.68289652;34.68254789;34.56193632;34.67955392;2.897780586;3.055551739;24.99892176;24.66849719;1.294357054;1.304855357;28.1751328;28.18225559;29.46825093;21.5125762;20.73845022;19.27981961;6.662556598;7.19606346;5.524848512;0.136662287;0.124435678;0.353325002;856;38;17.15625894;42.2;46.00205511;3.465980474;6;5;NA;NA;NA;NA;5;5;NA;NA;NA;NA
100;98;1.558435383;130.5005685;796978.6071;-2755.193048;-3034;985;0.12323949;0.118882015;-7349048;-857.2317742;0;-100796;-4.234592278;0;0.32126581;0.32068119;0.013103299;0.007600578;0.070007295;0.065387085;681714;7.256136243;6;0;0;0;0;0;16.8740164;16.88804387;0.005774618;0.002887087;33.84332679;37.28031805;200.3250489;200.42922;142.1233308;149.4212671;45.42446327;45.19162102;0.091864716;0.013548172;1.287325075;1.247554972;34.66833112;34.67714272;34.15471728;34.24124854;2.868090672;2.520454212;29.24241824;29.27698516;4.359815437;1.260220376;30.10075793;30.08917842;31.51783181;27.9199578;27.9664924;25.80456847;2.180800136;2.062678811;3.207299122;0.727459876;0.099774455;9.764305258;5022;1558;47.98662525;2830.04644;3114.103776;169.3718453;416;218;43.61681708;341;399.8549989;108.5671267;608;322;45.34143833;634.3230769;719.9825295;165.17605
518;518;-1.558435383;-49.49943153;796978.6071;-86.29949664;-21;27;0.868973713;0.521752161;-147950;-62.05956376;0;-165830;-25.09533898;-18;0.413982275;0.326129499;0.168728116;0.160812169;0.168544517;0.156733868;6409894;9.237928883;7;0;0;0;0;0;13.37811171;10.68026607;1.827197518;1.47742499;2.608491593;0.097023789;204.6577171;202.0078511;203.9857894;201.4547725;45.98442461;46.37936591;2.876409321;1.404481065;4.362535113;3.007125414;30.72622406;35.73320115;27.11516887;30.74128799;14.57743163;8.983479968;28.0594946;28.01719922;26.02119715;28.01682244;28.88663843;28.8388796;29.87647524;27.00655235;27.03202677;26.20618635;1.880086083;1.833990499;1.907660225;2.945049353;2.526855829;12.12291157;1898;387;37.55711305;612.0405405;621.3601092;42.31451594;110;49;31.33002487;70.23076923;79.473978;29.80295567;3;3;NA;NA;NA;NA
113;111;-2.665183374;89.91660157;796979.6767;-4448.768016;-4655;-2018;0.095750955;0.09387002;-3426208;-367.974224;0;0;0;0;0.061737381;0.05898369;0.011382207;0.007459207;0.05884207;0.058449178;0;NA;NA;0;0;0;0;0;22.84816641;22.90129672;0.002595127;0.002414149;34.3431708;34.151712;200.7765053;200.6346558;184.8489916;187.868832;43.41511393;43.38494636;0.013548172;0.013548172;1.141944118;1.140895332;34.72140328;34.72262126;34.29376171;34.3010102;2.221541469;2.096899578;29.08888954;29.15351987;0.926983893;0.933461273;30.32448871;30.30667542;30.71602103;27.99453731;28.0893267;26.72094695;2.329951399;2.214184523;1.83583228;0.100171672;0.072049967;0.630107567;7177;128;37.16622743;135;131.0168737;52.90110415;217;18;10.12304152;36;40.67307692;5.993254423;172;62;30.80198135;91;107.2812996;30.56198347
559;559;2.665183374;-90.08339843;796979.6767;-2549.903017;-2626;569;0.308063117;0.213995534;-19370393;-2094.322954;-2419;-9248;-0.360222802;0;0.21107888;0.213866026;0.010618075;0.008842223;0.072866496;0.070599061;0;NA;NA;0;0;0;0;0;15.43651607;15.88428131;2.005710179;1.613042528;39.54847327;39.65771591;209.8249838;209.3076492;104.161568;106.605419;43.41191314;42.69072901;0.015117224;0.013548172;2.086298218;1.662567026;34.66217171;34.66651044;33.40654812;33.21208457;1.290751418;1.209042493;26.48681828;27.04764521;2.175834822;1.846848289;28.8582184;29.0359368;29.84466656;24.04821866;24.91291545;17.19582441;4.809999739;4.177214528;7.20371258;0.254493585;0.14159385;9.626645832;3138;935;44.41540327;1697.127273;1754.481934;42.17330078;1090;359;43.38245772;508.7674419;566.9083322;131.1658203;3220;919;46.42613214;1338.704663;1417.623718;277.1854783
112;110;0.221836264;98.29983693;796980.7588;-2764.030537;-4131;304;0.117377476;0.095946204;-1810497;-279.2253239;0;-128047;-7.103067621;0;0.060368524;0.060305748;0.014129863;0.008892947;0.08024977;0.067029088;5034948;16.76081225;17;0;0;0;0;0;18.27428266;18.77664697;0.125325647;0.018095296;27.64304041;33.88355646;200.9120266;200.9704063;162.8624285;193.624961;42.53944902;41.90594547;0.34466289;0.013548172;1.307779041;1.214929284;34.53054125;34.71553519;33.45709066;33.67719153;9.30868096;3.689751939;29.47206843;29.41216195;7.925718158;0.813081098;30.59318547;30.4721279;32.22500206;28.0328016;28.12694874;26.22928212;2.560383868;2.460786984;2.80321339;1.813814494;0.090784206;11.7601759;4313;475;38.7649576;854.84375;891.4692083;53.12920455;73;40;31.46959369;67.6;83.02318478;24.33333333;83;64;42.57381831;162;162.9283906;53.40310078
551;551;-0.221836264;-81.70016307;796980.7588;-2502.794147;-2838;161;0.39604379;0.292685284;-14835895;-2149.195277;-2608;-49783;-2.59746426;0;0.089586422;0.087107776;0.011679087;0.008482576;0.09145483;0.084881323;4400272;18.04129561;18;0;0;0;0;0;15.28227058;15.41021279;2.241340004;2.081153231;38.10983532;39.64631183;214.4267754;213.368107;103.7119567;104.4297272;42.64928861;42.28233887;0.124613956;0.013548172;2.339581329;1.969841761;34.65900001;34.67069608;33.707937;33.64839759;1.835839585;1.348480557;25.14012443;25.68487596;3.082120317;1.831778581;27.98407907;27.94859933;30.31074808;22.47984737;23.38940352;17.03889324;5.504231696;4.626816172;8.460075548;0.561177353;0.077042999;12.64603583;6250;1138;43.7555865;1648.446512;1727.992114;44.89055037;949;162;37.34606351;223.1071429;236.6892781;69.81944337;711;334;45.40168798;471.7938144;539.262343;173.7782743
254;253;4.486204136;-42.9257713;796980.7707;-4108.425137;-4289;-15;0.084117319;0.081969524;-3321172;-356.4636686;0;-2641;-0.102051857;0;0.238582412;0.173452539;0.039101025;0.029647683;0.065318351;0.063948679;0;NA;NA;0;0;0;0;0;26.51173928;26.65316237;0.012340337;0.00410406;22.18300277;22.03572225;202.5167609;202.4587045;257.9191535;259.15781;45.87285921;45.8141307;0.014650239;0.013548172;1.057320508;1.030045237;34.89709596;34.88966191;35.67155471;35.76751441;2.142214078;1.842871554;27.83792512;27.85223572;2.002666554;1.887581089;29.07919464;28.94255993;29.98538479;26.53898323;26.6475399;25.30393483;2.540211415;2.299222276;2.916829621;0.426822499;0.436017311;8.945949002;3558;133;11.96674718;182.8837209;210.4465185;5.658387842;270;105;33.67651354;166.6;164.9644444;31.47668394;750;72;27.65508841;80.66666667;79.98520623;23.29192547
354;353;-4.486204136;137.0742287;796980.7707;-719.2681159;-47;1268;0.283379315;0.239093606;-2167589;-424.518018;0;-268321;-18.96261484;-3;0.124307358;0.073935702;0.026565696;0.012785548;0.111818237;0.101479085;2390532;5.281671376;5;0;0;0;0;0;15.797301;16.20584226;0.129646581;0.024292432;15.51436248;6.476892877;201.3168221;201.2536257;155.1719565;158.4788836;43.38929626;43.47452769;1.11699822;0.85286695;1.869651832;1.652924884;34.54096891;34.62263718;33.96498059;34.12965279;11.55089483;5.268690291;28.75856042;28.44987648;17.80111612;24.18396049;30.50482511;30.38523387;32.22335852;26.54094469;25.60425108;24.61287421;3.963880426;4.913716917;4.941900857;3.953281851;4.898411829;10.29942409;4355;1360;41.31075754;2238.888545;2628.42133;20.4717863;1035;344;44.19903709;533.4117647;564.5615018;155.4076599;275;141;40.01070588;264.483871;299.1717492;64.69204448
230;229;-2.416072655;-17.26543736;796980.7787;-4246.846593;-4210;-979;0.174936409;0.177967008;-3731105;-402.2321044;0;0;0;0;0.240830732;0.232379569;0.016978826;0.014431514;0.073602669;0.073883874;0;NA;NA;0;0;0;0;0;20.66489853;20.19153918;0.248482929;0.243610319;25.44731621;23.75555006;209.6627849;209.8846365;241.8755917;244.2653922;50.0558788;50.3624449;0.013548172;0.013548172;1.381394358;1.394505101;34.86451055;34.87695717;35.84909195;35.92089406;1.294501689;1.292266041;26.54167659;26.49089701;1.571531711;1.683163626;28.96853874;28.9349043;29.66374981;23.70990753;23.78968384;22.6280158;5.258631212;5.169601257;2.194084487;1.010682594;0.932052723;3.1223599;3544;212;29.56971167;504.8947368;466.3691628;25.81745976;492;150;33.62993994;340;452.3136622;41.2937564;295;104;31.23542581;203.047619;289.016172;26.44333029
351;350;2.416072655;162.7345626;796980.7787;-4009.921302;-4247;212;0.130173344;0.134345482;-5349566;-576.7104355;0;-60;-0.00232432;0;0.22668349;0.199831723;0.024065596;0.017153304;0.055069363;0.055911303;2009;15.57364341;14;0;0;0;0;0;23.19462027;22.48960498;0.655475172;0.625304494;36.14798572;35.56386892;199.4787688;199.3663779;165.6910375;173.6113864;44.67288397;44.61213875;0.013606961;0.013548172;1.223239989;1.214509587;34.6849214;34.68937385;34.45273094;34.47736907;1.73725424;1.716069226;29.45342601;29.46276428;1.154924207;1.054914249;30.40490991;30.42776626;30.88037339;27.97931791;27.99594859;27.1731367;2.425592003;2.526283625;1.908850372;0.119335429;0.104512432;9.363490475;351;61;17.72750544;100.375;144.1028738;7.89092423;21;5;NA;NA;NA;NA;25;14;NA;NA;NA;NA
101;99;-0.345046844;121.7820531;796980.7824;-2344.626395;-2158;939;0.109993754;0.102124075;-6481487;-881.834966;-150.5;-123919;-6.061980237;0;0.150447755;0.108855235;0.009158743;0.002916949;0.074163389;0.070249675;3077910;13.65284043;14;0;0;0;0;0;14.32382494;14.22802928;0.015829334;0.003161437;33.94130093;39.321871;201.1962243;201.0202412;109.1163744;96.77119665;46.09473072;46.11529792;0.110116669;0.013548172;1.369253405;1.345383178;34.58766392;34.62342719;33.38139204;33.49163735;4.599147523;3.995350336;29.17109688;29.2005145;6.113851694;3.075157984;30.22877687;30.15389464;31.86602382;27.59968577;27.93474871;25.93151241;2.629091096;2.208552885;3.13475345;0.834923802;0.144390528;8.585664728;3304;1397;45.69540028;2613.404844;2930.319869;42.80309601;316;188;44.8002436;380.972973;393.5883065;125.1328321;1304;545;45.44297554;949;1044.945019;191.0579775
526;526;0.345046844;-58.2179469;796980.7824;NA;NA;NA;NA;NA;0;NA;NA;0;NA;NA;NA;NA;NA;NA;NA;NA;4350072;4.683207266;4;0;NA;NA;NA;NA;NA;NA;NA;NA;NA;NA;;;NA;NA;NA;NA;NA;NA;NA;NA;NA;NA;NA;NA;NA;NA;NA;NA;NA;NA;NA;NA;NA;NA;NA;NA;NA;NA;NA;NA;NA;NA;NA;NA;NA;NA;NA;NA;NA;NA;NA;NA;NA;NA;NA;NA;NA;NA;NA;NA
255;254;-3.425812447;-40.76516953;796980.7867;-2427.00542;-3113.5;90;0.10586963;0.091980003;-4119030;-930.2235772;0;-74419;-6.0572196;0;0.511133107;0.467018109;0.093897839;0.05135366;0.069135779;0.062262137;8863919;17.88353203;17;0;0;0;0;0;24.45925217;24.34300689;0.026447773;0.002812651;16.73133836;20.31057805;202.4672873;202.5265112;243.8890471;261.7018861;47.96218058;47.90743657;0.328855779;0.013548174;1.205628029;1.066621297;35.15939069;34.93369306;35.94491424;36.03382126;1.919477287;1.461426079;27.73583235;27.70172744;8.282512879;2.482964494;28.92049381;28.95012445;29.72831529;26.44746477;26.41450963;25.91874945;2.473029034;2.433050985;2.315078822;1.257770755;0.756737219;9.69919854;1513;597;49.46891645;1009.125;1085.089565;221.1971205;98;67;40.49918611;136;143.2158238;51.08510638;33;18;NA;NA;NA;NA
362;361;3.425812447;139.2348305;796980.7867;-3917.218854;-4138;-1322;0.107936062;0.105389649;-7821165;-840.7142857;0;0;0;0;0.237427916;0.249587283;0.007846668;0.005980953;0.056714135;0.056793135;0;NA;NA;0;0;0;0;0;18.84446505;18.45988453;0.006142204;0.002018139;37.52386818;37.55752592;200.0321405;200.0711685;150.0617114;150.639723;43.74719051;43.76645617;0.013548172;0.013548172;1.196656829;1.200248904;34.67782463;34.68088558;34.14755926;34.17802278;2.004162702;1.982888497;29.46863875;29.50044598;1.21118503;1.124457131;30.21025081;30.2099765;30.41923332;28.50402142;28.69040518;27.49345202;1.706229395;1.505259182;1.512217769;0.087089539;0.065838436;0.544368673;4738;43;19.89973723;52;62.67592593;19.58872878;NA;NA;NA;NA;NA;NA;4;4;NA;NA;NA;NA
143;141;-0.691880121;57.42001237;796982.1784;-4374.575226;-4545;14;0.147019251;0.138681898;-1625022;-174.8839862;0;-13173;-0.510620978;0;0.133760515;0.119821427;0.011965992;0.008737116;0.067074647;0.066548465;0;NA;NA;0;0;0;0;0;18.88539833;18.92589187;0.034365313;0.021116416;33.92976072;34.17662325;202.7491739;202.5528184;180.1472159;181.493242;49.12021497;49.22745651;0.023800741;0.013548172;1.326262412;1.313757439;34.73553543;34.72943952;35.27108636;35.28602907;1.489596386;1.504813412;28.60038321;28.59987017;1.265050556;0.992955045;30.55138463;30.54777829;30.79288434;26.66882243;26.46698828;24.89414944;3.8825622;4.080055312;3.213290978;0.179194093;0.084616457;11.6376938;21632;410;35.43051268;826.2162162;878.3480548;41.85217777;130;92;44.20900359;134.7777778;161.6216216;79.71698113;196;93;36.40744067;181.6666667;227.808008;45.8424821
602;603;0.691880121;-122.5799876;796982.1784;-4416.54068;-4439;-3135;0.241659922;0.247873022;-6587;-0.708889367;0;0;0;0;0.307492943;0.272869923;0.009937656;0.008568887;0.070661106;0.069783689;0;NA;NA;0;0;0;0;0;17.90536706;18.20512178;5.48991517;6.061380442;36.50898541;36.56166491;207.0623335;207.9957196;158.705904;157.5931707;50.91955983;51.78560404;0.013548172;0.013548172;1.627382958;1.615516727;34.69487114;34.6952984;34.8388367;34.839526;3.102210963;3.170681922;25.78177091;25.70148964;1.025165737;1.016831038;27.92677317;27.93356543;28.81222282;22.75098294;22.58112897;20.7829552;5.175790237;5.265019404;3.102907575;0.05490714;0.048917915;0.089061748;1388;108;21.43695586;201.8823529;236.8674565;5.334647697;83;31;22.97456493;38.5;44.23529412;5.489243028;4;3;NA;NA;NA;NA
221;220;3.51846791;-11.81171877;796982.181;-4135.002719;-4561;28;0.155156631;0.12067237;-2002089;-236.6535461;0;-38834;-1.654270501;0;0.184540242;0.163902754;0.019610294;0.014628116;0.076518017;0.071634237;1744439;19.12804009;21;0;0;0;0;0;15.52814346;15.73277209;0.156622187;0.031908005;23.61519415;23.55081587;207.3403519;206.2602669;235.120107;245.3842638;44.81649231;44.44165356;0.052712391;0.013548172;1.473675853;1.343866745;34.90764187;34.88979862;34.83029787;34.86935831;1.957896419;1.523543324;27.70552389;28.0329378;2.74475165;1.844855463;29.76187524;29.83749568;31.15889217;25.0537717;25.55439275;22.25359893;4.708103545;4.325893186;3.896480922;0.734704618;0.457005182;12.96351937;4000;317;33.42714786;535.5714286;530.2104953;30.8954267;455;96;30.48758686;179.1538462;182.679799;34.41812136;201;149;45.76147407;406.64;432.7004994;113.1680672
342;341;-3.51846791;168.1882812;796982.181;-3753.944409;-3841.5;33;0.141513481;0.142150073;-8660150;-929.4000859;0;0;0;0;0.246976588;0.280466094;0.015110256;0.011764781;0.057783916;0.057823385;725;16.86046512;14;0;0;0;0;0;22.96784672;23.02226448;1.083822302;1.195692443;35.89370572;35.69964722;199.7410931;199.971519;168.6700021;171.3662898;46.31182746;46.59474741;0.013548172;0.013548172;1.32432179;1.3474344;34.68403028;34.68585775;34.93800192;34.96846414;1.795091491;1.833935372;29.61256575;29.67068786;1.183016008;1.144185669;30.68965744;30.67793142;31.05684465;28.17053698;28.41646113;26.47423759;2.519120461;2.369380025;2.582621054;0.139744547;0.136145547;0.654535437;2596;82;20.09414701;117.4285714;120.2538373;17.0437017;168;66;32.3810927;99.06666667;109.4161341;29.89830508;729;101;30.3637844;136;148.637902;37.05229032
179;177;-1.597686592;23.64074682;796982.1966;NA;NA;NA;NA;NA;0;NA;NA;0;NA;NA;NA;NA;NA;NA;NA;NA;10396517;11.1881093;10;0;NA;NA;NA;NA;NA;NA;NA;NA;NA;NA;;;NA;NA;NA;NA;NA;NA;NA;NA;NA;NA;NA;NA;NA;NA;NA;NA;NA;NA;NA;NA;NA;NA;NA;NA;NA;NA;NA;NA;NA;NA;NA;NA;NA;NA;NA;NA;NA;NA;NA;NA;NA;NA;NA;NA;NA;NA;NA;NA
638;639;1.597686592;-156.3592532;796982.1966;-4410.117267;-4651;11;0.20007627;0.200236197;-2442101;-262.7327595;0;-637;-0.024686095;0;0.240244232;0.242625914;0.01175133;0.009149185;0.069915996;0.069512038;5028;7.771251932;7;0;0;0;0;0;26.35969874;26.93884388;4.077455378;4.221666893;35.27928427;35.20945472;203.7279666;204.3889397;176.5442159;177.9290285;50.08934783;51.61079116;0.013673517;0.013548172;1.430399007;1.441043366;34.69672425;34.6991658;35.12685049;35.11501588;2.642978729;2.644782944;27.48519715;27.49195625;1.004721571;0.952438918;29.32536492;29.3487868;29.86420701;24.82484067;24.75711445;23.81299462;4.500524242;4.519911308;1.630922797;0.097457565;0.088656593;12.32408792;40173;951;44.07047085;1111.6;1145.608698;114.3330371;1235;223;36.5468074;340.7941176;333.269442;55.45264497;6461;233;31.05087932;312.1666667;353.762533;34.46385856
341;340;-0.816813114;142.468813;796982.6855;-4947.184177;-5139;29;0.169902336;0.166863941;-769751;-82.85801938;0;-2729;-0.105721923;0;0.336050747;0.364594087;0.02700241;0.020142921;0.064938213;0.065922972;2264;10.15246637;10;0;0;0;0;0;24.12906313;24.56665536;2.186038558;2.19032783;33.85573008;33.66723275;201.174067;201.2496619;196.7384081;200.2548304;48.77546786;49.12754017;0.015218242;0.013548172;1.387537567;1.382297829;34.70425883;34.70595082;35.14069548;35.18057608;2.027309964;2.030686088;29.13514386;29.07905567;0.901641744;0.799029311;30.61493157;30.6145111;31.07426438;26.79429079;26.54373163;25.66286898;3.820640778;4.010352413;2.960618216;0.094531076;0.075593254;7.863316904;575;142;41.24518465;169.3913043;160.2658211;74.0481523;76;33;27.81622356;34.27272727;37.74074074;17.0887574;51;26;25.94117647;26.13043478;27.625;24.30841121
134;132;-0.443471766;66.38048247;796982.7191;-3650.183463;-3684.5;-1541;0.102537721;0.102485102;-10526377;-1133.330857;0;0;0;0;0.093696755;0.088282815;0.010366564;0.007917996;0.062283394;0.061944097;0;NA;NA;0;0;0;0;0;19.42220051;19.40179707;0.004544429;0.003515732;34.78246041;34.75521151;201.026174;201.0366896;169.6448176;170.3574552;47.40322174;47.43505122;0.013548172;0.013548172;1.221082459;1.214522397;34.73842579;34.73728279;35.10195225;35.11977677;1.561663629;1.557088265;29.15683633;29.20956945;1.345085507;1.325312822;30.39658496;30.396494;30.58997814;27.80766973;27.78072458;27.26929061;2.588915225;2.602009404;1.048229928;0.159131091;0.130722267;0.963817964;28091;235;33.57098791;260.8333333;267.9206205;36.35349563;131;31;19.58410283;36.5;39.57910751;7.768673608;396;221;43.49133154;658.3571429;698.9966958;110.1235955
593;594;0.443471766;-113.6195175;796982.7191;-4003.070521;-3985;-3448;0.252660692;0.262558707;-3448;-0.371231697;0;0;0;0;0.322944003;0.280215819;0.008664714;0.007639658;0.071218453;0.070603406;0;NA;NA;0;0;0;0;0;15.83464881;15.58825264;5.643371062;6.555170309;37.44596632;37.4511817;207.5054809;208.1306297;149.0232798;148.4291319;50.17182779;50.94108185;0.013548172;0.013548172;1.703931209;1.692430007;34.69094575;34.69099417;34.7017608;34.74044178;3.076781137;3.242167407;25.39074702;25.23191909;1.111205884;1.095918974;28.02358261;27.99813495;29.12057454;22.09646853;21.64034085;20.14848716;5.927114081;6.071638389;3.295394284;0.073588197;0.075944552;0.104896876;1142;50;17.90904466;61.375;73.68924444;4.018846761;59;22;20.88271127;32.5;25.59355234;16.81642512;48;31;NA;NA;NA;NA
122;120;2.971781987;84.18401769;796982.7233;-4264.390215;-4285.5;-2635;0.126442945;0.120772363;-138559;-14.8988172;0;0;0;0;0.056616591;0.051768715;0.006827517;0.00497721;0.067162704;0.066333289;0;NA;NA;0;0;0;0;0;23.19640407;23.33642068;0.015810771;0.005009606;35.64465541;35.55570844;200.6010073;200.4652085;165.5868072;166.9559921;45.09097109;45.10031589;0.013548172;0.013548172;1.244049162;1.219176581;34.7272732;34.72538167;34.37515325;34.44718923;2.272597605;2.169372984;29.00191906;29.00924454;1.030132137;1.022262449;30.32638365;30.32419274;30.57617688;28.07951401;28.15626293;26.79624651;2.246869646;2.125186977;1.851565102;0.121541697;0.10629457;0.394952654;5820;177;34.95425496;214.7142857;212.5621536;38.83033481;12;9;NA;NA;NA;NA;124;66;36.98761667;113.5714286;108.3358242;46.59393939
568;568;-2.971781987;-95.81598231;796982.7233;-3554.67957;-3511;-2427;0.382447189;0.31834017;-15132944;-1627.19828;0;0;0;0;0.254009279;0.242844558;0.009836617;0.008815366;0.072854087;0.072448555;0;NA;NA;0;0;0;0;0;15.21510582;13.31106493;5.411347005;5.130343773;38.0930576;37.99523676;213.6041584;215.276557;134.5064993;136.9970733;48.36275189;48.55455366;0.013548172;0.013548172;2.434205877;2.117361531;34.67981294;34.67970711;34.76969589;34.84067509;2.080612032;1.813703194;24.30370213;24.35528085;1.421690617;1.419292522;28.29895161;28.33809167;29.00976089;20.18980089;20.07548604;18.80986894;8.109150724;8.2696716;4.882272796;0.077514419;0.074993569;0.124759936;1431;66;18.09130834;97.625;106.1101794;3.239200482;24;18;NA;NA;NA;NA;46;37;NA;NA;NA;NA
213;212;0.816813114;-3.255620318;796982.7243;-4578.446473;-4910;98;0.260911537;0.218902518;-1505690;-163.6441691;0;-28949;-1.132634297;0;0.216266802;0.204354994;0.022680857;0.020454621;0.079616992;0.07910042;221630;20.64555193;21;0;0;0;0;0;13.96689135;13.8350797;0.156282867;0.057723076;24.20789268;24.26557096;209.7483213;209.6686957;235.9509902;241.7006859;46.54422608;46.19560029;0.025562355;0.013548172;1.845642945;1.682980584;34.89747727;34.87746226;35.06545494;34.96420398;1.593308046;1.487039483;27.16998342;27.29366323;2.195453076;1.717030186;29.68527531;29.7061716;30.32892852;24.1340333;24.15376827;22.24488212;5.551242011;5.593616082;3.132211146;0.593576556;0.43797342;11.9368054;922;338;44.56904159;572.3733333;682.7012814;88.73528184;94;58;37.55400765;113.5;110.7394831;42.48076923;367;199;43.3251218;481.65625;534.6661679;109.2368208
197;196;-1.802869758;14.67558905;796982.7287;-411.7146893;-90.5;121;0.517642161;0.348054953;-137178;-387.5084746;0;-24422;-24.71862348;-3;0.145003891;0.141130453;0.021494189;0.019952895;0.184264617;0.168447151;8572154;9.649306032;10;0;0;0;0;0;10.48403596;10.57134532;2.508451304;1.888996897;19.90769457;22.39248413;220.9457568;221.276564;122.3512408;117.7546284;42.24672652;42.04546314;0.609621;0.245060212;3.238825547;2.529240658;35.23581854;35.30262389;29.91668141;30.80423353;8.982611252;7.8243437;25.98066354;26.01731342;13.8602226;16.13681666;29.61818897;29.62389069;30.0553632;21.13923593;21.07789897;20.70937298;8.478953044;8.461094096;1.593652562;5.521987507;5.65010362;11.5307769;960;228;42.26275597;301.3529412;332.442552;84.56597541;119;65;37.84426144;88.61904762;92.80497614;48.66323024;80;47;35.7410421;57.5;64.82758621;36.36363636
339;338;1.802869758;-165.324411;796982.7287;-5182.199548;-5279;-1098;0.185161942;0.183913793;-231731;-24.91463284;0;0;0;0;0.243473352;0.279176165;0.008563045;0.007080805;0.068819316;0.069206632;0;NA;NA;0;0;0;0;0;27.33791859;27.41747232;3.479312431;3.611619665;34.14257641;34.04347403;202.6998312;203.1363652;194.1961369;195.3678848;49.29393828;50.32788364;0.013548172;0.013548172;1.393412567;1.407412827;34.70504831;34.70610762;35.12358064;35.15027606;2.441222822;2.451021567;27.99950605;28.00083599;0.799520382;0.779443014;30.26705695;30.20042057;31.05968042;25.50049713;25.46598142;24.58206573;4.766559812;4.897181293;2.931815845;0.079639533;0.078709793;0.450855538;378;93;38.59212702;108.7894737;109.2262645;60.5440678;201;34;23.5640575;37;37.03239428;23.23231742;1111;96;25.01330456;141.0909091;134.1190677;13.99980718
44;42;-35.33482867;-168.262931;796984.6468;-5116.733357;-5256;9;0.133143177;0.137205617;-814906;-71.57087652;0;-484;-0.015302896;0;0.027000156;0.026696157;0.01292495;0.007664949;0.057369966;0.056350503;0;NA;NA;0;0;0;0;0;42.58540899;42.2937067;0.76652394;0.367217386;33.15915435;33.1438999;242.2990083;241.8686822;206.872891;207.37498;35.60079971;35.74799174;0.013578784;0.013549474;1.160672294;1.156467851;34.70840634;34.70972664;35.19633611;35.18163307;1.116311184;1.03787165;17.7585313;17.65578726;0.637216223;0.590178114;21.92842232;21.8902409;24.61875597;14.04570559;13.81077862;11.78285775;7.882716725;7.899648362;2.874196111;0.087347906;0.080385567;4.321505477;641;31;11.09605173;57;51.71143226;3.648157191;95;50;33.86123131;71.66666667;85.47524881;31.66666667;1673;462;43.93736446;610.8878505;643.2343357;149.3638401
400;398;35.65462288;105.5139063;797025.2419;NA;NA;NA;NA;NA;0;NA;NA;0;NA;NA;NA;NA;NA;NA;NA;NA;18413409;16.10504123;14;0;NA;NA;NA;NA;NA;NA;NA;NA;NA;NA;;;NA;NA;NA;NA;NA;NA;NA;NA;NA;NA;NA;NA;NA;NA;NA;NA;NA;NA;NA;NA;NA;NA;NA;NA;NA;NA;NA;NA;NA;NA;NA;NA;NA;NA;NA;NA;NA;NA;NA;NA;NA;NA;NA;NA;NA;NA;NA;NA
292;291;-35.65462288;-74.48609372;797042.059;-3652.571326;-4063;516;0.657397376;0.260331858;-2111458;-252.264994;0;-56954;-2.453010595;0;0.067433887;0.063680839;0.008972158;0.005750696;0.0977974;0.089140569;4940110;15.89083177;14;0;0;0;0;0;30.35604522;31.8308459;4.405227122;3.737559233;35.14055023;35.64025128;256.6879179;256.4281735;154.9509258;167.348105;37.11687645;37.719164;0.023715269;0.013548172;3.376512476;1.660266933;34.66368297;34.68831474;34.03186514;34.05900053;1.871747027;1.013664544;15.28665795;15.40437841;1.947602675;1.314042786;18.9370548;19.20733644;21.06002742;11.78371189;11.83279996;9.563499147;7.153342912;7.259331273;4.819351696;0.269884097;0.061356167;5.899842733;6271;536;29.14977513;790.5833333;867.9486124;13.07223104;661;337;45.91522112;532.5113636;628.910837;189.5535792;985;442;46.81169402;657.009434;696.5831835;262.7200108
54;52;-36.17928856;172.1127027;797106.6776;-1480.75188;-1566;548;0.227288944;0.198816754;-14117545;-1344.144054;-1469;-224773;-7.707736095;0;0.057313577;0.036588981;0.012832368;0.006651752;0.07746897;0.07362913;2093538;18.0552125;17;0;0;0;0;0;50.33872531;52.2995711;0.603603973;0.557915453;30.16126473;36.31970243;241.1336803;240.9190039;172.8637984;157.5769726;36.34957577;36.57720957;0.118462548;0.013548175;1.43979138;1.267279141;34.71142749;34.64116556;35.5121445;35.54688942;1.241743093;1.093555866;17.90537951;17.94992779;5.438389014;3.254052449;21.57318257;21.64023181;23.99457057;14.68181675;14.73587555;11.18966058;6.891365819;6.809353377;5.651172818;1.245463258;0.649400606;11.08744241;233114;7549;25.43040594;10354.43494;10684.26269;7.762871547;38259;3422;32.54690016;5325.978188;5423.7889;9.457796056;43831;5204;45.8430775;6899.561;7151.706967;222.7998006
472;472;36.17928856;-7.887297308;797120.0987;-2697.624458;-3143;567;0.193418783;0.127375643;-4519024;-675.5903723;0;-137236;-7.387414545;0;0.057184519;0.042310702;0.031147906;0.012998769;0.078808629;0.071421832;12159949;24.65475894;22;0;0;0;0;0;35.76429357;39.30616134;0.100693547;0.068540793;17.75266244;21.37051427;234.7771589;233.4025001;227.1335858;242.3181035;39.3255769;39.69826494;0.099075751;0.013548172;1.571683592;1.292343136;35.63998575;34.98184247;36.34773647;36.41382315;1.254747874;1.205803433;19.1295416;19.29795844;6.295169477;2.63034539;23.73540238;24.00140483;27.08873245;15.15962449;15.44392501;11.97616518;8.575777885;8.425905992;9.301126339;1.124883178;0.363767505;11.62319062;62931;3234;46.39130631;4659.642384;4585.305497;140.1081373;8472;879;44.31405174;1384.554545;1330.293462;175.3735547;11047;1549;45.42881807;2397.131868;2547.033245;221.3467474
513;513;36.23521842;-55.55149836;797136.9272;-5166.403596;-5271;-205;0.343601187;0.361978312;-507515;-44.07807886;0;0;0;0;0.089523392;0.045588653;0.041246978;0.035822933;0.064074345;0.064333443;0;NA;NA;0;0;0;0;0;67.39359059;67.42154052;0.880167974;0.937858373;20.94292038;20.97270443;222.4143303;222.1704235;263.2660873;263.0321458;34.67495234;34.85579938;0.013552861;0.013548173;1.746412464;1.78133042;34.89568238;34.89523781;36.46311089;36.49629737;1.616815192;1.610782525;22.25838968;22.26785291;1.810707023;1.796059246;27.96097785;27.95811122;28.81457931;17.60817374;17.93145813;11.01762661;10.35280411;10.11406243;7.216463234;0.103674641;0.089730495;9.343823472;1918;240;38.84419575;284.6666667;304.9224326;54.82286668;799;346;42.68146339;690.0923077;733.8812715;104.8105401;533;168;36.41386593;257.3846154;296.0193352;49.58788619
505;505;36.28927074;-44.58980577;797151.8194;-4556.078118;-4644;-41;0.233677842;0.212848961;-1985291;-172.3193299;0;-648;-0.020240512;0;0.068354081;0.048582403;0.023182465;0.015304399;0.065791482;0.066297432;0;NA;NA;0;0;0;0;0;54.38453295;53.09930192;0.400481529;0.25422341;20.01136729;19.9121577;226.7537018;226.7189157;268.950217;269.4255027;35.99508573;36.14433255;0.013552293;0.013548219;1.488779669;1.425300425;34.90511167;34.8987878;36.41793322;36.42444096;1.183979422;1.07147092;21.50715566;21.55107431;1.947552281;1.866517613;27.11345742;27.17547109;28.62207422;17.00230107;17.28679633;10.55013067;10.11115635;9.881945264;7.217635529;0.266883706;0.14931477;6.826931555;4491;330;37.3393648;398.2432432;445.8611932;52.83335647;753;266;35.0513068;789.6842105;1098.151749;45.91537776;506;260;41.97475261;657.3170732;758.7320347;82.2209377
67;64;-36.28927074;135.4101942;797151.9869;-3387.027576;-5057;326;0.292397882;0.279405874;-2492598;-278.2849168;0;-254497;-10.22774585;0;0.034959537;0.029668105;0.02281695;0.010941156;0.076822247;0.073252886;3276785;12.13808393;12;0;0;0;0;0;47.25267428;52.83091524;3.527008724;3.609441879;25.56517311;34.22679281;250.1089842;249.948334;211.7318353;210.811498;35.40572529;35.09991094;0.316712383;0.013548172;1.660215566;1.590942272;35.03604953;34.71279372;35.43365186;35.29343562;2.257789454;1.924598687;15.87945911;15.86533321;4.968737929;0.570271833;19.26207237;19.0303204;24.29665237;12.82217286;12.731467;10.46536736;6.439899512;6.319956556;7.607861738;1.823924756;0.08713805;12.0327408;115622;1950;15.52989067;3071.043478;3372.260744;4.29304246;2241;670;44.93990386;993.8219178;1077.699564;181.008506;11939;1577;40.04423763;2124.585616;2190.493062;32.03787035
68;65;-36.23521845;124.4485016;797152.5496;-4229.968354;-5028;105;0.290688259;0.281558685;-1973996;-185.3691426;0;-160311;-5.420307006;0;0.049525554;0.037038758;0.017896744;0.005874147;0.072066818;0.071151719;566353;6.128167673;4;0;0;0;0;0;49.65638516;51.4155667;3.636778068;3.215179046;30.93181987;34.79028088;249.1862464;248.2024117;208.6335409;209.8818141;35.43297316;35.24958077;0.138606658;0.013548174;1.600190503;1.579211447;34.80246728;34.71489993;35.30719206;35.34839774;2.100472533;1.897412831;16.19922047;16.36693352;2.58524153;0.561660345;19.67839222;19.83222793;22.63871694;12.89493066;12.91584807;9.8910333;6.783461551;6.738624014;4.650988747;0.750069618;0.096067185;8.89699588;57263;1510;35.61925209;2114.729064;2028.703143;39.11779043;2503;312;34.14981002;431;457.611406;41.95552654;2741;785;45.85942379;1029.640625;1132.991679;228.6321475
260;259;-36.36355531;-32.43964499;797159.3698;-4345.945812;-4448;-176;0.249777778;0.275166732;-3276093;-284.037888;0;0;0;0;0.062898857;0.050220264;0.023152999;0.013128803;0.070081869;0.069780546;0;NA;NA;0;0;0;0;0;50.34244233;48.98364441;2.909798899;2.551764179;32.05040087;33.26134236;243.9054443;243.0081899;219.9473227;218.2135317;33.18649506;33.26822048;0.013549796;0.013549247;1.495633527;1.592860503;34.72996139;34.71133591;35.3868361;35.371055;2.183596217;1.856396616;17.38985447;17.23878293;0.635226153;0.445011102;21.57638255;21.15638299;25.23398231;13.67583676;13.90440088;7.61543826;7.900545785;7.827905737;5.138447319;0.619765969;0.545367391;4.717548741;104;62;41.07985775;85.61904762;89.55555556;50.07407407;93;44;31.67275404;52.5;60.99074783;29.31864407;109;92;46.23242702;301;316.4106626;80.82312925
396;394;36.36355531;147.560355;797170.5092;-5576.106121;-5774;-570;0.441695297;0.441618496;-1253885;-108.7120687;0;0;0;0;0.188494027;0.132144962;0.045501194;0.037850441;0.079728674;0.079614639;0;NA;NA;0.020240106;6.32E-07;0;3.35E-06;0;48.79087842;46.54747867;1.507965532;1.441495963;36.33715671;36.11675516;227.7471302;226.5751172;159.9465482;162.9872968;30.84812631;30.74552814;0.013549299;0.013548172;1.957372533;1.934295242;34.68641371;34.69182835;34.26239096;34.33339478;2.882135571;2.741359793;19.15044237;19.754587;1.017390843;0.97770707;26.94751729;27.69271978;29.15045875;11.25484553;11.89333118;0.499951176;15.69267176;15.2674361;11.72784152;0.097417823;0.083507754;1.804917526;27612;562;33.87361998;705.0405405;713.8616244;15.22483169;154;100;41.70568715;270.4;270.2989117;66.61797753;2906;809;44.54629902;1125.775956;1214.610428;151.6074109
81;79;-36.50769786;78.49888831;797178.5087;-3277.587803;-3349;164;0.257287953;0.256342717;-20579347;-1780.220329;-2535.5;-420;-0.013081667;0;0.04501272;0.043029276;0.009086094;0.006637478;0.066829007;0.068014193;0;NA;NA;0;0;0;0;0;59.80828364;53.24673748;5.744198398;5.841040151;32.38029708;32.43824902;251.7687112;253.018371;199.5527023;200.112259;34.33173062;34.37873579;0.013569699;0.013549043;1.562187721;1.570617762;34.73018793;34.73958814;35.27227862;35.23338033;3.529688748;3.225973875;16.08849896;16.03501637;1.44732241;1.330191759;20.83536914;20.94134691;24.28708927;12.57519627;12.46709518;10.07718893;8.260172868;8.381839755;4.334521425;0.278685707;0.24489481;2.971086696;2324;215;36.76079777;266.2727273;240.1135862;46.88428619;224;92;34.39971716;143.2727273;147.7892857;30.22650602;731;216;37.90606038;275.8125;317.9915826;58.61149501
555;555;36.50769786;-101.5011117;797192.3354;NA;NA;NA;NA;NA;0;NA;NA;0;NA;NA;NA;NA;NA;NA;NA;NA;13594663;11.76192054;9;0;NA;NA;NA;NA;NA;NA;NA;NA;NA;NA;;;NA;NA;NA;NA;NA;NA;NA;NA;NA;NA;NA;NA;NA;NA;NA;NA;NA;NA;NA;NA;NA;NA;NA;NA;NA;NA;NA;NA;NA;NA;NA;NA;NA;NA;NA;NA;NA;NA;NA;NA;NA;NA;NA;NA;NA;NA;NA;NA
139;137;-36.55904551;47.32495888;797199.3822;-3228.365814;-3299.5;-68;0.245374151;0.251994317;-18950596;-1638.474494;-2107;-328;-0.010210752;0;0.085509411;0.036859117;0.019154212;0.013815627;0.069076057;0.068648678;0;NA;NA;0;0;0;0;0;57.72848393;59.21021254;2.443829831;2.341929987;31.44793389;31.57928639;237.2651042;237.1844916;203.5087183;202.7639879;34.57023609;34.70365681;0.013595734;0.013548248;1.496139975;1.530344419;34.72790416;34.74008531;35.55029053;35.59738786;2.292420498;2.126632998;18.66750347;18.72711087;1.689012993;1.423759827;22.88741777;22.76689077;26.28945088;15.09498732;15.80605747;7.14252698;7.79243045;7.44883449;9.051599379;0.678938682;0.533447422;6.548574813;15265;315;28.97394062;477.6829268;479.6028729;26.88142697;1866;250;32.26946071;425;509.468871;35.83291483;2947;611;43.25140578;970.5544554;971.4362023;138.0271928
633;634;36.55904551;-132.6750411;797206.8744;-4835.0083;-4908;-672;0.13606861;0.135231573;-427446;-36.95711568;0;0;0;0;0.04244146;0.039773471;0.007859435;0.006287334;0.064429016;0.063361323;0;NA;NA;0;0;0;0;0;33.09659902;33.54897126;0.86458604;0.667738699;37.32479261;37.21298763;251.4502726;251.7352684;147.6431535;148.4305782;34.27183288;34.49601289;0.013548172;0.013548172;1.245393378;1.264702398;34.68474568;34.6856191;33.09997569;33.03807577;4.131422299;4.019813672;16.53854115;16.56856592;1.082549229;1.072996386;21.33837273;21.20792325;24.05131533;12.44795339;12.3539833;9.764612209;8.890419336;8.943531698;4.03789848;0.036355992;0.033588896;0.372004388;1010;125;18.60910577;176.1071429;193.8602531;4.210313431;234;87;36.84656127;115.05;119.4929536;54.32142857;89;61;38.12817904;144.1538462;205.7929825;28.80363636
580;581;-36.78771222;-112.7389671;797225.3407;-3199.306791;-3204;-281;0.158145732;0.152262686;-25672799;-2212.409428;-2892;0;0;0;0.046906548;0.047998144;0.005090153;0.003638042;0.053329396;0.054383751;0;NA;NA;0;0;0;0;0;40.73013517;40.61310163;2.873085354;2.27807523;34.68583514;34.60820918;251.1071733;250.8774686;174.657369;173.1822998;32.83821097;32.7483923;0.013548209;0.013548172;1.255900899;1.338395188;34.68396917;34.68299246;34.31183419;34.22571657;1.268800127;1.133349363;16.59427703;16.5897285;1.448939431;1.446022149;21.32124037;21.45895456;24.87043318;12.47994633;12.45631207;9.359020354;8.841294043;8.871068435;3.536792839;0.109887935;0.098274125;0.840717263;34;5;NA;NA;NA;NA;5;5;NA;NA;NA;NA;48;34;NA;NA;NA;NA
156;154;36.78771222;67.26103291;797243.1233;NA;NA;NA;NA;NA;0;NA;NA;0;NA;NA;NA;NA;NA;NA;NA;NA;20224999;17.4382754;17;0;NA;NA;NA;NA;NA;NA;NA;NA;NA;NA;;;NA;NA;NA;NA;NA;NA;NA;NA;NA;NA;NA;NA;NA;NA;NA;NA;NA;NA;NA;NA;NA;NA;NA;NA;NA;NA;NA;NA;NA;NA;NA;NA;NA;NA;NA;NA;NA;NA;NA;NA;NA;NA;NA;NA;NA;NA;NA;NA
384;382;36.88675793;174.2323763;797244.6541;-4791.650194;-5064;-197;0.38228716;0.405068159;-3154800;-271.6142919;0;0;0;0;0.096145947;0.092561597;0.011486803;0.008053356;0.072745022;0.072424171;0;NA;NA;0;0;0;0;0;47.77589378;47.58802074;2.244317566;2.077876346;37.14659648;37.02219423;248.6568734;246.7613198;150.5202049;154.782125;30.79447232;30.75216074;0.013584109;0.013548172;1.952770525;2.010807273;34.67910435;34.68719809;34.36303044;34.40219426;3.555237403;3.319169614;17.66002935;17.96306118;1.119601283;1.038621955;24.96740425;25.33608303;27.41093427;11.73670503;11.88531272;4.179985201;13.23069923;13.13753347;6.424659297;0.09224507;0.04870515;7.965180775;240;35;12.16176112;197.5;124.7735849;1.94476332;73;39;31.15718778;64.66666667;66.47462514;26.77889447;168;105;41.85635585;195.2307692;232.1273486;70.91457286
380;378;36.86816741;-144.0154319;797256.1832;-5262.6067;-5324;-1264;0.114802005;0.112909442;-79868;-6.878057182;0;0;0;0;0.033292468;0.034536299;0.006791863;0.005345327;0.06330105;0.062820983;0;NA;NA;0;0;0;0;0;34.3346859;33.73043857;0.620808761;0.251950741;36.81776432;36.82101159;247.0034984;246.5295467;155.8079988;156.5762982;33.12559773;33.16897907;0.013548172;0.013548172;1.135286134;1.132295381;34.68771893;34.688013;33.63410047;33.60880013;3.91512832;3.774527758;17.33494967;17.45108488;1.082105689;1.083020807;23.19498466;23.32284034;25.07100333;12.58364229;12.56003024;9.116251401;10.61134237;10.72437926;4.625157639;0.055195546;0.054992766;0.329835594;24;20;NA;NA;NA;NA;10;10;NA;NA;NA;NA;5;5;NA;NA;NA;NA
234;233;-36.88675793;-5.767623726;797260.4441;-3822.230908;-3911;32;0.211438933;0.193660467;-8424085;-725.2763668;0;-3297;-0.102200868;0;0.070526289;0.066740357;0.014487652;0.009819641;0.071979417;0.075890237;0;NA;NA;0;0;0;0;0;46.7070803;46.69555217;4.452460627;4.002747072;27.47910562;26.83900833;253.0120186;251.2381674;227.1587729;226.5181701;33.2950711;33.12269891;0.013818012;0.013548192;1.442661812;1.408043805;34.81610654;34.84310561;34.97639313;34.92742197;2.649464397;2.336852526;15.62132993;15.76925053;1.671987821;1.953441872;20.05444595;20.48738577;24.14228574;11.77698211;11.58671842;8.522476507;8.277463841;8.39581417;5.884449667;0.297733644;0.26636486;7.425369102;49;40;NA;NA;NA;NA;65;51;41.19391026;168.1428571;159.8128255;41.83168317;67;47;38.15829071;88.33333333;93.52487322;37.72268908
202;201;-36.86816741;35.98456807;797260.5674;-4497.086721;-4710;-857;0.324019987;0.352378362;-3220865;-277.3738374;0;0;0;0;0.131308887;0.095415496;0.026828209;0.021998535;0.073521906;0.071801;0;NA;NA;0;0;0;0;0;51.37663546;50.57342712;2.06527751;1.770438103;31.49147448;31.92734847;233.4837458;232.295707;214.4383259;215.1303084;34.65691293;34.75660512;0.013582944;0.013552082;1.634543837;1.660869084;34.72537537;34.71014448;35.53786937;35.5805411;2.12166181;1.895191734;19.41472812;19.58912723;0.760572172;0.375586536;23.5156944;23.30136002;26.43130965;15.70633293;16.68681188;9.248450144;7.809361469;7.718742712;6.392713363;0.535437457;0.447390319;5.405959645;3447;134;37.98751327;200;196.4834375;61.79269834;115;77;40.17901149;242.3;232.4621611;51.8627451;160;105;42.88146768;191.8888889;216.4857494;76.64670659
83;81;-37.11434932;58.3230088;797282.8512;-4569.614083;-4812;-375;0.238647055;0.242251588;-3450296;-296.2899098;0;0;0;0;0.043383913;0.035152343;0.025587692;0.020252126;0.068476889;0.069615494;0;NA;NA;0;0;0;0;0;66.57378369;62.04886215;4.040420305;4.021741904;32.77627492;32.90064903;244.0420098;244.4124144;218.3278822;221.1766068;33.71543921;34.0902912;0.013559255;0.013550311;1.487543461;1.496114879;34.69579237;34.68805548;35.5004356;35.51216721;2.955033682;2.69920131;17.44123787;17.32543252;0.374865659;0.142787033;21.63249874;21.60274622;24.64380116;14.23731153;14.2895596;8.207018501;7.395187212;7.45344199;6.939641561;0.444191455;0.362671811;4.026235906;27861;185;28.47847058;216.6666667;191.290057;27.40696667;3717;92;26.0059757;126;104.8497819;24.45762694;961;232;39.50537793;329.1333333;343.3619919;82.06887052
571;571;37.11434932;-121.6769912;797287.8819;-3356.696219;-4012;642;0.825123126;0.423174309;-2405754;-448.0823245;0;-54831;-3.677218161;0;0.079823432;0.081154685;0.009764801;0.005450569;0.102918537;0.095223904;8443643;13.34096421;9;0;0;0;0;0;21.95287345;22.60518786;4.411368499;3.423182139;37.3204749;37.86604432;263.1061457;262.4206911;113.2184113;131.4973392;35.89924083;35.68785918;0.0501561;0.013548172;4.059135147;2.491362059;34.58204757;34.68035791;32.94960093;32.96304377;3.767335493;2.935687987;14.40692124;14.55824113;2.087637928;1.153369558;18.06137637;18.30670119;21.56976881;11.34762331;11.44822243;8.712075501;6.713753066;6.702018851;6.481155041;0.408579425;0.076573113;10.06581351;382726;5281;40.15098767;7193.470893;7298.969019;57.40068739;134062;1495;30.36953253;2419.682796;2365.666616;14.0145176;512758;2048;35.33361;2810;2857.215407;36.28319469
82;80;-37.25435477;68.47051359;797318.1956;-4384.660015;-4363;-3524;0.253777391;0.26459468;0;0;0;0;0;0;0.049659853;0.040612124;0.01182635;0.00890663;0.068289887;0.069626908;0;NA;NA;0;0;0;0;0;72.38193162;65.02473128;5.256225885;5.255756045;32.91347771;32.97557515;248.8508097;249.5622185;213.9398331;213.5803416;33.8440038;33.88623773;0.013549336;0.013548183;1.531857108;1.533278638;34.71690789;34.71909778;35.35635319;35.34558315;3.447524485;3.10964875;16.45967571;16.33619522;0.606611473;0.648177932;20.9807733;20.98828122;24.92355438;13.18431007;13.19400919;8.163841874;7.796463237;7.868555668;5.1301597;0.424097464;0.396272092;2.656015938;778;127;38.34560717;1103.5;218.6329898;63.52686818;18;16;NA;NA;NA;NA;96;76;43.51612452;271.3;304.3966942;59.07692308
563;563;37.25435477;-111.5294864;797323.05;NA;NA;NA;NA;NA;0;NA;NA;0;NA;NA;NA;NA;NA;NA;NA;NA;10206879;8.744381238;6;0;NA;NA;NA;NA;NA;NA;NA;NA;NA;NA;;;NA;NA;NA;NA;NA;NA;NA;NA;NA;NA;NA;NA;NA;NA;NA;NA;NA;NA;NA;NA;NA;NA;NA;NA;NA;NA;NA;NA;NA;NA;NA;NA;NA;NA;NA;NA;NA;NA;NA;NA;NA;NA;NA;NA;NA;NA;NA;NA
530;530;37.34630017;-74.23020798;797326.4811;-2286.317598;-2776;84;0.595762857;0.553102608;-5611353;-706.3636707;0;-253561;-11.47698366;0;0.249972905;0.097307185;0.058979018;0.040589073;0.101518905;0.086022291;10610739;26.27630295;22;0.000754477;3.56E-08;0;5.44E-07;0;34.22363803;34.81740466;0.680573441;0.518930388;14.10295334;18.70776772;224.5454052;214.3932511;253.6677375;269.5456052;33.61939723;33.56246235;1.091678458;0.013627816;2.655282995;2.210304753;34.40727655;34.90281976;34.67094509;35.73212515;5.060808736;2.918940399;20.49250096;22.52572021;5.879341415;2.651729332;27.65880331;28.33131243;30.34005709;12.77951223;14.07603383;0.656987359;14.87929108;14.67874205;20.18199085;4.8105373;0.941993098;27.45857267;719678;6819;46.28097865;8738.028956;8921.541341;132.1826881;31125;2401;43.51397286;3424.885986;3639.569796;151.73177;65951;3048;40.45750766;4107.931864;4222.228233;78.46510447
70;68;-37.34630017;105.769792;797329.1134;-4790.734315;-4680;-1825;0.303799183;0.303641474;-123115;-10.53796114;0;0;0;0;0.041039847;0.041377321;0.014598883;0.01237572;0.066088033;0.066458659;0;NA;NA;0;0;0;0;0;70.69672686;69.42742169;6.234707926;6.313824787;33.8353477;33.7874826;257.9022074;257.7851618;206.5982522;206.2573243;33.63278511;33.6899281;0.013549854;0.013548187;1.606484243;1.600399755;34.7175614;34.7176248;35.3003264;35.31801336;3.613410978;3.202090052;14.89463751;15.03100692;0.623316093;0.615786318;18.8869268;19.23381712;21.32408043;11.62723069;11.42553612;9.555567471;7.259696108;7.269401073;4.786573244;0.104858554;0.100754595;0.470038827;10856;334;31.71138663;401.2631579;385.237908;30.00020263;104;31;21.58350197;42.375;52.28126257;14.12010444;14;10;NA;NA;NA;NA
192;190;37.37906066;22.44300445;797333.2024;-1690.626173;-1618.5;1127;0.138749451;0.125506812;-11629627;-1269.332788;-834;-182622;-7.179666614;0;0.049290381;0.042580347;0.004975012;0.003240972;0.066758238;0.064291303;7260555;24.23133145;22;0;0;0;0;0;32.73636583;33.03322572;0.110560517;0.069426016;5.403713554;5.482897045;225.6948212;224.3251433;190.8036986;184.5809367;39.29099279;39.43761355;0.104943889;0.013548732;1.417166213;1.295408203;38.80551698;38.77598156;38.14442059;38.52156196;2.539700847;2.095757914;20.28728787;20.4366659;13.94899098;13.55470258;27.2593698;27.26446258;29.25088617;14.39510188;14.58954343;7.750326287;12.86426792;12.92268517;11.42642042;0.977385917;0.316445205;15.77562787;56035;3793;50.80336343;4653.539171;4785.580691;403.3132145;4975;835;44.99605363;1176.883117;1245.637107;203.6066255;2124;483;44.97140302;626.65;662.6460645;197.8673684
616;617;-37.37906067;-157.5569955;797349.8486;-5154.836071;-5204;-486;0.141384852;0.142339733;-140609;-12.03020192;0;0;0;0;0.026757437;0.026040221;0.007676387;0.005399398;0.055118873;0.055252775;0;NA;NA;0;0;0;0;0;43.63277581;42.96968169;2.177959089;1.667151726;33.09005766;33.08823806;249.0919475;248.9231278;206.5777641;207.131;33.42108541;33.46326297;0.013550604;0.013548174;1.20905301;1.321444902;34.71168701;34.71167132;34.79566563;34.71317754;1.489800146;1.43016387;16.45516229;16.38756833;0.705018399;0.685671764;21.04187356;21.01681942;24.0102443;12.58059878;12.50623632;9.496464874;8.461274779;8.394133992;2.949705234;0.092712177;0.087703893;0.707873968;882;19;3.768469248;22.5;25.31860929;1.672336254;32;22;NA;NA;NA;NA;15;14;NA;NA;NA;NA
399;397;37.94657828;115.1629173;797431.779;-13.0982659;-16;141;0.641049511;0.510073968;0;0;0;-27283;-14.32930672;-16;0.041457239;0.037785982;0.025212054;0.023882977;0.211511701;0.207049246;25970834;23.29275006;22;2.062034404;0.001216539;0.000264775;0.002904821;0.001504126;10.61429523;10.97479471;2.198838885;1.920717191;0.955100648;0.555324332;285.7126835;287.5039456;300.8815534;302.3919429;34.10013432;34.22926006;7.477932866;8.024537131;3.844657315;3.155872074;27.31380949;28.79434737;24.12932997;24.40936291;16.17037994;14.9865518;13.6165644;13.50728393;12.26265232;12.27645667;26.02298547;25.84374238;28.38587547;0.616722955;0.22511685;-0.729853858;25.40626251;25.43892394;5.157629812;22.02747359;21.85831952;22.70394108;232;68;27.00268596;136.3333333;185.2607289;19.44508671;NA;NA;NA;NA;NA;NA;1;1;NA;NA;NA;NA
381;379;38.01041309;-155.027962;797444.994;-5469.120261;-5503;-3289;0.16537881;0.171954598;-13620;-1.155118311;0;0;0;0;0.051774954;0.050898121;0.005012945;0.003582181;0.070342629;0.070911576;0;NA;NA;0;0;0;0;0;32.52978588;32.46993109;1.762416221;1.29404897;36.64099276;36.60620893;253.7524584;253.1682875;156.736875;157.9881247;31.29452946;31.27272427;0.013548172;0.013548172;1.364501645;1.4379349;34.6876473;34.68814987;33.75932964;33.8090575;4.267452088;3.868462541;16.29393657;16.4403909;1.058211938;1.052998612;23.2806775;23.51426053;25.92948783;11.17976073;11.33819345;7.057543269;12.10091677;12.07456924;2.712592154;0.050837924;0.050883082;0.089607229;371;52;20.39176089;80.875;87.49455877;4.663109395;47;5;NA;NA;NA;NA;2;2;NA;NA;NA;NA
210;209;-38.01041308;24.97203799;797445.5461;-3547.040862;-4002;249;0.537264425;0.502246127;-9123639;-789.8570687;0;-193550;-6.031849913;0;0.293626876;0.22014821;0.054684055;0.041427428;0.085102055;0.083817982;399805;15.02292113;12;0;0;0;0;0;42.35189792;43.20710677;2.965230843;2.230206326;28.63552974;30.46508461;234.8695887;231.3554369;210.5439681;214.2813581;34.6261747;34.97274827;0.026950348;0.013552099;2.312105568;2.086135472;34.79057365;34.76080589;35.42920104;35.45937339;2.631497679;2.169966831;19.1391935;19.70683363;2.354703717;1.131338833;23.55918512;23.81830767;27.50706679;14.85069782;15.2449927;7.419748902;8.708487302;8.487564522;7.870794534;1.045363358;0.636693482;7.714697118;57490;1982;38.15843903;2978.242075;3162.870258;52.22449215;4351;633;36.23075911;1147.5;1267.485926;56.59534949;969;354;44.89407867;507.3333333;558.7546565;174.1073614
284;283;-37.94657828;-64.83708269;797449.6592;-42.5462963;-41;164;0.225557717;0.217412115;-9574;-6.819088319;0;-148034;-38.04523259;-38;0.038225903;0.034272636;0.022151579;0.016688796;0.134994884;0.12805338;11730956;11.20618172;9;0;0;0;0;0;24.40781544;24.67080034;0.018294078;0.011729638;3.183763232;0.455824726;256.1122391;255.8865051;262.8710745;264.6393553;35.97092828;36.01708798;2.342697603;2.722509235;1.63308783;1.49103782;34.10495723;34.1150071;34.0383074;34.07261445;4.935913611;4.438775365;14.91042297;14.96342034;12.74990036;12.47746162;21.10078342;20.71302191;24.17902217;9.146345225;8.898598322;7.49184161;11.9544382;11.62851268;7.280809382;7.728128366;7.578110232;15.57877897;3519;280;28.70283229;426.2195122;414.5806872;18.26516386;NA;NA;NA;NA;NA;NA;4;3;NA;NA;NA;NA
183;181;38.40258241;33.55193854;797489.4187;-1305.445214;-1375.5;924;0.167422941;0.131957391;-4136417;-1245.158639;-1283.5;-70870;-7.689887153;0;0.058287218;0.047976148;0.006653724;0.003579485;0.083105428;0.064962648;18970768;21.72771024;21;0;0;0;0;0;33.7677942;37.03726675;0.137132577;0.12201838;3.506930159;5.035625061;236.4466091;220.3843671;136.2953313;175.95269;38.58348706;40.70328714;0.129378407;0.013567001;1.527842455;1.290337788;33.27306497;38.77568295;32.35841986;39.18026098;6.56684872;2.279319348;20.13249281;21.87180044;12.44770681;13.55667106;28.13763367;28.86437878;30.26043214;13.06709034;15.90112265;5.62376187;15.07054333;13.09282728;8.988068786;1.101843621;0.276723707;20.22116048;15743;1174;48.43737056;1948.95122;1989.640838;186.3943542;192;121;43.18380783;202.4285714;240.7345033;84.94009217;63;43;37.18784887;60.64705882;71.28947368;37.09345794
607;608;-38.40258241;-146.4480615;797497.7193;-5239.575648;-5261;-2479;0.166225688;0.163972214;-18310;-1.545017298;0;0;0;0;0.034872089;0.034623493;0.004831752;0.003627708;0.055495546;0.056590591;0;NA;NA;0;0;0;0;0;44.98957928;44.86405414;3.122594826;2.949107944;33.24710461;33.25512503;253.2076672;252.9694819;204.4040432;204.0814288;32.14430318;32.23692755;0.013548172;0.013548172;1.278309031;1.354397991;34.70901369;34.70925013;34.6161812;34.53033622;1.563371259;1.450616616;15.65668332;15.61929619;0.747027922;0.739102327;20.43857923;20.50062016;23.80034329;11.72405915;11.61011004;8.999259189;8.714520082;8.731360339;2.716192677;0.106715695;0.095523434;0.274551459;1489;38;7.169713844;55.5;57.71442969;2.284525938;23;14;NA;NA;NA;NA;200;73;33.1853976;91.45454545;102.9583988;36.16636528
589;590;-38.28642985;-123.7522423;797498.3053;-4138.884693;-4171;13;0.179063864;0.171295333;-1455352;-122.93901;0;-52;-0.001582086;0;0.04313159;0.044136416;0.003954153;0.003061919;0.054567531;0.055120162;0;NA;NA;0;0;0;0;0;42.96750003;42.94686692;3.586055784;3.32005296;34.44479841;34.47477724;255.68951;255.5769942;187.1446615;186.4411822;31.51233428;31.57421196;0.013615188;0.013548172;1.31802052;1.370382906;34.69713913;34.69864943;34.3140285;34.25111308;1.417209326;1.188945686;15.45887516;15.43295452;1.116459266;1.108154316;20.04204183;20.147905;23.40163414;11.71234387;11.75479477;8.093769828;8.329697957;8.363471252;2.582363023;0.076203025;0.068112991;7.434062634;209;45;23.06992104;129.3333333;88.65484609;12.75357664;59;35;31.62201237;58.33333333;61.08802178;25.78518519;200;76;33.8199245;105.75;119.5813498;38.83495146
165;163;38.28642985;56.24775771;797511.9904;NA;NA;NA;NA;NA;0;NA;NA;0;NA;NA;NA;NA;NA;NA;NA;NA;12436890;12.40239893;12;0;NA;NA;NA;NA;NA;NA;NA;NA;NA;NA;;;NA;NA;NA;NA;NA;NA;NA;NA;NA;NA;NA;NA;NA;NA;NA;NA;NA;NA;NA;NA;NA;NA;NA;NA;NA;NA;NA;NA;NA;NA;6;6;NA;NA;NA;NA;NA;NA;NA;NA;NA;NA;NA;NA;NA;NA;NA;NA
383;381;38.38825861;-155.9172531;797517.1804;-5372.175905;-5523;-1206;0.278156836;0.275688464;-910395;-76.80713743;0;0;0;0;0.076883491;0.076046249;0.006927687;0.005513348;0.073057874;0.072849722;0;NA;NA;0;0;0;0;0;44.8589163;44.99046075;3.215635024;2.841498256;36.79154877;36.76950045;258.9982276;257.5700274;151.2188125;151.5595912;29.82427672;29.61148516;0.013548172;0.013548172;1.672300014;1.66501691;34.6848101;34.68581009;34.16673137;34.24763362;4.61937312;4.130422573;16.00245202;16.29657621;1.060932777;1.048557117;23.53798538;23.83973292;26.43080969;10.71279886;10.9840574;5.355746848;12.82518652;12.74971971;4.121536952;0.035912592;0.023325777;0.405046313;755;100;26.89598904;152;151.6078512;10.1810177;10;5;NA;NA;NA;NA;87;27;20.05949586;42.16666667;51.67191054;11.69860896
226;225;-38.38825861;4.405790083;797527.4968;-4944.260778;-5028;11;0.263898509;0.263919989;-424008;-35.77220957;0;-692;-0.021019379;0;0.073966926;0.070938867;0.025964044;0.02108539;0.073972957;0.075215752;0;NA;NA;0;0;0;0;0;55.53505405;55.13758805;6.698200589;6.153521992;31.834822;31.96691474;260.8497262;259.3810846;215.3262217;214.5441151;32.03204857;31.94282067;0.013618354;0.013548677;1.52631019;1.532243269;34.72091935;34.72035023;34.85689394;34.80108065;3.596624845;2.946476097;14.40506867;14.58398405;0.656083929;0.638312452;18.52204098;18.93400215;22.49129985;10.91221307;10.73059487;6.990645925;7.609827905;7.733317484;5.479354782;0.315970974;0.291008112;2.675632244;220;117;40.48441768;301.5;382.3686902;48.20717131;77;43;32.26959889;97;94.69924812;27.32258065;302;198;45.51139999;457.2162162;500.0935542;134.519174
410;408;38.48173013;87.28714711;797530.0515;NA;NA;NA;NA;NA;0;NA;NA;0;NA;NA;NA;NA;NA;NA;NA;NA;3954150;3.332400679;1;0;NA;NA;NA;NA;NA;NA;NA;NA;NA;NA;;;NA;NA;NA;NA;NA;NA;NA;NA;NA;NA;NA;NA;NA;NA;NA;NA;NA;NA;NA;NA;NA;NA;NA;NA;NA;NA;NA;NA;NA;NA;NA;NA;NA;NA;NA;NA;NA;NA;NA;NA;NA;NA;NA;NA;NA;NA;NA;NA
309;308;-38.48173013;-92.71285289;797531.8994;-3552.943305;-3559;-1566;0.225681528;0.229944881;-16755984;-1413.649203;0;0;0;0;0.055432156;0.056325213;0.003813272;0.002856083;0.057505041;0.057507651;0;NA;NA;0;0;0;0;0;42.17324562;42.3123547;5.492876416;5.374268569;35.08179329;35.08548015;258.395321;257.7425872;177.0428336;173.5036918;32.34354378;32.21376065;0.013548181;0.013548172;1.483157033;1.50865312;34.69531829;34.69321824;34.07285978;34.01122333;1.65756216;1.361118861;15.00633288;15.05609619;1.262699059;1.327347244;20.46107823;20.77751384;23.81591054;11.38425136;11.34701094;8.683136381;9.076826871;9.190696323;4.137137515;0.133396638;0.119578252;0.328489386;229;45;24.34251526;115;76.58378468;19.07639142;67;44;36.38746825;73.25;73.7;35.912;117;63;35.11907316;145;154.7499343;35.55584416
598;599;-38.71369573;-135.0173598;797547.6385;-4906.032689;-4935;-1236;0.178474429;0.170201179;-48711;-4.093361345;0;0;0;0;0.039984432;0.041450216;0.003172758;0.002358201;0.05505039;0.055562017;0;NA;NA;0;0;0;0;0;44.30570967;44.16883396;3.626454692;3.326379951;33.67816034;33.63337824;255.7774251;255.5900557;199.1414258;199.8869254;31.58373138;31.59774733;0.013548172;0.013548172;1.315808893;1.364017618;34.70833916;34.70868996;34.45770689;34.38350191;1.528429339;1.279245519;15.273694;15.24018797;0.839737963;0.820716994;19.7735855;19.91118664;23.24686849;11.39179482;11.38270636;8.321323124;8.381790675;8.388314351;2.381585316;0.048425019;0.03818918;0.831652523;872;50;16.7988929;65;66.33531665;4.546500365;107;27;20.7375579;36;33.7004216;17.4261796;398;145;38.37372297;190.8181818;224.3897268;62.70942201
174;172;38.71369573;44.98264016;797552.2626;-723.7830189;-553.5;414;0.31882833;0.238784012;-76806;-724.5849057;-553.5;-3374;-10.81410256;0;0.023124724;0.021520551;0.000880263;0.00048869;0.129510232;0.126727094;21651904;20.15790116;18;0;0;0;0;0;19.2674801;19.17065022;0.10734518;0.057900884;0.159714802;0;260.5949724;260.2856636;3.05075675;0.417792257;30.49203837;30.62979011;0.023249532;0.019092981;2.209384462;1.897534859;22.18356426;22.28373112;18.55350514;18.55702633;16.530457;15.78281938;17.71435213;17.75507802;8.831202876;8.849367999;28.37188409;28.37102912;29.20535781;8.316105083;8.281063316;7.840267798;20.05577901;19.97937064;1.904101865;0.092445263;0.048256793;3.111464877;772;120;33.90439666;190.7142857;174.2698317;38.75562492;NA;NA;NA;NA;NA;NA;NA;NA;NA;NA;NA;NA
218;217;-38.66652876;14.6987148;797575.2583;-4601.286626;-4792;-104;0.371600829;0.347670741;-2221392;-186.608871;0;-535;-0.016187595;0;0.131987254;0.117132946;0.048196568;0.03841699;0.080178275;0.080519254;0;NA;NA;0;0;0;0;0;51.24001899;50.91644552;5.328997805;3.776981788;31.5507561;31.88942376;249.7648133;243.1918896;215.1551103;214.6570952;33.05943275;32.68799674;0.013577599;0.013550385;1.748825348;1.673874522;34.7328803;34.72691652;35.27751305;35.43401849;3.539065159;2.593364576;16.81595876;17.75561961;0.766610908;0.638631739;21.29261277;21.7579291;25.28562548;12.35461425;13.17063081;5.893851089;8.937998519;8.51609153;8.679135946;0.575601168;0.524480558;5.4967797;2311;310;26.52486253;526.9402985;634.1666077;17.88233738;1493;377;39.21514977;738.6818182;906.2491544;76.39223414;1326;650;47.63330495;1130.539568;1209.907698;351.0934505
382;380;38.66652876;-165.3012852;797575.7379;-5608.373488;-5629;-2636;0.207157664;0.207230941;-38124;-3.202620968;0;0;0;0;0.063027325;0.063470103;0.00446499;0.003439665;0.072876407;0.07356325;0;NA;NA;0;0;0;0;0;37.73998242;37.39676549;3.222147907;2.851749303;36.8798233;36.97070085;260.0195943;259.4989464;155.1535995;152.6687588;30.07370224;29.86871615;0.013548172;0.013548172;1.498810165;1.520288743;34.68731425;34.68715219;33.94394047;34.02899052;5.105244997;4.692921874;15.54536132;15.68294024;1.064374299;1.072116424;23.41474365;23.73874218;26.4313407;10.27095584;10.5098446;5.470954503;13.1437878;13.14624811;2.922070511;0.019405864;0.018975717;0.082703391;358;78;30.13693738;122;119.5111916;20.24707741;3;2;NA;NA;NA;NA;11;10;NA;NA;NA;NA
55;53;-39.05362629;162.3409379;797596.8153;-3686.274802;-4437;-356;0.212809586;0.212396287;-9209658;-769.7165065;0;0;0;0;0.042999289;0.041233441;0.008780634;0.005728964;0.077009285;0.076338367;0;NA;NA;0;0;0;0;0;53.84705483;54.25937833;2.716045295;2.336040374;35.30258332;35.4776782;248.4756863;248.4574123;189.5642696;195.738796;33.38302408;33.40348571;0.013553798;0.013548172;1.423945039;1.41590732;34.67796006;34.71478889;35.40588155;35.45818548;1.470597483;1.393345476;16.68757015;16.67803605;1.531024598;0.753135648;20.71264392;20.80051061;25.23420632;13.36644579;13.41927096;10.21074402;7.346198139;7.26022393;4.062397834;0.306290045;0.118447374;2.843732173;1098;225;36.60461173;403.5789474;465.2399978;42.32565651;342;196;44.04761632;538.7307692;504.9969395;116.498008;24553;1569;35.65539421;2365.780952;2559.349974;54.92619961
480;480;39.05362629;-17.65906213;797620.007;-4597.263936;-4773;-296;0.147963754;0.143868271;-2847327;-237.9713331;0;0;0;0;0.029390899;0.028604047;0.00852309;0.006512662;0.071238031;0.071136052;0;NA;NA;0;0;0;0;0;46.62700744;45.92760103;0.377939444;0.186373604;22.52139571;22.71333738;240.4470265;240.3965467;248.6334247;248.3524502;34.09879478;34.20035951;0.013558654;0.013548172;1.21844243;1.210552775;34.91913011;34.90676849;36.18968757;36.18863742;1.061600606;1.054678675;18.19849229;18.21177424;2.15158415;2.027783012;23.10313515;23.21126249;25.11732997;14.52349176;14.4309535;12.32682696;8.579643391;8.553071032;2.109782407;0.226260155;0.126847091;4.807340897;4615;458;37.02175502;607.0136986;610.9565828;28.9241689;2468;478;43.7087421;698.6849315;674.625126;153.6895438;9892;890;44.55904933;1220.310345;1280.140507;195.6524584
268;267;-39.33415654;-43.18437978;797693.9156;-5121.540626;-5142;-4502;0.409654903;0.39677302;0;0;0;0;0;0;0.089237299;0.082195856;0.044316402;0.03916412;0.08442047;0.084380432;0;NA;NA;0;0;0;0;0;50.31852906;49.90335496;5.855381112;5.139241833;33.91987732;33.92160245;251.2652307;249.5186751;220.4331425;220.4173502;32.76056692;32.75076641;0.013549269;0.013548841;1.926633488;1.852482516;34.67206512;34.67208329;35.20420362;35.26040451;3.882068508;3.441960638;16.03793171;16.37743578;-0.157734908;-0.165712157;20.76165421;20.93168312;24.4906662;11.3893873;10.98994657;7.151320628;9.372266911;9.385441709;7.707510609;0.235583205;0.223586779;0.37098721;727;83;29.2422;117.5;102.6734896;25.31390392;1907;140;33.98061985;362;169.9142719;48.6814318;759;184;37.73548841;358.1304348;324.0166476;65.84535375
398;396;39.39711163;125.3819895;797710.5568;-469.6820467;-52;446;0.598625923;0.526435488;-2468956;-443.259605;0;-450394;-29.16492909;-20;0.047964181;0.034393508;0.021907953;0.017041518;0.145907335;0.139510721;15184415;22.38384203;22;15.82078431;0.001098056;0;0.0013077;0;18.85291269;19.44955277;2.113766728;1.835179816;8.138762076;1.567465956;262.5952291;262.0657104;242.8145448;243.912159;33.42698825;33.68958604;2.705735835;1.873876921;3.048679067;2.665981345;32.57262213;33.12263784;31.05098123;31.10535874;10.88002439;10.41315385;14.46348802;14.49906198;7.584339154;9.63434333;25.83267095;25.86332896;29.82139717;3.759872529;4.012642557;-2;22.07280704;21.80136045;13.48643935;8.410432984;7.006903344;28.659223;968;155;30.81901653;355.25;430.3559887;29.60768453;9;5;NA;NA;NA;NA;9;9;NA;NA;NA;NA
397;395;39.33415654;136.8156202;797711.656;-1975.831575;-2110.5;785;0.50509905;0.454202029;-14544406;-1475.690544;-1331.5;-149926;-5.476148733;0;0.094989769;0.06510263;0.020317546;0.006996668;0.095991676;0.094369354;6569907;27.92354281;22;4.975007717;0.000185517;0;0.000588438;0;33.92596237;32.80135053;1.112807679;1.095873713;25.76120598;27.21546292;255.5874131;254.5904433;195.5826448;203.5668794;30.72351394;31.00415964;0.101599263;0.013548174;2.446783256;2.311785156;34.10265422;34.08705993;33.71538468;33.75922401;3.209935121;3.09095453;14.3742561;14.68293901;1.49789837;0.079747599;25.25893371;25.38610953;28.29003715;4.842629413;4.783588184;-2;20.41863266;20.43938567;10.25707765;1.589483818;0.40011689;19.70169993;23753;836;26.49169049;1343.144828;1467.079937;9.367063089;6686;712;32.53974979;1224.509615;1191.261811;18.30583632;8249;803;37.50786773;1489.518868;1445.301747;61.33790382
276;275;-39.39711163;-54.61801047;797712.2471;-2824.620583;-3365;72;0.590197519;0.542229768;-3176469;-290.0620035;0;-617219;-20.29724753;0;0.173248371;0.140257246;0.064791271;0.051464353;0.113394952;0.103384724;1999846;17.57364804;17;0.004568026;1.55E-07;0;2.89E-06;0;34.11449722;30.80826644;7.326383092;6.632111067;25.95853832;32.01555427;263.856793;262.5993954;236.1081018;222.9071446;34.50894649;34.95066552;0.583409486;0.013562672;2.956453077;2.66947665;34.34573782;34.67354576;34.18330154;34.45183593;5.933380787;4.970801601;15.39126499;15.58393703;4.019910145;0.925143113;21.71156205;22.2763165;25.43365501;9.118267699;9.130549857;4.574372781;12.59329435;12.41412295;9.455762348;2.717933039;1.042042646;16.55807108;7018;830;45.06567103;1241.360294;1283.451556;123.3108438;2527;309;36.46278083;493.5238095;460.3837609;59.07297015;1838;486;41.78381405;825.7951807;862.6815438;85.97353285
404;402;40.16875907;156.2962372;797842.6983;-5418.125216;-5523;-3002;0.50061968;0.502406371;-389173;-32.01752365;0;0;0;0;0.093217184;0.085638775;0.026955583;0.023882661;0.083242353;0.083101263;0;NA;NA;0.131837811;3.90E-06;0;1.70E-05;0;46.59790946;47.8153689;3.730619394;3.094110214;36.71517564;36.68162683;253.6135968;250.2814094;156.6652983;156.9027425;26.95230828;26.74412799;0.013548172;0.013548172;2.171343719;2.163519698;34.69034781;34.69076047;33.87439102;33.9463329;6.052517402;5.316320687;14.02490548;14.14262422;1.007368366;1.00239933;22.79081903;23.37403139;27.67851447;6.861896035;6.856411826;-0.374956998;15.92892299;15.6539416;7.627474968;0.071344539;0.073908139;0.160106652;1736;91;10.05113348;160.1764706;181.8585292;1.668783404;184;43;24.71266876;60.14285714;59.29790333;21.92746114;2952;523;44.96401353;653.1010101;670.5377359;200.8922495
261;260;-40.16875907;-23.70376279;797847.7651;-3984.347182;-4037;-1840;0.295719321;0.312388623;-4841357;-398.3016865;0;0;0;0;0.092350388;0.085591935;0.008275897;0.006155796;0.079428436;0.080547193;0;NA;NA;0;0;0;0;0;63.26888162;65.07154238;7.657113263;6.67610251;30.02471957;31.37106725;261.4441176;256.8061508;222.5567391;216.8502414;29.8094954;29.86248751;0.013551917;0.013551391;1.564598686;1.573323226;34.73169934;34.72880711;34.92127961;34.96983682;4.538151342;3.834727033;14.06573313;14.34181234;0.808547002;0.767834247;18.15894453;18.36829958;21.95639032;10.50321854;10.77687613;5.005193569;7.655725985;7.568518905;5.00911336;0.586855973;0.570615593;1.050464344;21;19;NA;NA;NA;NA;10;10;NA;NA;NA;NA;60;51;43.27504178;396;362.251816;40.90909091
464;463;40.31592735;2.452377351;797870.8547;-1874.424882;-2464;587;0.193832109;0.162911783;-13024703;-1868.94863;-2464;-156067;-8.066311763;0;0.053868279;0.045949984;0.008591309;0.006403492;0.079579017;0.077338591;13605285;25.10227973;22;0;0;0;0;0;28.22126265;25.89472486;0.375411081;0.235149162;8.293333443;9.058336042;234.439303;233.181194;192.4291678;189.6702621;37.12446546;37.10996258;0.101735075;0.013548197;1.484902259;1.337096741;38.43534804;38.48686099;37.31588763;37.25700185;1.565993023;1.419017709;19.00011641;19.37815213;13.03875246;12.83339228;27.56185636;27.7883354;29.31098747;13.29776045;13.35195017;9.797028222;14.26409591;14.35707454;7.250727089;0.787597519;0.341968236;15.17813353;146990;4212;46.84403931;5768.21911;5858.534212;117.0630087;14795;993;44.21787989;1321.669355;1260.675472;181.8679029;13359;758;40.37573139;1163.009091;1181.709506;99.11185141
45;43;-40.31592735;-82.78738099;797872.1635;-3026.386916;-3165;391;0.319294891;0.280784495;-13215582;-1119.869672;-422;-58648;-1.789085141;0;0.067068764;0.045327314;0.021450128;0.012054218;0.08091505;0.080614892;585022;13.83194231;13;0;0;0;0;0;58.85334121;59.84358507;2.414885554;1.658740085;31.46765533;33.07449848;251.2025059;250.7109662;197.41187;202.5603968;33.14309984;33.27344998;0.045213981;0.013551066;1.697608041;1.569523024;34.67481032;34.70965422;35.23551632;35.26002635;1.503943212;1.239479479;15.83464341;15.99757895;2.598397194;1.360720619;19.77806025;19.91965762;22.17661986;12.50224952;12.68428493;7.783537186;7.275810731;7.220503051;3.988261467;0.645293314;0.302094163;9.081949806;71651;2371;17.30140721;3546.417607;3708.233389;2.201741429;53230;2330;39.46156345;3263.944712;3436.287945;81.56927925;167552;4986;41.00345334;6349.532941;6545.619698;104.0042315
71;69;-40.75491389;96.38718912;797936.9891;-3737.205496;-3746;-1979;0.334314554;0.3406378;-13235942;-1079.33964;0;0;0;0;0.089408342;0.06138735;0.013228428;0.011526605;0.067047666;0.067194355;0;NA;NA;0;0;0;0;0;94.02046603;95.57599568;10.46027249;10.13689943;32.35543785;32.31255426;269.5902671;267.2662178;206.4676828;207.1791853;29.92046592;29.82089831;0.013580091;0.013568582;1.595552931;1.610974463;34.73538291;34.73547691;34.81499708;34.83529133;7.095572475;6.584236988;12.27884585;12.2184928;1.021107649;0.961200207;16.17467484;16.01733069;21.0211358;9.935570928;10.17059453;6.014471358;6.23910391;6.028384541;5.732221989;0.277184663;0.280794544;0.874298671;7215;128;27.96290733;147;139.363036;25.32243942;9;9;NA;NA;NA;NA;5;5;NA;NA;NA;NA
538;538;40.75491389;-83.61281088;797951.0814;NA;NA;NA;NA;NA;0;NA;NA;0;NA;NA;NA;NA;NA;NA;NA;NA;28415063;26.84893762;25;0;NA;NA;NA;NA;NA;NA;NA;NA;NA;NA;;;NA;NA;NA;NA;NA;NA;NA;NA;NA;NA;NA;NA;NA;NA;NA;NA;NA;NA;NA;NA;NA;NA;NA;NA;NA;NA;NA;NA;NA;NA;NA;NA;NA;NA;NA;NA;NA;NA;NA;NA;NA;NA;NA;NA;NA;NA;NA;NA
409;407;41.68396542;97.23532295;798079.3206;NA;NA;NA;NA;NA;0;NA;NA;0;NA;NA;NA;NA;NA;NA;NA;NA;6602153;5.307811354;5;0;NA;NA;NA;NA;NA;NA;NA;NA;NA;NA;;;NA;NA;NA;NA;NA;NA;NA;NA;NA;NA;NA;NA;NA;NA;NA;NA;NA;NA;NA;NA;NA;NA;NA;NA;NA;NA;NA;NA;NA;NA;NA;NA;NA;NA;NA;NA;NA;NA;NA;NA;NA;NA;NA;NA;NA;NA;NA;NA
301;300;-41.68396542;-82.76467705;798090.9396;-3668.43365;-3671;-245;0.277824389;0.292874529;-12691922;-1020.743285;0;0;0;0;0.053338721;0.052998928;0.004863044;0.003475265;0.064263984;0.062334692;0;NA;NA;0;0;0;0;0;46.8934082;46.25004479;8.334072212;8.026650998;35.56179949;35.67560378;268.9338615;268.4189134;168.7740705;167.8393277;30.0999247;30.050403;0.013548719;0.013548172;1.549934814;1.557450221;34.68600581;34.68786415;34.00387979;33.99020268;2.225448905;1.850698517;12.83886994;12.82833474;1.285935364;1.303592645;17.56493805;17.72489141;20.84456482;9.726332209;9.725986363;7.002355726;7.838605838;7.894447979;4.77006358;0.114003197;0.087379774;0.81430903;771;54;25.49666551;57;57.58394927;23.21037835;131;54;31.98967158;81.27272727;82.33194129;33.3223301;187;97;38.53677372;185.5;216.2805186;55.24328594
56;54;-41.73253694;152.0698825;798128.1092;-3910.388685;-4532;519;0.413675991;0.427397899;-4056704;-339.0192211;0;-119460;-3.594187201;0;0.066431343;0.054823288;0.021208853;0.017101936;0.084668273;0.083710259;644219;11.06411225;10;0;0;0;0;0;65.32185599;66.24450989;4.936740603;4.652345016;31.99016785;33.80463176;254.1047334;254.6596315;201.9814403;200.4548409;31.85524366;32.02769523;0.107913856;0.01357392;1.95168953;1.921438693;34.7631029;34.71717711;35.34556715;35.39613278;2.38106998;1.984737849;15.55488324;15.47241451;1.805347005;0.693469848;19.77749236;19.90722837;24.56614351;12.10896314;12.07665534;8.116855512;7.668529223;7.698153917;5.640121474;0.625969038;0.183250593;9.59300793;343353;3749;40.20153563;5065.718519;5158.896017;65.68658893;32999;1800;39.64530028;2365.050847;2511.691906;83.61538928;77644;3133;22.05907908;4061.784585;4060.428861;7.504465773
488;488;41.73253694;-27.93011753;798136.9579;-2698.467663;-2811;674;0.198365908;0.208928673;-26352744;-2117.196433;-2448;-3930;-0.113728441;0;0.050774861;0.046708966;0.00957569;0.006889711;0.075573359;0.075264139;86738;25.93839713;25;0;0;0;0;0;56.77714222;57.20179282;0.410761653;0.385827378;18.70424045;17.97844199;242.1841721;242.6569414;265.4381344;271.2982144;31.28365665;31.13765421;0.014078434;0.013780925;1.29240923;1.325612511;34.96701935;34.93924475;36.0455671;36.0445641;1.161574545;1.13584778;17.74342798;17.73513207;3.174462559;2.847440457;23.06916321;23.17601795;25.55350791;14.11913395;14.11338978;11.66544368;8.950029262;8.946349774;3.54201295;0.791402243;0.491007663;4.874084519;108341;634;22.38069755;1066.307692;1070.706489;12.17323279;1808;511;45.70352815;826;799.8671131;224.3557996;5499;1285;47.32245765;1966.592105;2036.719782;393.0358735
512;512;42.0746141;-64.08319904;798184.6764;-2351.152971;-2460;248;0.514216682;0.473281622;-4299136;-381.9077907;0;-598102;-19.13130538;0;0.118705525;0.066517437;0.043404636;0.038196316;0.106834502;0.098808016;2625737;17.32999591;14;75.33104643;0.002465747;0;0.002496459;0;31.5180188;28.93815326;0.832456649;0.892102759;16.82325821;18.78783685;262.1631719;259.3067658;230.298545;267.8691979;29.71459329;29.74036815;0.344977209;0.013757578;2.550117938;2.329063372;34.30044554;34.89865733;33.49820334;33.11969288;2.853408591;2.482093277;14.42390615;12.76674806;4.05650174;2.713486951;23.20932211;23.76911168;29.03038899;5.539290383;3.512957806;-1.754980632;17.67003173;17.96904581;14.13240647;3.181090673;0.703813981;22.66120013;2021524;5699;32.81274718;6992.601481;6976.80759;20.54319838;86138;2624;39.79784525;3299.065882;3406.108117;63.37886988;80260;2834;35.20089194;3855.983721;3889.931314;36.87431204
59;57;-42.07461409;115.9168009;798196.153;-4510.094325;-4497;-3260;0.339463288;0.340844354;-34232;-2.736370903;0;0;0;0;0.059787001;0.053289868;0.012918515;0.010120593;0.06998911;0.069581663;0;NA;NA;0;0;0;0;0;88.78527744;81.81991235;11.10713941;11.36410184;33.53329278;33.36190744;272.8722139;274.7506623;210.5436099;211.6547597;29.52149528;29.58186124;0.013564383;0.0135505;1.637631321;1.643085518;34.71411524;34.7133739;34.79592337;34.72632587;6.600358957;6.392731139;12.04190332;11.83351421;0.597961229;0.579447682;15.5680583;15.6493616;20.80374581;9.640509527;9.551534966;6.591109212;5.927548775;6.012569588;6.499134578;0.156895904;0.159417494;0.486688798;1398;158;35.00188587;168.5681818;179.717746;39.51004731;70;35;29.76706482;40.6875;46.22282609;25;55;38;35.50351116;88.14285714;85.58673469;29.36893204
318;317;-42.19127713;-103.6298556;798211.4598;-3796.43902;-3817;-522;0.294434722;0.303865399;-9411240;-750.6771955;0;0;0;0;0.05509276;0.054863773;0.004440656;0.003612386;0.056881612;0.056946431;0;NA;NA;0;0;0;0;0;46.18553157;44.89657889;10.68604487;11.03450428;34.26164849;34.26501216;274.2967777;274.6492843;189.1725804;192.4687815;28.72992643;28.64841734;0.013548224;0.013548172;1.585946139;1.592317987;34.70764218;34.70875488;34.02936789;34.02553782;3.952114744;3.914789922;12.24234563;12.18201626;1.016798056;0.952426616;16.20158875;16.14717892;21.35595089;9.217731975;9.239568392;6.951276105;6.983856779;6.90899568;5.20225692;0.175356545;0.178482806;0.744928769;358;77;29.06684574;117.0714286;129.0759047;25.18946541;19;14;NA;NA;NA;NA;38;33;NA;NA;NA;NA
419;417;42.19127713;76.37014437;798220.7065;NA;NA;NA;NA;NA;0;NA;NA;0;NA;NA;NA;NA;NA;NA;NA;NA;16130431;12.9673662;13;0;NA;NA;NA;NA;NA;NA;NA;NA;NA;NA;;;NA;NA;NA;NA;NA;NA;NA;NA;NA;NA;NA;NA;NA;NA;NA;NA;NA;NA;NA;NA;NA;NA;NA;NA;NA;NA;NA;NA;NA;NA;NA;NA;NA;NA;NA;NA;NA;NA;NA;NA;NA;NA;NA;NA;NA;NA;NA;NA
412;410;43.31474734;166.2194577;798409.5722;-5378.977438;-5583;-34;0.459333976;0.482040516;-1180506;-92.47990599;0;-68;-0.001917546;0;0.072525806;0.065106988;0.016956374;0.012819195;0.085801954;0.087353658;0;NA;NA;0.035287195;9.95E-07;0;2.77E-06;0;44.01090417;42.70089429;8.820446452;7.384914203;36.92164757;36.73620266;282.1320328;280.9797902;154.8798191;157.6146497;24.25007134;24.09389361;0.013548646;0.013548172;2.101449123;2.170376268;34.68638882;34.69043415;33.36055235;33.18017118;11.95372175;10.23059424;9.867224777;8.959788027;1.024343993;0.994334956;18.24965526;17.93938477;24.63493423;4.124585598;3.453152163;0.525824972;14.12506966;14.07838894;7.131681103;0.047442414;0.042880131;2.449373905;502;41;13.25612434;125.3333333;92.82129469;3.637261128;13;2;NA;NA;NA;NA;81;40;30.50498033;63.33333333;63.45;27.22406639
455;454;43.339969;13.71647958;798418.7875;-930.7257015;-393;953;0.287483016;0.1605483;-4416527;-820.763241;-260;-296957;-19.8580313;0;0.033125667;0.026251458;0.006067053;0.003081325;0.081625042;0.07643181;19992817;25.8482126;22;0;0;0;0;0;29.79807281;30.81265081;0.713768616;0.605414787;5.219585352;6.221804067;234.2898282;232.5397713;206.4929785;192.6707015;35.26234984;35.58950742;0.629892109;0.014410731;1.846800349;1.282473102;38.3718394;38.53725789;37.64286729;38.00984077;5.168603192;1.898718393;18.8230355;18.8082341;13.75508446;13.57482655;27.32976399;27.29075568;29.91483205;12.60294746;13.00684303;6.537641439;14.72681653;14.36557075;8.638425164;2.244672778;0.636793994;20.57014977;180007;3928;48.24756356;5047.093596;5189.671692;215.0727671;3368;732;43.17809267;1103.805755;1158.367191;136.0285886;2396;420;37.8339939;802.6923077;698.3952281;59.39676365
72;70;-43.35836567;85.98902535;798420.6677;-3266.266092;-3314;-1508;0.346314341;0.34482597;-27884141;-2183.566249;-2920.5;0;0;0;0.133308558;0.125458974;0.029489153;0.021225682;0.069431753;0.069393822;0;NA;NA;0;0;0;0;0;103.1816298;106.2459409;13.26736329;13.85003967;31.6479318;31.59607969;277.0074232;277.9704199;204.9733475;204.0304588;27.09963153;26.95867258;0.013948135;0.013694037;1.523073097;1.521063202;34.73207116;34.73681381;34.53978019;34.55598652;11.06285961;11.74215662;10.88563524;11.01111202;1.20252377;1.207669239;14.31843162;14.53658596;19.07532207;8.279861578;8.484024194;3.259132028;6.038570046;6.140125415;5.57711707;0.681604762;0.656191942;1.642152096;4068;137;33.38960335;183.2;152.3691918;36.76442596;2;2;NA;NA;NA;NA;11;9;NA;NA;NA;NA
262;261;-43.31474734;-13.78054228;798426.2646;-3233.581512;-3255;299;0.318463763;0.314888361;-26593932;-2083.347591;-2872;-274;-0.007726581;0;0.134727282;0.121611847;0.019344646;0.012903468;0.077357165;0.077300856;0;NA;NA;0;0;0;0;0;66.4586478;67.25083196;13.57535625;13.64150868;28.73903862;29.22085636;285.8888188;283.3436103;219.1967717;216.3299997;26.65860482;26.40192661;0.013575414;0.013556001;1.562175964;1.558068729;34.74807817;34.74921708;34.38742613;34.49123354;9.426432502;8.626434824;10.0904176;10.72896879;1.387276223;1.330801492;13.59513692;14.08284877;19.19121543;6.966709966;7.466524456;2.10638995;6.628426952;6.541998936;4.505321477;0.612665121;0.59350042;2.945636946;148;89;41.06871422;188.5263158;229.0943281;43.63346614;44;35;NA;NA;NA;NA;51;47;46.15686275;227.6;299.625;44.08474576
36;34;-43.339969;-166.2835204;798431.9725;-4751.245714;-5065;-463;0.312031205;0.329681025;-3417827;-267.540274;0;0;0;0;0.035945683;0.03286;0.022573616;0.016961944;0.071496644;0.071298031;0;NA;NA;0;0;0;0;0;59.44844907;55.2164536;7.181454159;6.961097724;33.18476191;33.10256094;264.6220922;264.689618;206.5172765;209.5941067;29.42915688;29.4706973;0.013603844;0.013591021;1.656375743;1.699275768;34.70596638;34.70929167;34.77533027;34.74753072;3.111583498;2.655827995;13.44400714;13.37774536;0.724185294;0.566270574;17.74026248;17.78641835;20.31721045;10.26182048;10.1207176;8.569553853;7.478442001;7.437136372;3.932755503;0.142868836;0.112322686;1.358952636;918;42;14.25097273;64.75;60.05140962;3.258818707;26;20;NA;NA;NA;NA;1615;381;31.64919982;593.4074074;639.7995733;10.64038756
496;496;43.36408525;-39.49547369;798435.6488;-4394.485862;-4501;-280;0.369225732;0.360098733;-1426105;-111.702436;0;0;0;0;0.121999326;0.086992188;0.034262818;0.025930469;0.079600077;0.07863562;0;NA;NA;0.01186794;3.34E-07;0;9.03E-07;0;64.47371632;64.6664977;1.057505774;0.822926907;18.49958027;18.56418002;253.2404597;250.1269892;275.1402464;275.3160304;28.34696012;28.13996199;0.013701518;0.013549281;1.877551113;1.833073588;34.90199699;34.8989039;35.73238685;35.84731704;1.498941367;1.458589953;17.36706208;17.67507479;1.980108137;1.908663592;23.21513981;23.66396302;25.96140432;12.62691175;13.48845431;2.492445957;10.58822806;9.861913278;9.53513954;0.25876414;0.242094813;2.523391288;33134;293;29.84635737;475.8076923;425.0024754;26.0837462;598;99;29.53911663;136.0588235;134.5300832;33.03806356;1641;222;25.04055892;441.6756757;498.2916696;17.95385662
546;546;43.35836566;-94.01097463;798439.9074;NA;NA;NA;NA;NA;0;NA;NA;0;NA;NA;NA;NA;NA;NA;NA;NA;27911963;22.0198654;20;0;NA;NA;NA;NA;NA;NA;NA;NA;NA;NA;;;NA;NA;NA;NA;NA;NA;NA;NA;NA;NA;NA;NA;NA;NA;NA;NA;NA;NA;NA;NA;NA;NA;NA;NA;NA;NA;NA;NA;NA;NA;NA;NA;NA;NA;NA;NA;NA;NA;NA;NA;NA;NA;NA;NA;NA;NA;NA;NA
57;55;-43.36408525;140.5045263;798443.208;-4050.075343;-4545;310;0.38063246;0.367241944;-3357791;-272.6143541;0;-107318;-3.135752688;0;0.041131841;0.037851672;0.011548967;0.006435335;0.077460997;0.076616552;420803;8.32827993;6;0;0;0;0;0;81.41022307;75.33969243;9.043998639;9.325466145;32.03146365;34.16426666;268.0292246;268.0965413;205.9706949;207.4312432;29.60913184;29.51639865;0.087825534;0.013548176;1.80007519;1.727338954;34.76040809;34.71709718;34.91456558;34.87294982;4.908559416;4.594895554;12.54681657;12.43161442;1.749350176;0.698578648;15.59417421;15.549782;19.95735049;9.989940609;9.717105457;7.887739919;5.604233601;5.685531252;5.32714878;0.504456878;0.159247005;7.831704873;66083;1875;26.00209377;2478.03268;2517.968974;4.330588857;1494;531;44.84391019;748.7459016;788.8127481;153.6791517;13631;1068;32.60366641;1279.376623;1359.516738;14.7711576
504;504;43.54410543;-51.83161579;798466.6606;-2535.779485;-3199;201;0.490606793;0.460562642;-6501770;-512.2327267;0;-771918;-21.91019273;0;0.125149618;0.100913366;0.042403229;0.030648614;0.094238484;0.098522655;358701;17.60495706;13;19.01072313;0.000542838;0;0.001379292;0;33.67782201;25.41184449;1.142203501;0.945688021;16.08578335;18.27911236;280.5778557;278.8517339;272.0665476;274.289259;27.58720446;27.39544155;0.128446933;0.013632753;2.528747623;2.331120794;34.33642433;34.89874923;33.72359363;33.46117065;2.133793529;1.9275077;12.38546042;11.54791067;2.062804891;1.931588774;21.33896551;21.89321694;27.88696862;4.051136964;2.590865423;-1.707129641;17.28782854;17.34852855;13.37974501;1.941333273;0.657972251;16.80952806;369338;1438;31.57585029;2067.473404;2119.888579;22.46819829;69102;1072;35.29034638;1492.851064;1482.180176;52.93120039;37209;955;37.90391585;1356.908397;1366.851513;74.63759408
58;56;-43.54410543;128.1683842;798482.4691;-4776.48947;-4764;-3194;0.336066102;0.339080728;-33539;-2.616146646;0;0;0;0;0.046467947;0.043897066;0.006813476;0.004865642;0.071525695;0.071486013;0;NA;NA;0;0;0;0;0;84.32408737;71.49456377;11.76305573;12.08474867;33.96259944;34.11849278;276.0605211;278.4356464;211.7566016;211.7319987;28.44556363;28.3877113;0.013555279;0.013548955;1.625548625;1.623602019;34.71187495;34.71265671;34.64734416;34.61946822;6.761715036;6.874122314;11.42012808;11.23247739;0.59097064;0.575742024;14.22187263;14.17868246;18.03988297;9.26425321;9.115790639;7.268404698;4.957619424;5.056815038;4.410534926;0.140451451;0.103904287;0.69141789;1516;97;26.90799496;118.2307692;117.3358949;24.32686242;73;40;30.95989728;63.07692308;117.8645833;18.43944637;74;54;39.33731725;183;202.609981;37.50684932
46;44;-44.42340177;171.8692472;798596.6611;-1238.751814;-1106;830;0.589358051;0.428977554;-10166599;-957.9382832;-957;-280117;-9.49935567;0;0.08179429;0.058662677;0.033515832;0.017013489;0.088731397;0.084188377;2851276;10.89395942;9;0;0;0;0;0;46.92781501;45.63062606;8.739915263;8.194172349;27.00927625;31.53168634;274.2170795;280.0608824;206.6490096;194.7643956;30.07541584;30.23623156;0.19695479;0.014798352;2.749297035;2.03410259;34.58573384;34.53750241;34.68837423;34.62859627;5.333494213;3.560156566;12.36722267;12.13610866;5.459173672;3.786439129;16.28325321;16.12844569;20.05976499;9.350485515;8.897098158;6.477881262;6.9327677;7.022491617;6.518048221;1.457363874;1.060943724;10.2762298;296776;5530;29.53797674;8006.150748;8074.274534;8.231931686;108455;3022;39.13189699;4434.055985;4629.83164;79.26450481;123543;4464;41.84999969;6075.683053;6296.51968;119.2544752
471;471;44.42340177;-8.13075285;798599.4054;-3160.055332;-4121;471;0.323762217;0.306244952;-4927574;-472.5329881;0;-323173;-11.1477406;0;0.022214548;0.021215769;0.011541093;0.008783776;0.090160862;0.085126588;6582265;24.64132628;22;0;0;0;0;0;55.99841769;55.31692431;1.604639545;1.435345279;19.14285623;22.73030151;254.4577622;254.2138559;237.6986011;241.4445699;30.12025616;29.73920526;0.102998162;0.013548172;1.797886576;1.699464885;35.09448771;34.91293549;35.5696203;35.65076488;1.578068442;1.255427516;15.47804508;15.51682695;4.645339796;2.117577828;20.70119855;20.43858145;25.29929216;11.81769459;11.83935211;7.886015395;8.883503967;8.252154543;8.49446667;1.071010594;0.191435343;14.12288425;387353;2372;39.00680647;3005.162162;3010.707721;63.02075494;32357;884;31.18908039;1431.525;1490.649088;31.71648232;33488;2248;29.80432457;3027.094488;3083.506075;11.37479648
408;406;44.6245769;107.8336488;798663.1706;NA;NA;NA;NA;NA;0;NA;NA;0;NA;NA;NA;NA;NA;NA;NA;NA;10039680;7.691390731;6;0;NA;NA;NA;NA;NA;NA;NA;NA;NA;NA;;;NA;NA;NA;NA;NA;NA;NA;NA;NA;NA;NA;NA;NA;NA;NA;NA;NA;NA;NA;NA;NA;NA;NA;NA;NA;NA;NA;NA;NA;NA;NA;NA;NA;NA;NA;NA;NA;NA;NA;NA;NA;NA;NA;NA;NA;NA;NA;NA
293;292;-44.6245769;-72.16635116;798668.1802;-1702.220409;-1659.5;1059;0.678726714;0.426487179;-4709116;-1024.611836;0;-172549;-13.50043033;0;0.042268565;0.040856595;0.00881332;0.004770985;0.118577653;0.109672444;5995053;6.791637354;5;0;0;0;0;0;33.47123388;36.20530585;6.61434436;7.172847104;30.09978688;36.22969988;276.7245828;276.1985812;147.4382564;153.7107298;28.23622135;28.28475746;0.205543126;0.013548175;3.126923197;2.15110376;34.40995492;34.65370846;33.49686618;33.69038475;4.805619087;2.926446549;11.88542376;11.85315353;4.433096853;1.631369249;15.94499497;15.85699135;18.17688524;8.792099483;8.750197421;4.527315027;7.152895484;7.012246681;6.447641456;1.113282512;0.197839744;10.84720738;44683;1039;34.74540137;1414.015789;1488.891076;43.29100005;1465;462;43.81313209;735.3870968;793.3523018;143.4546488;544;271;45.33822508;447.4166667;463.0193583;163.3200883
581;582;-44.67993621;-115.4266108;798669.6669;-3302.990583;-3273.5;-337;0.309699916;0.306507504;-25885867;-1981.769025;-2847;0;0;0;0.056617376;0.055870033;0.00377891;0.002824474;0.058684433;0.058072995;0;NA;NA;0;0;0;0;0;54.73318408;52.28716336;12.93800381;13.32151542;34.65166331;34.56764915;282.6394588;283.1916179;170.2244295;169.1824063;27.0389678;26.79982977;0.013549261;0.013548172;1.578394763;1.580545114;34.69062099;34.68868488;34.17482263;34.1704454;5.705211583;5.749409494;10.7545112;10.70374164;1.445661679;1.448123497;14.17725037;14.2195693;18.4030659;7.912726446;7.818015125;6.076926558;6.264523925;6.341605642;4.588545216;0.112777053;0.107221547;0.769807707;227;29;19.46208329;47;39.27451796;16.77922501;18;14;NA;NA;NA;NA;75;53;39.38121683;113.5454545;108.6565097;42.9389313
164;162;44.67993621;64.57338918;798683.1595;NA;NA;NA;NA;NA;0;NA;NA;0;NA;NA;NA;NA;NA;NA;NA;NA;10203269;8.430544654;7;0;NA;NA;NA;NA;NA;NA;NA;NA;NA;NA;;;NA;NA;NA;NA;NA;NA;NA;NA;NA;NA;NA;NA;NA;NA;NA;NA;NA;NA;NA;NA;NA;NA;NA;NA;NA;NA;NA;NA;NA;NA;NA;NA;NA;NA;NA;NA;NA;NA;NA;NA;NA;NA;NA;NA;NA;NA;NA;NA
570;570;44.77744347;-127.6068217;798696.1394;-2604.998491;-2829;572;0.513106473;0.262611952;-23680376;-2102.306108;-2676;-125883;-4.026194588;0;0.042873532;0.039691784;0.007326006;0.003990447;0.096411351;0.084774698;3210301;16.71074384;13;0;0;0;0;0;28.3503572;29.17864684;3.780101857;3.417893094;39.18088343;40.09474419;274.6707333;274.2067497;91.92073323;94.42142863;29.21673853;28.75160067;0.053017967;0.013548172;2.718467834;1.617479873;34.53659066;34.64120373;32.20413777;32.41473199;6.302740347;5.732562702;12.44381096;12.4722982;2.086375555;1.495640504;17.78983121;17.90019109;20.86271316;8.237007355;8.209824374;6.09064495;9.552823856;9.867584984;10.52390731;0.405499979;0.082014613;14.5561725;347387;3029;35.89517768;4134.736842;4030.603888;47.01671976;123873;830;25.51275027;1445.309278;1397.811299;23.80180983;89187;1403;30.5377213;1911.529412;1926.921086;22.16835236
75;73;-44.77744347;52.39317833;798715.3017;-3568.977169;-3788.5;320;0.321073335;0.315805055;-13323134;-1017.343769;0;-16329;-0.449154174;0;0.191004346;0.160337511;0.028071317;0.023470191;0.075859772;0.076819497;0;NA;NA;0;0;0;0;0;56.50675179;56.2800268;17.14336944;20.07184849;31.75226547;32.04292956;298.7006467;311.454774;215.8376405;215.3733982;26.52131384;26.25402987;0.017255062;0.013574029;1.567736222;1.546621991;34.69207172;34.69803168;34.02285701;33.74387116;18.89158883;21.811862;8.26953259;6.868582998;0.680777739;0.499344867;12.39791201;11.02373209;21.78579379;4.632241454;3.763631215;1.596262947;7.765670551;7.275006839;10.85243631;0.614764291;0.569681617;4.678601271;3200;261;39.8098634;306;301.940398;63.06816782;1091;204;38.15846396;305.25;309.1897208;72.12512876;623;222;40.19477702;325;345.8287784;69.37068811
73;71;-44.94943033;74.85371658;798723.5137;-3251.821442;-3416;-15;0.375869575;0.337752328;-22260424;-1694.999162;-2288;-12594;-0.345381746;0;0.198174867;0.172842012;0.038290476;0.025711352;0.075277598;0.073628785;0;NA;NA;1.73E-07;4.74E-12;0;0;0;93.74501842;102.248615;15.98385052;15.93184805;31.7767374;31.73617372;289.0381681;285.8599544;209.8457702;210.1335673;26.32735542;25.8922614;0.01824967;0.013675908;1.653438415;1.507964172;34.71183381;34.73399623;34.35562462;34.42217592;16.20347544;15.53060208;9.493466395;10.48972408;1.104414815;0.968146694;12.96158257;13.99817857;19.10080944;6.202333717;6.294906405;0.645363163;6.759248852;6.722678831;7.529535421;0.664988673;0.602927631;5.599836982;17156;342;30.2534082;372.6428571;392.2579314;26.70236219;4246;220;32.92514539;251.3181818;268.9931596;46.35509434;1022;156;35.52061169;199.125;196.1114533;52.59764327
554;554;44.94943033;-105.1462834;798737.3137;NA;NA;NA;NA;NA;0;NA;NA;0;NA;NA;NA;NA;NA;NA;NA;NA;12218234;9.307875433;8;0;NA;NA;NA;NA;NA;NA;NA;NA;NA;NA;;;NA;NA;NA;NA;NA;NA;NA;NA;NA;NA;NA;NA;NA;NA;NA;NA;NA;NA;NA;NA;NA;NA;NA;NA;NA;NA;NA;NA;NA;NA;NA;NA;NA;NA;NA;NA;NA;NA;NA;NA;NA;NA;NA;NA;NA;NA;NA;NA
269;268;-45.08784633;-34.15244205;798742.797;-5123.322818;-5174;-2466;0.312280407;0.311045271;-225562;-17.14518091;0;0;0;0;0.137097071;0.122405729;0.057228346;0.049444898;0.084243931;0.084074074;0;NA;NA;0.004060698;1.11E-07;0;1.06E-06;0;58.43232389;56.49354103;16.21606792;16.8890142;33.65593179;33.72626839;290.4393117;290.9895509;222.208789;222.4033257;27.07185308;27.04317474;0.013580483;0.013556291;1.605572555;1.600063903;34.67093155;34.66927504;34.40213311;34.42454412;12.05408729;12.25122344;9.931596974;10.06240519;-0.158983354;-0.182414364;14.72740056;14.53750978;20.21334758;5.894086407;6.191360886;1.008971821;8.833314154;8.787671713;5.963887222;0.257365642;0.243563363;0.850192905;176;52;25.74745957;192.25;144.6348325;19.93307593;69;39;31.37629179;85.42857143;90.97559889;24.41538462;170;91;37.53931135;315;245.4475438;47.53289474
405;403;45.08784633;145.8475579;798754.8331;-2441.757785;-1838.5;762;0.627336101;0.584137517;-11977189;-1008.011193;-328;-361566;-10.95422183;0;0.070195207;0.046994463;0.033009905;0.011631674;0.110884651;0.108233194;3367124;22.04625156;18;1420.639269;0.043966306;0.005749275;0.047149991;0.013352756;27.0202963;28.1936269;6.464626045;5.754126178;33.18556802;36.5313282;305.5494532;317.4268154;145.8460882;157.7422184;27.34034604;27.34809802;0.16797747;0.013548172;3.219424811;2.985620034;34.2151999;34.55201728;32.66809782;32.5621534;9.563723845;9.297031027;7.1617734;6.472606463;1.563316165;1.539165893;17.35119581;16.96922095;23.77001912;-0.590254929;-1.212589692;-1.868125732;17.94145073;18.12625558;11.60752474;1.527283308;0.154164747;22.29230486;11272;695;29.83065209;976.96;1019.048999;12.35214656;830;287;39.09855566;574.3;668.6664068;64.91707501;2490;804;44.14832388;1369.030488;1531.17742;145.6242954
191;189;45.15698896;25.91650521;798765.3547;-736.0619397;-97;625;0.647778536;0.304661934;-1760577;-717.4315403;0;-148751;-21.83981794;0;0.051913331;0.041945618;0.006372722;0.004230334;0.140891215;0.11735247;26413899;25.6699829;26;0.006983804;1.12E-06;0;7.89E-06;0;18.40998769;19.92522569;0.676643218;0.086614537;1.133687846;0.189763861;281.734419;277.2342905;126.6822388;116.7929269;32.50217607;32.64595229;1.737656766;0.101725424;3.440668565;2.159350149;20.54144588;21.18800689;17.94809459;18.45808307;17.7067223;16.46441584;15.11136708;15.12949027;9.262193337;8.884006578;25.78581212;25.73334557;28.33209688;5.477757021;5.913153472;0.888910804;20.3080551;19.89990065;11.14184974;5.231976633;0.771922105;27.29251915;114459;945;30.29263808;1482.263158;1433.532616;25.66120578;71;24;17.99834965;119;163.0414348;3.436264485;124;8;3.822580645;29;NA;1.122663551
608;609;-45.15698896;-154.0834948;798782.3812;-4900.416939;-4972;-534;0.330545605;0.327709974;-356411;-27.07261679;0;0;0;0;0.040774048;0.040151937;0.007286187;0.004920158;0.064651709;0.064125891;0;NA;NA;0;0;0;0;0;62.28695315;54.44527327;10.50625971;10.7213078;33.19447658;33.15881259;274.5764336;275.1233452;202.6450891;201.9450438;27.90231768;27.6612802;0.013589814;0.013562256;1.652646909;1.650890416;34.7127329;34.7131551;34.51150282;34.50870334;4.570788099;4.451963755;11.78941914;11.61164363;0.754223768;0.775787937;15.7014842;15.59601277;19.74292293;8.625027583;8.460318699;7.552224346;7.076456618;7.197964913;4.467847473;0.161596109;0.130890548;1.425049141;901;31;10.6251059;36.25;37.60967341;1.799160481;39;24;NA;NA;NA;NA;201;45;18.20355951;70;76.84570313;7.275526742
266;265;-45.33866628;31.6807704;798795.7638;-4478.90949;-4696;358;0.32227919;0.318007867;-5770224;-436.6750416;0;-118;-0.003214033;0;0.155772902;0.130619306;0.022895471;0.015488669;0.073415197;0.07074078;0;NA;NA;0.006043724;1.65E-07;0;4.46E-07;0;65.42098315;66.01669018;15.56026682;16.15826922;32.15747313;32.67399783;296.2066388;299.888515;217.7563955;217.1491381;26.03343604;25.67083286;0.013717407;0.013613037;1.537726701;1.525096011;34.70818171;34.69586995;34.24488542;34.01738125;13.8060787;12.25638669;8.828704051;8.033790632;0.350677299;0.068775188;12.45529683;10.87661613;23.24655104;5.567437493;5.50116165;-0.514615729;6.887859339;6.469967471;7.970779442;0.508742146;0.463375305;3.281360518;6158;419;29.41932876;666.2380952;663.1256523;22.68537524;1434;226;31.35826838;315.0638298;336.7808562;32.20604542;160;97;42.52799842;133.4285714;142.3853211;77.10843373
444;442;45.33866629;-148.3192296;798816.1567;-4893.956337;-4920;-2658;0.282003956;0.302738326;-44826;-3.392054484;0;0;0;0;0.063337555;0.063661396;0.002395296;0.001963737;0.08180877;0.081855904;0;NA;NA;0;0;0;0;0;36.29635641;36.74481936;9.224159452;9.853595817;37.52898922;37.63446953;285.4863501;287.112736;143.9564137;143.7062531;25.10939157;24.67464656;0.013548172;0.013548172;1.604923094;1.625787619;34.68552529;34.6854284;32.65919056;32.60363776;11.55955;11.91369565;10.77571112;10.60876441;1.072925619;1.076298487;17.46756938;17.38326828;21.61398664;6.654536985;6.541739914;3.60744533;10.81303239;10.86946162;3.427927791;0.038597123;0.032134068;0.077268138;5355;280;35.42795077;368.0285714;367.7920416;37.0694826;7;3;NA;NA;NA;NA;41;29;NA;NA;NA;NA
562;562;45.41530646;-116.5356898;798819.4639;-15.11764706;-1;139;4.716313716;4.712682844;-660;-38.82352941;0;-555;-11.5625;0;0.016692294;0.017364416;0.002925382;0.002444914;0.292501375;0.300722498;13219588;9.995620542;8;0;0;0;0;0;10.67092454;10.67491476;5.842179922;5.818773816;26.60694127;28.26963491;315.1124647;315.0808372;55.68646819;50.37756003;29.00565917;28.98515414;0.574325136;0.027824246;17.43448243;17.43014966;33.78410203;34.09309154;25.8561874;25.8559521;40.85092792;40.71629165;10.72223872;10.72274281;8.346323593;8.259469679;17.46269669;17.46870454;17.48770218;6.110390599;6.110513643;5.985525733;11.35230609;11.35757817;0.097489752;2.719966277;2.449548175;8.60998532;3007;663;48.45835045;1217.891566;1099.44002;210.9916929;1275;198;33.55887939;298.0882353;313.1948212;42.36818786;25;6;NA;NA;NA;NA
74;72;-45.41530646;63.46431015;798821.4492;-3832.675079;-4420;-10;0.329996399;0.325248398;-6186217;-467.4487683;0;-10831;-0.294656945;0;0.210646873;0.195114546;0.034479259;0.028865979;0.072813701;0.074156154;0;NA;NA;0;0;0;0;0;86.71288227;74.94647632;16.98688453;17.82357431;32.46413994;32.78806367;294.8974068;297.2532149;219.596788;221.285325;25.81753633;25.43066764;0.014606184;0.013559495;1.521269676;1.501244982;34.66879384;34.68938016;34.32462651;34.02709176;18.73163625;18.52163879;9.375218322;9.054175838;0.584834079;0.218835448;13.06348334;13.75181494;19.53544683;5.774265915;4.775933817;1.133681797;7.289217423;7.386971515;8.286779564;0.594901418;0.489316343;4.045018402;28891;244;22.65487979;300;280.8543065;15.7129657;5710;195;25.76000414;233.6756757;248.3844169;23.33103869;830;180;32.25031331;282.6923077;313.7595577;35.31009739
420;418;45.54315827;98.13133417;798828.7149;-5533.657541;-5600;-1791;0.339699921;0.322865881;-130003;-9.804147813;0;0;0;0;0.066263355;0.064805605;0.007643399;0.005643543;0.084974121;0.084881666;0;NA;NA;0;0;0;0;0;42.28340684;41.67222971;13.53378951;14.45569654;37.04044229;37.03227979;299.6843275;303.4764591;155.8680436;156.0116722;23.50946965;23.19265812;0.013548172;0.013548172;1.746345411;1.683927331;34.6871322;34.68740941;33.09268959;32.95205602;17.81965235;18.35210017;8.509854646;7.94312225;1.043812776;1.041267775;15.73803748;15.3039288;22.64793398;3.846860924;3.469150537;1.666552475;11.89117656;11.88362623;7.867471669;0.055274449;0.04769339;0.352817969;1216;101;25.01106505;113.65;117.7048666;8.144172725;30;21;NA;NA;NA;NA;12;12;NA;NA;NA;NA
263;262;-45.54315827;-2.805795615;798849.4571;-3783.124811;-3905;13;0.331743927;0.323799597;-8100947;-610.9311463;0;-4412;-0.119712386;0;0.161160479;0.152856081;0.020703341;0.015392815;0.072589322;0.072558134;0;NA;NA;0.201054523;5.46E-06;0;1.38E-05;0;64.86973523;64.30125931;16.0902526;16.38558313;30.65418677;31.15644745;299.1101346;296.1084509;214.3497432;214.1881685;24.42099236;24.09084669;0.017695458;0.013560919;1.515347914;1.495260493;34.72177424;34.72232501;34.01239166;33.91905119;12.45063733;11.74746314;7.088206733;6.674526435;0.847107913;0.724704817;9.796595022;9.594537753;16.15385635;4.486844319;3.816895609;-0.526012022;5.309750703;5.215038467;5.019360566;0.391254713;0.348352714;5.547952896;4560;95;20.30061843;122.6;122.5465128;10.97064134;1476;74;21.27317138;97.75;91.37818196;16.72225975;162;57;30.21886907;89.5;81.34374314;28.21935484
182;180;45.62996558;38.9125825;798855.205;-1232.702947;-1720;1210;0.337823115;0.175276854;-5296693;-1229.216291;-1720;-71442;-5.982916004;0;0.042332745;0.038500155;0.004086449;0.002713478;0.144288966;0.11348374;20507835;22.26909796;22;0.252789158;2.24E-05;0;0.000161451;0;17.31982061;18.38650516;0.158619292;0.048207442;0.187333999;0;272.6544997;272.2367334;72.49816632;0.963887629;32.49592755;32.906711;0.74077144;0.018788726;2.329043972;1.680337217;20.21996097;22.43240445;17.16734002;18.64568169;15.48603678;15.24772025;15.56194999;15.45837226;9.815000801;8.953523214;26.86064267;26.76447994;28.97286832;5.782538216;6.558987295;-0.134433519;21.07810445;20.08852437;9.411981656;5.188881341;0.071630302;27.50805119;100107;631;22.10662842;852.2638889;807.017402;14.79054852;133;11;9.399643098;11;11.43537415;6.697841727;1026;2;1.048732943;2;NA;1.001951218
599;600;-45.62996558;-141.0874175;798858.3689;-5047.252334;-5054;-2305;0.332470141;0.32100998;-35023;-2.636479976;0;0;0;0;0.043785156;0.043290397;0.004046156;0.003168026;0.061974623;0.061164624;0;NA;NA;0;0;0;0;0;65.30966829;55.3913488;12.29845946;12.7075932;33.42132738;33.43153557;280.2139601;281.1879376;199.6686881;200.0085765;27.28419856;26.91754913;0.0135719;0.013548208;1.653942474;1.624173897;34.71117191;34.71102331;34.384107;34.3802813;5.704634329;5.799341283;10.87080783;10.68876352;0.778196539;0.763138556;14.65522345;14.58367932;18.663078;7.843891432;7.632803458;6.697731544;6.811332021;6.951313442;4.47955375;0.071665751;0.069660984;0.351769444;650;34;15.76119469;34.42857143;35.37084855;4.26845285;30;22;NA;NA;NA;NA;94;57;36.8905962;102;112.9525143;39.8018018
590;591;-45.8616896;-127.9974447;798899.366;-4453.381245;-4484;-1477;0.329414568;0.313319528;-433642;-32.53128282;0;0;0;0;0.050491566;0.050325334;0.00355833;0.002988269;0.061100407;0.060137933;0;NA;NA;0;0;0;0;0;67.44195554;54.6588251;13.52697306;13.80061465;34.07646343;33.76878799;284.5509414;285.0111271;189.1093639;190.4904993;26.98980163;26.63023476;0.013553976;0.013548172;1.632171479;1.609685743;34.70677796;34.7088436;34.29336381;34.30099599;6.416189987;6.348212611;10.1970032;9.999062379;0.961378952;0.932952014;13.93177577;13.76835503;18.12478071;7.323073755;7.063359899;6.261056533;6.608702015;6.718006692;4.945739047;0.087156533;0.081809395;0.294692443;329;30;18.21133925;31.42857143;34.28576583;8.516877803;64;36;31.00703624;59.33333333;66.35370471;24.09411765;132;64;32.94632994;176.875;168.5497306;31.11428571
173;171;45.8616896;52.00255528;798911.4683;NA;NA;NA;NA;NA;0;NA;NA;0;NA;NA;NA;NA;NA;NA;NA;NA;8140874;7.914249467;6;0;NA;NA;NA;NA;NA;NA;NA;NA;NA;NA;;;NA;NA;NA;NA;NA;NA;NA;NA;NA;NA;NA;NA;NA;NA;NA;NA;NA;NA;NA;NA;NA;NA;NA;NA;NA;NA;NA;NA;NA;NA;9;9;NA;NA;NA;NA;NA;NA;NA;NA;NA;NA;NA;NA;NA;NA;NA;NA
51;49;-46.31451427;106.3074776;798983.1102;-3593.838861;-3616;-2408;0.355022166;0.349758443;-18215791;-1354.535321;0;0;0;0;0.17374971;0.169007371;0.023513733;0.019923714;0.067522194;0.067566371;0;NA;NA;0;0;0;0;0;106.1801137;106.4141354;17.37459737;17.40822343;32.22517905;32.19889941;295.8706439;295.5455334;210.7073831;210.8543826;26.06780706;25.74856548;0.013745308;0.013644541;1.5590654;1.554525404;34.72660559;34.72604416;34.29979366;34.30705333;15.29097998;14.59684423;8.31111464;8.888862173;0.874780122;0.856857594;10.77219697;11.2111876;16.33698409;6.184580998;6.402218025;1.320667549;4.587615968;4.58197102;3.505234152;0.358139875;0.343217077;0.683613838;20014;206;25.72546274;271.6190476;282.6586751;21.0929818;8;5;NA;NA;NA;NA;15;9;NA;NA;NA;NA
511;511;46.31451427;-73.69252244;798983.1577;-31.09198113;-22;688;1.488464977;1.382761836;-10578;-24.94811321;0;-32500;-27.54237288;-3;0.057312403;0.036510735;0.011728807;0.009894391;0.210705684;0.212609194;17777577;13.86758397;10;55.44647829;0.062229493;3.27E-05;0.071571937;0.000359823;15.04015566;10.99372239;12.30961248;2.786355651;10.3730837;9.846126087;310.4406183;294.0273825;116.8118061;75.98624486;30.80577261;31.01413952;1.341883206;0.206495529;7.186173167;6.905817506;31.39465961;32.8010891;25.7075565;31.53118269;10.96548457;8.391407185;8.117992712;8.746338542;4.859713348;5.752633917;17.97046993;17.95718399;20.78078662;0.687353943;1.254826774;-1.386960469;17.28311598;17.18110204;6.650164052;6.288772623;5.171061513;20.19934134;122519;2421;48.3281552;3020.785714;3061.840651;220.820716;16106;666;41.22213494;849.0319149;861.161567;113.6986471;1;1;NA;NA;NA;NA
285;284;-46.43378238;-60.05101923;799007.439;-1496.82622;-221;212;0.533190219;0.545000317;-5068435;-387.6728622;0;-1290990;-35.55760597;0;0.112893992;0.07005048;0.06600195;0.03685215;0.11369155;0.119431581;448826;9.55904841;8;0.000630022;1.74E-08;0;3.32E-07;0;41.30904888;39.30163854;11.46590037;11.93765121;23.36930492;22.09250534;289.4970114;290.1406683;236.1680911;224.0653521;32.1423248;32.25067965;0.331745024;0.116609473;2.561754377;2.609841197;34.22360728;34.05827837;34.07189825;34.03567929;8.3307753;6.247042059;9.944401113;9.896407509;4.58125342;5.18973109;15.53105836;15.92945947;20.83179771;5.865051325;5.742222544;3.174919136;9.666007034;10.09757565;7.948694874;1.728712172;1.540346967;11.60926743;156416;1042;27.91971457;1617.122807;1641.492884;28.5324528;1079;431;44.0883694;812.0361446;927.9302359;146.981568;386;174;41.66974927;335.7;349.3280387;91.07334963
407;405;46.43378238;119.9489808;799014.5474;NA;NA;NA;NA;NA;0;NA;NA;0;NA;NA;NA;NA;NA;NA;NA;NA;21460544;15.92255277;14;0;NA;NA;NA;NA;NA;NA;NA;NA;NA;NA;;;NA;NA;NA;NA;NA;NA;NA;NA;NA;NA;NA;NA;NA;NA;NA;NA;NA;NA;NA;NA;NA;NA;NA;NA;NA;NA;NA;NA;NA;NA;NA;NA;NA;NA;NA;NA;NA;NA;NA;NA;NA;NA;NA;NA;NA;NA;NA;NA
418;416;46.72556224;86.99225683;799026.0223;NA;NA;NA;NA;NA;0;NA;NA;0;NA;NA;NA;NA;NA;NA;NA;NA;14065365;10.38020528;10;0;NA;NA;NA;NA;NA;NA;NA;NA;NA;NA;;;NA;NA;NA;NA;NA;NA;NA;NA;NA;NA;NA;NA;NA;NA;NA;NA;NA;NA;NA;NA;NA;NA;NA;NA;NA;NA;NA;NA;NA;NA;NA;NA;NA;NA;NA;NA;NA;NA;NA;NA;NA;NA;NA;NA;NA;NA;NA;NA
265;264;-46.55842981;20.53845698;799027.6428;-4718.413183;-4747;-2850;0.319804526;0.310863961;-324272;-23.9899386;0;0;0;0;0.160834679;0.168407102;0.024621208;0.018129232;0.071205609;0.069665375;0;NA;NA;1.027290279;2.74E-05;0;7.34E-05;0;68.95366815;69.57483668;18.15361013;19.32903181;32.71034565;32.70575801;309.7635511;315.1638598;215.2151507;214.7506907;24.60332159;24.03657492;0.013636731;0.013603254;1.510579405;1.491762567;34.68471213;34.68259347;34.06433735;33.82738697;18.27393361;17.46930313;6.864704922;6.070970282;0.097266486;0.055651771;10.20202226;8.91807072;23.70769402;4.071631613;3.817712279;-0.818540158;6.130390649;5.438013215;11.23065419;0.390015908;0.394017102;1.093893019;3080;74;20.00727554;124;110.9188203;16.44774256;80;52;35.68091031;169.1428571;204.2595663;25;65;57;44.8361249;388.5;452.5;47.47191011
310;309;-46.72556224;-93.00774317;799027.7158;-4274.576679;-4270;-20;0.311749112;0.308672645;-740623;-54.65852399;0;-396;-0.01051709;0;0.060201657;0.05966173;0.005189509;0.00385076;0.056687902;0.056661445;0;NA;NA;0;0;0;0;0;60.42855631;58.81614085;14.84358324;15.10781192;33.74973918;33.62433059;290.1253631;290.2820149;202.5966684;202.9963301;26.48398608;26.32361708;0.013548589;0.013548176;1.530049034;1.523251069;34.70904473;34.71009395;34.08374982;34.08572102;7.007046335;7.015835013;9.205118045;9.104482085;0.598169486;0.604132812;12.60711907;12.35585997;17.24086275;6.913724576;6.775467403;5.38270748;5.693394493;5.589385163;4.538697038;0.155435607;0.152397367;0.896463857;205;25;19.20201189;25.25;25.88304955;15.18792917;12;9;NA;NA;NA;NA;35;26;NA;NA;NA;NA
436;434;46.55842982;-159.461543;799038.6752;-5158.263594;-5150;-3304;0.301474696;0.303915736;-6749;-0.499297181;0;0;0;0;0.065189284;0.066310586;0.002387826;0.002001315;0.084126336;0.085431233;0;NA;NA;0;0;0;0;0;38.57884953;38.9621696;12.65493435;13.41798387;37.36725955;37.42544089;296.0185207;298.5420861;148.1605278;147.9130115;24.164923;23.89414718;0.013548172;0.013548172;1.641717479;1.642303205;34.68743517;34.6874511;32.73202542;32.67113594;16.14092295;16.92695011;9.007222902;8.746751945;1.042861529;1.041018485;15.75951136;15.53628772;21.59884686;4.786759945;4.763381434;2.523585408;10.97275141;10.73742601;4.498078162;0.021102961;0.018381398;0.056814428;3265;187;33.40217631;222.6896552;235.2382068;37.23614764;57;24;21.51745525;87.33333333;130.7592593;3.671186441;11;10;NA;NA;NA;NA
428;426;46.65122513;-171.1668218;799044.2305;-5519.929089;-5501;-2691;0.320534075;0.305510919;-22067;-1.631691807;0;0;0;0;0.061937207;0.064406721;0.005410422;0.004033525;0.085359871;0.085371277;0;NA;NA;0;0;0;0;0;38.74672165;38.79588916;13.54023984;14.77839511;37.09458386;37.10762586;301.4736451;304.5727344;154.5073537;154.6242978;23.71845776;23.49912409;0.013548172;0.013548172;1.699744044;1.662124986;34.68756692;34.68792001;32.82868184;32.74553475;17.28220908;18.62488183;8.20975868;7.778960643;1.053507395;1.054280121;14.53246545;14.09000642;20.36715073;4.005050935;3.615180812;2.569010308;10.52741451;10.47280147;5.050183151;0.047943575;0.043336109;0.123425551;2985;197;34.54376671;252.12;254.6314328;35.13509517;65;24;21.22552949;28.5;35.8573307;9.941176471;11;9;NA;NA;NA;NA
277;276;-46.65977109;-47.03293845;799046.2082;-5293.575641;-5566;-1283;0.336853284;0.331115292;-3369086;-248.9901707;0;0;0;0;0.125125584;0.090267095;0.101948888;0.092752869;0.088456331;0.088962891;0;NA;NA;0.278626219;7.41E-06;0;4.85E-05;0;53.18526029;52.05470988;16.02325632;15.23892315;33.55927588;33.7459626;288.3697279;284.5583906;221.4937147;222.8544146;28.09717338;27.68281088;0.013608648;0.013564358;1.71534958;1.682489309;34.67539897;34.67179693;34.46703934;34.50206634;11.88152644;10.31724685;10.6111286;11.06580854;-0.079991608;-0.185378999;15.66927003;15.93434679;22.54118745;6.258243087;7.033186244;1.04424097;9.411026938;9.121175959;10.07180384;0.215676005;0.153790774;1.335782832;1467;160;31.42526612;232.3333333;251.5568312;27.42388022;536;100;31.59702339;1426;175.1062429;36.65424853;926;262;37.00724854;475.2941176;569.9196135;56.52445616
264;263;-46.65122512;8.833178222;799051.4144;-4134.007025;-4335;37;0.317326373;0.315156781;-4900577;-362.3615055;0;-1055;-0.028047322;0;0.158113199;0.155477584;0.02182913;0.015242773;0.069742887;0.070007936;0;NA;NA;0.768815833;2.04E-05;0;5.53E-05;0;72.1077997;71.85956914;18.91137284;18.67047469;31.98335173;32.08579822;315.0327257;312.3219372;214.6547714;214.4327417;23.76318507;23.2057389;0.013779473;0.013571344;1.49022506;1.479510268;34.71248565;34.70691307;33.91744043;33.82222248;18.05794321;14.90294837;6.212152589;6.052507245;0.56956994;0.480203519;8.710718471;8.219384952;16.86368864;3.9517963;4.018339818;0.368654524;4.758922172;4.362690264;7.105977668;0.343651054;0.301203001;4.148673455;3445;89;25.59129298;117.1111111;118.5725176;22.91031638;21;16;NA;NA;NA;NA;56;44;40.092672;149;159.488;34.84444444
406;404;46.65977109;132.9670615;799064.2152;-1101.343681;-754;450;0.539121957;0.545781512;-1807315;-1001.837583;-572;-73699;-14.65771679;0;0.035321398;0.033177864;0.008417962;0.006306775;0.110870956;0.104810725;15918764;13.49909222;14;37.57531959;0.008004968;0.003925;0.027000449;0.01756412;26.78874225;20.6472939;0.85884598;0.860797028;19.59668984;26.06918279;302.8879354;302.1664818;232.0160983;217.6420846;29.86219583;29.88017674;0.235089911;0.013558077;3.186453902;3.199451403;34.02463498;34.07570692;33.17529628;33.27472745;4.11902782;3.629561208;8.522403505;8.71688269;0.824620097;0.153006543;20.85615579;21.21841559;24.87722682;-1.137898444;-1.366840491;-2;22.02054061;21.96291618;8.572885617;2.252813956;0.348727044;25.76988024;515;115;22.71638352;277.5555556;335.8641529;5.000942774;521;277;42.67505394;636.1;752.6581844;94.54580286;1067;185;34.38504543;276.9354839;285.848454;41.17351995
47;45;-47.80824567;159.9112125;799218.5114;-4319.661604;-4575;25;0.357873083;0.362191188;-3731423;-269.8649743;0;-10244;-0.266666667;0;0.062488529;0.046173501;0.012594645;0.005669038;0.077472801;0.077160145;0;0;0;0;0;0;0;0;96.89029465;96.23884559;12.53458899;12.83614989;33.38642576;33.58951348;279.1355896;279.7593644;203.8395416;202.8245982;26.80948922;26.59839666;0.016322345;0.013602492;1.645494965;1.634579147;34.71436974;34.71773174;34.61074696;34.59005175;7.334304006;7.174218403;10.81368653;10.682582;0.897736658;0.620274967;13.89082943;13.73935954;17.75007278;8.585072689;8.591003616;5.257694674;5.305756742;5.268652726;3.623783708;0.197082347;0.12205143;4.268823992;4295;631;38.79167736;1218.14433;1276.413055;47.40179565;2615;665;40.88891173;1123.226563;1201.84992;72.70453458;11707;1189;39.2629411;1719.293333;1808.653049;80.9799863
479;479;47.80824567;-20.08878753;799228.8711;-4120.290302;-4207;-1435;0.349312209;0.349935039;-6481503;-468.7569972;0;0;0;0;0.052830308;0.046707943;0.011683829;0.009806972;0.084100916;0.083827763;0;NA;NA;0;0;0;0;0;81.00842013;80.73738697;2.356468808;2.319949867;22.03947125;22.71119482;254.8084311;254.8810836;246.8584355;243.420852;26.76392616;26.69945233;0.013573004;0.013548234;1.714841906;1.696508621;34.91976131;34.91643916;35.65939776;35.66370752;1.644656241;1.603024473;14.58729337;14.58961885;2.25624912;2.16364777;19.27402609;19.56219609;21.66933133;11.67840773;11.77166901;8.703866716;7.59561836;7.659090976;3.139105816;0.206379385;0.146304746;3.390404205;52810;290;26.27717443;358.4666667;367.6139958;24.37093597;997;253;42.85704694;319.0714286;304.3230064;113.7440211;4486;822;46.16161483;1109.425806;1173.858475;272.8038716
463;462;48.50308283;3.23171869;799389.7237;-27.52393617;-28;127;0.916824225;0.833571416;-153;-0.067819149;0;-187977;-29.97560198;-28;0.029021816;0.0247756;0.012891651;0.010186603;0.160558028;0.153862137;32952424;27.33887759;26;0;0;0;0;0;20.29894216;19.34277744;1.801861088;0.638968278;1.081673166;0.702852192;269.4506725;269.8509656;268.1111291;270.7516774;28.66372352;28.93719014;4.095287222;3.569550505;4.047975767;3.689631102;34.5840356;34.64148819;34.14579051;34.38020707;4.080170736;3.794563246;13.10572059;12.97803559;11.88851972;11.74265949;20.0674374;19.64333214;25.62528338;6.580625929;6.28607428;3.995218491;13.48681147;13.90146727;9.571353766;11.04430197;11.46304822;16.36639357;1414887;6266;46.72009087;7443.489396;7388.46867;105.4121035;1;1;NA;NA;NA;NA;2;2;NA;NA;NA;NA
37;35;-48.50308283;-94.44921443;799391.9066;-3971.601683;-4738.5;145;0.36940062;0.363327878;-7590484;-541.2495722;0;-9444;-0.242508281;0;0.105013937;0.085601633;0.037225679;0.029488068;0.074419469;0.074243695;0;NA;NA;0;0;0;0;0;71.88235836;75.92105746;15.56092522;16.33561992;32.35978091;32.96724255;287.0487186;288.771195;209.0607986;211.2262351;26.68162525;26.52125739;0.016783042;0.013855456;1.722554453;1.70957244;34.65490049;34.7098061;34.43390555;34.35748225;11.35862923;12.07183358;10.22396686;10.15917877;1.324757585;0.608375834;14.00862822;14.53212578;17.56567081;7.329613398;6.995650851;5.332790437;6.679014823;6.668304328;5.291123998;0.362667664;0.143386267;6.245712353;6600;907;34.58266579;1312.14359;1424.462989;16.55639207;6567;872;38.21944319;1306.532164;1431.84229;56.12163128;29575;1968;39.26683685;2870.886792;3073.696986;82.28958702
413;411;49.14675179;156.1315171;799507.4815;-3309.349032;-3392.5;805;0.615002024;0.496791831;-8380816;-614.7899061;0;-137696;-3.636594126;0;0.047567476;0.032992934;0.026624567;0.013730614;0.10363275;0.101393517;399302;5.827950084;5;166.3870413;0.004428839;0.00030825;0.00619478;0.000962384;37.90098992;38.31308142;17.45227834;17.34141569;37.6764101;36.57905013;321.7655828;321.8787221;121.2621259;157.8794024;23.88221324;23.78516589;0.072223959;0.013548172;2.895646465;2.45283255;34.40752458;34.6675423;32.77656052;32.80868492;22.70131909;20.9376867;5.143443038;4.926455492;1.588263584;1.060720742;12.94498358;12.51958274;18.22239159;-0.214391969;0.026619035;-1.817994895;13.15937555;13.00657903;7.050789556;0.500728432;0.063124946;14.81117738;2948;245;21.99473758;362.4038462;402.761958;5.104588001;476;185;35.30282894;372.2857143;433.7578757;31.15731573;2183;639;44.19621692;903.6428571;1030.665711;149.0845925
270;269;-49.14675179;-23.86848289;799508.3599;-4271.365594;-4350;-1451;0.316604439;0.317215349;-2834936;-199.545013;0;0;0;0;0.140308882;0.136884384;0.029943754;0.024579049;0.078771805;0.077282274;0;NA;NA;4.163170342;0.000105514;0;0.000300707;0;61.41749312;60.8902311;20.69175683;21.20763452;32.88646278;33.00701774;320.2118823;320.5830914;223.5071143;221.6991029;23.33228052;23.31258703;0.01378507;0.01359936;1.503681116;1.500124608;34.67470184;34.67258137;33.9300013;33.86222957;19.48098888;19.09016967;5.066438358;4.733028626;-0.072589933;-0.132218265;8.549238705;8.193828066;14.8434943;1.981114822;1.756641987;-1.649264398;6.568123883;6.453821156;6.000826776;0.315064185;0.257341799;1.092269488;54;15;15;60;48.66903283;5.460674157;53;35;33.51737386;89.16666667;104.1824417;23.21487603;98;67;40.40151926;150.1538462;148.5166292;51.08510638
43;41;-49.59665667;95.2961862;799586.5107;-3563.583101;-3581;-1602;0.376785415;0.378888591;-19706453;-1374.996721;0;0;0;0;0.153244262;0.150744347;0.031552697;0.02736596;0.070007647;0.069532075;0;NA;NA;0.283158736;7.11E-06;0;1.82E-05;0;94.43489409;91.60364881;20.82871225;20.65784604;32.01443205;32.01787877;309.6469428;309.0104422;215.4063522;215.1965476;24.7247347;24.81881036;0.014633635;0.014504061;1.518639129;1.514828564;34.7103137;34.70465927;33.99413077;33.96988812;21.48810965;20.49270197;5.624537576;5.733172092;0.536362566;0.44229221;8.012777913;7.979365721;12.76880759;3.303890662;3.154476208;-0.170890536;4.708887251;4.648371442;4.545095132;0.559352708;0.557599913;1.07527794;7438;102;23.17364281;123.375;119.6051675;19.20574688;7;5;NA;NA;NA;NA;13;10;NA;NA;NA;NA
510;510;49.59665667;-84.7038138;799591.3942;-14.04694836;-4;72;0.620696412;0.597659025;0;0;0;-35604;-15.11205433;-4;0.022259028;0.020189534;0.02102454;0.017736156;0.222989512;0.225189833;6066399;5.199140733;4;966.8720213;0.466187088;0.472985597;0.503662959;0.462483211;10.61849275;10.54085652;6.157831815;3.406766386;5.339002249;4.367807706;351.9385245;354.6785502;316.4065958;322.6686849;27.23373174;27.51760235;2.724018577;2.386272908;2.975680014;2.978128659;26.19575614;27.54161008;20.34411859;20.3970637;57.72024245;51.01435805;2.398685597;2.379052661;2.012380902;1.628306913;10.99299499;10.79914795;13.29882484;-1.341860012;-1.297486144;-2;12.33487102;12.21895896;3.34282656;8.301700465;8.270915224;12.68025681;25;23;NA;NA;NA;NA;3;3;NA;NA;NA;NA;NA;NA;NA;NA;NA;NA
503;503;49.88459505;-61.08304766;799638.6541;-135.935685;-105;668;0.665179613;0.586997509;-780150;-118.6179109;0;-489386;-26.74971304;0;0.067419305;0.051501112;0.017225981;0.010150221;0.137133761;0.124800786;4847394;5.673069563;4;1493.807763;0.091949265;0.087960932;0.101732579;0.099458836;16.78245155;16.99270018;2.584046121;1.301336075;14.25275143;13.27414311;331.1645624;330.6105162;196.8733789;188.6087324;28.79883493;28.7261557;0.593822362;0.088767841;3.629256283;3.25735343;33.19035172;33.5034552;30.04511409;30.90772817;4.852749681;4.425540156;5.681515103;5.879380715;2.752042824;2.36467784;16.940278;17.2371409;21.08756815;-1.581395472;-1.640353464;-2;18.52255315;18.75444071;9.429504997;4.207238627;3.317906086;21.65972766;732152;2007;36.80707189;2514.609375;2499.137668;26.60041195;227926;1365;40.35842863;1759.842857;1759.208685;98.42461702;1814;272;40.09501666;347.3076923;366.2605116;94.95573383
50;48;-49.88459505;118.9169523;799653.1488;-3909.392107;-3906;-2168;0.3460107;0.345922128;-7108901;-493.0915586;0;0;0;0;0.183112979;0.181927125;0.027889447;0.02249506;0.066172957;0.066159623;0;NA;NA;0.001257584;3.14E-08;0;7.02E-08;0;96.58770563;94.79285177;19.78914275;20.13911892;32.58866809;32.58452753;305.6989164;306.8850006;217.2796378;215.6568211;24.96103205;25.03159254;0.013717472;0.013698202;1.484290092;1.480825422;34.70480441;34.70729394;34.09205931;34.05601645;18.45678245;18.36591745;6.432094808;6.639115662;0.406913322;0.496697348;8.809353631;8.977803809;13.10969238;3.981042888;3.891193653;0.20374781;4.828310743;4.848790952;3.477435982;0.425727682;0.42319664;0.872732186;18714;118;22.58104461;158.625;143.692614;18.62313138;49;35;NA;NA;NA;NA;156;74;36.02592769;164.3;138.1023598;45.40298507
48;46;-50.13389955;146.9298255;799692.4477;-3690.692971;-3914;-777;0.364907835;0.361120508;-11786058;-812.9997931;0;0;0;0;0.181547829;0.169335255;0.039464797;0.03052426;0.069733601;0.068706515;0;NA;NA;0.017931063;4.45E-07;0;1.12E-06;0;113.7890457;110.6254327;17.26396859;16.92148497;33.03817677;32.9479314;294.9659363;291.4783045;208.2075085;210.8366069;26.17687398;26.11929214;0.013891659;0.013827414;1.603085758;1.585762852;34.70750591;34.72135248;34.33178767;34.37306058;14.3194091;12.94613289;8.46497779;8.932060031;1.00684849;0.826577222;11.20055168;11.31071914;17.40181257;5.952144346;6.485843962;-0.072348001;5.248407333;5.202508264;5.85791822;0.339487277;0.256685183;3.416546084;29000;315;26.5067925;381.5;384.9076295;21.8918847;213;47;24.01185486;89;69.07534247;13.00343938;1864;568;44.26075223;922.3846154;953.4632673;150.7766013
487;487;50.13389955;-33.07017454;799699.7088;-3518.809823;-3590;-745;0.312286161;0.307056168;-18829506;-1298.855349;0;0;0;0;0.084894689;0.083277045;0.013156749;0.009064693;0.090514269;0.090508711;0;NA;NA;0;0;0;0;0;69.2308295;69.88754534;3.598089673;3.40140398;17.53191917;17.43480095;273.9202157;272.3245411;277.3151428;278.2793691;24.48160177;24.36147788;0.014003066;0.013716177;1.569300772;1.546198239;34.92433361;34.92249654;35.18688394;35.21232469;2.153968125;2.154611533;12.30024624;12.59411316;2.423434208;2.458454017;17.38987985;17.70676568;22.10210928;8.597421565;8.68252536;4.294907545;8.79245828;8.774814337;5.318608053;0.354286523;0.336746348;1.694912585;21534;256;24.26593284;422.4347826;359.5297242;17.81448536;1268;324;43.33280437;526.7083333;505.0219661;140.8395235;5083;730;45.15165736;981.9459459;962.6528739;214.4905568
417;415;50.50354257;99.27739731;799712.2256;NA;NA;NA;NA;NA;0;NA;NA;0;NA;NA;NA;NA;NA;NA;NA;NA;11314852;7.804681076;6;0;NA;NA;NA;NA;NA;NA;NA;NA;NA;NA;;;NA;NA;NA;NA;NA;NA;NA;NA;NA;NA;NA;NA;NA;NA;NA;NA;NA;NA;NA;NA;NA;NA;NA;NA;NA;NA;NA;NA;NA;NA;NA;NA;NA;NA;NA;NA;NA;NA;NA;NA;NA;NA;NA;NA;NA;NA;NA;NA
319;318;-50.32881721;-105.1713132;799724.9317;-3934.455751;-3971;-1318;0.351196569;0.362209435;-7828882;-537.9196097;0;0;0;0;0.069255069;0.065705909;0.004952289;0.003959973;0.060276009;0.060015545;0;NA;NA;0;0;0;0;0;109.5406048;98.27639939;17.83136086;17.97066158;33.98596612;34.01050362;299.9925119;300.6607624;192.242291;193.8764888;25.37470194;25.38828158;0.013551257;0.013548172;1.570940459;1.569071002;34.71061285;34.71045325;34.21083708;34.22238385;10.94475694;10.9589215;7.719668978;7.566596287;0.821604043;0.737069394;10.0327448;9.787237591;12.97822652;6.078035744;6.01635065;4.866222996;3.954709056;3.793631297;2.44689977;0.212018353;0.204272618;0.534074992;146;28;22.14213617;30;30.12342135;20.57528958;129;46;30.51630122;54.27272727;54.83902174;32.31262136;153;63;33.65056467;109.5;97.98130366;39.60913706
302;301;-50.50354257;-80.72260269;799725.4273;-3808.487691;-4090;670;0.395700481;0.331361654;-3046724;-214.9061155;0;-62601;-1.590310944;0;0.060611602;0.057180192;0.00921962;0.00520773;0.071706435;0.066347969;317852;5.700665387;6;0;0;0;0;0;67.62148535;63.17896883;16.38737741;17.037962;32.5869157;33.13637564;297.317714;298.6459192;202.798234;204.613803;25.27249444;25.52630916;0.074599583;0.013551927;1.758421333;1.531831993;34.65683087;34.71151806;33.94190287;33.99326499;8.458575001;8.569386587;8.114493816;7.995317649;1.133992387;0.752854501;11.24361923;11.04687024;15.78616206;6.054426033;5.941243953;2.886014816;5.189193192;5.065291801;7.790283328;0.412589675;0.218768668;11.07678908;11837;448;8.920032109;723.1037736;854.7326134;4.8531913;859;395;46.02059303;647.2413793;694.9116822;207.9123697;460;233;44.2193131;424.25;475.3948803;129.97543
427;425;50.32881721;74.82868683;799729.4497;NA;NA;NA;NA;NA;0;NA;NA;0;NA;NA;NA;NA;NA;NA;NA;NA;16362940;11.40029081;9;0;NA;NA;NA;NA;NA;NA;NA;NA;NA;NA;;;NA;NA;NA;NA;NA;NA;NA;NA;NA;NA;NA;NA;NA;NA;NA;NA;NA;NA;NA;NA;NA;NA;NA;NA;NA;NA;NA;NA;NA;NA;NA;NA;NA;NA;NA;NA;NA;NA;NA;NA;NA;NA;NA;NA;NA;NA;NA;NA
506;506;50.78172649;-137.5978254;799819.4807;-3442.672012;-3666;649;0.331053353;0.309603444;-14867805;-1018.90111;0;-14811;-0.365315838;0;0.041368443;0.040858735;0.00466992;0.002991845;0.087632163;0.083323921;111476;6.072008279;4;0;0;0;0;0;37.15573522;38.15905988;9.084368538;9.350195935;38.6572091;38.55631061;291.3809958;291.4685638;120.0327019;126.3650762;24.66993914;24.63922829;0.024500014;0.013548172;1.736944498;1.617518622;34.63197642;34.66743916;32.38319343;32.43106604;10.96916016;10.93690424;9.551339124;9.60405072;1.388856857;1.208255618;15.69977397;15.76208089;17.71793227;5.43500329;5.550423079;3.601786245;10.26477068;10.30949152;4.470920213;0.122353724;0.045588411;13.34570672;105237;2061;40.92299299;2748.574257;2741.076969;78.24872499;146496;668;20.81904425;1058.035294;1024.967496;15.18473914;23388;829;24.15971402;1309.473684;1339.175112;17.61606373
10;9;-50.78172649;42.40217465;799820.6136;-3871.097446;-4063;-18;0.339151961;0.335049834;-10621609;-723.296493;0;-5742;-0.140700809;0;0.140594833;0.137586116;0.026494628;0.022668016;0.067582053;0.067695669;0;NA;NA;3.623984298;8.88E-05;6.07E-06;0.000273125;9.89E-06;74.5903716;74.64610649;24.21401957;24.37142568;32.52238551;32.76091079;332.5662506;334.1223331;222.5875888;221.7108755;23.21887965;23.1979534;0.015624757;0.013874277;1.468109903;1.46546965;34.67888001;34.67869879;33.80903094;33.79601716;34.61378354;34.27673548;2.954607152;2.864787867;0.053607769;-0.039146036;5.161843931;5.059895677;8.615957153;0.936632235;0.844598768;-1.487352029;4.225211695;4.151386893;3.02570192;0.427427266;0.393143006;4.09445816;348;42;17.47757734;61.125;70.77106742;7.335190793;318;72;28.87760805;110.75;115.2453859;30.15026834;77;58;40.68084831;212.4285714;212.3578947;43.27737226
495;495;50.88334275;-46.95806393;799827.0399;-2501.242459;-3155;127;0.490568315;0.468334868;-12039087;-817.8727582;-223.5;-89493;-2.188413948;0;0.110978507;0.091063634;0.049626379;0.029124834;0.098878294;0.099425393;20934;22.41327623;20;550.4555262;0.013466472;6.81E-05;0.015942892;0.000198114;46.46712395;47.3885323;6.564083278;6.94799792;15.47159837;17.09105409;307.5334903;304.6557175;280.8120448;279.4064719;23.83140379;23.47591587;0.049834165;0.014605272;2.476683399;2.282870098;34.76261917;34.89465533;34.08434617;34.36716776;3.340804084;3.264570039;7.383753;7.159493014;2.354575674;2.109193364;14.22063588;13.88806127;20.44066822;2.503389998;2.555238556;-1.933995501;11.71724588;11.15034411;9.465440869;1.003613432;0.507474307;16.41423903;117527;558;28.09492723;740.0434783;752.9562714;22.11513254;211241;480;19.40689639;775.3095238;720.8337913;4.501052531;48016;600;35.4208031;771.4675325;788.1445591;59.27390076
49;47;-50.88334275;133.0419361;799839.8898;-3651.103383;-3678.5;-583;0.346736409;0.347214674;-16699760;-1134.340443;0;0;0;0;0.163961135;0.155572346;0.018566544;0.015503049;0.065749967;0.065666154;0;NA;NA;0;0;0;0;0;108.5738578;100.8041419;18.91040645;18.46278218;32.78526114;32.81781095;301.6217933;298.8274065;214.2581049;212.5114684;25.49784713;25.50666832;0.013642228;0.013605747;1.489359596;1.489639889;34.71499477;34.71962201;34.15216983;34.106795;16.4629265;15.18919151;7.087802038;6.990415255;0.711682766;0.817714379;9.319032711;9.365406966;12.77881276;4.950464634;4.50372693;1.606826236;4.368568077;4.374484845;3.244228463;0.461071328;0.46649037;1.744377;56144;179;24.32685021;206.1875;202.7629502;20.4597362;50;32;32;65;78.33194502;21.55172414;189;52;22.8741596;65.31578947;81.62747882;5.260050066
454;453;51.300037;16.29227757;799896.2485;-30.09946029;-24;137;0.871586156;0.800747893;0;0;0;-114954;-32.10108908;-24;0.034640067;0.031381549;0.024995331;0.018647754;0.220745138;0.20134883;37425783;27.24004804;26;0.411339038;0.000133378;9.96E-06;0.000507252;2.31E-05;14.51766182;13.81527567;0.619396694;0.382791984;2.131227615;0.766665039;338.8069161;338.8270762;331.9264095;346.0576403;29.93508377;30.025263;3.47510022;3.674380065;3.871237859;3.528930817;9.938396826;9.56456428;8.174159959;7.648463609;16.1939053;16.16660427;10.12657803;10.08929934;7.868984876;7.922253144;21.13558754;21.04655545;23.59299253;1.061301219;1.152183938;-0.251570567;20.07428632;19.82410649;5.429770864;13.29223096;14.19528882;20.03479713;720464;789;17.25474386;987.3733333;966.2904073;8.253814596;2;2;NA;NA;NA;NA;NA;NA;NA;NA;NA;NA
28;26;-51.300037;-163.7077224;799907.2756;-4932.951333;-5023;-2432;0.355328715;0.35298716;-36314;-2.444399569;0;0;0;0;0.131614346;0.13482222;0.025857373;0.018755714;0.070884552;0.070875184;0;NA;NA;0;0;0;0;0;106.9305198;108.0262215;16.74336074;16.96775589;33.09577113;33.09591037;292.9385608;292.8805951;210.2670192;210.4272775;25.92675969;25.96342873;0.013672458;0.013648459;1.580453903;1.579703017;34.7115537;34.7104296;34.36907602;34.37494999;12.27958017;12.35044556;8.893858571;9.0344544;0.566392793;0.542225777;12.07806124;12.29770647;15.57170443;6.299948409;6.418646247;2.929481008;5.778112831;5.798056169;3.152815663;0.122552069;0.101804767;0.505698466;574;41;15.37580121;56;67.74940468;4.61864977;105;32;25.25609368;33.5;34.77502296;23.50746269;126;68;36.19233365;154;148.1142368;42.44919786
35;33;-52.05798253;82.89032029;800028.6264;-3801.38175;-4007;-29;0.416477913;0.404805355;-9033265;-597.7544336;0;-2861;-0.068174236;0;0.143608709;0.142331055;0.04976515;0.041456775;0.072612316;0.072464522;0;NA;NA;36.93372535;0.000880087;0.000105245;0.00250591;0.000319231;73.90757441;73.17334188;24.62479929;24.74611577;32.29753676;32.3459576;325.4901351;325.7114144;225.7095932;225.4778994;23.84931508;23.80054046;0.018529728;0.017272568;1.658281877;1.595387318;34.69067973;34.68529507;33.83013757;33.83080172;36.15329333;32.85275417;3.104807677;2.840674824;0.128383258;-0.075391475;5.837812408;5.571576063;11.19398852;0.650297981;0.393153737;-1.743413484;5.187514427;5.163072097;4.344422097;0.394780313;0.369140796;3.482613917;32368;140;14.89544174;171;173.7889015;7.063883966;2313;62;10.37363147;76;79.63886459;5.079577984;184;42;20.3980457;57.54545455;64.9126268;9.998818665
509;509;52.05798253;-97.10967971;800042.7599;NA;NA;NA;NA;NA;0;NA;NA;0;NA;NA;NA;NA;NA;NA;NA;NA;9638774;6.615252843;4;0;NA;NA;NA;NA;NA;NA;NA;NA;NA;NA;;;NA;NA;NA;NA;NA;NA;NA;NA;NA;NA;NA;NA;NA;NA;NA;NA;NA;NA;NA;NA;NA;NA;NA;NA;NA;NA;NA;NA;NA;NA;NA;NA;NA;NA;NA;NA;NA;NA;NA;NA;NA;NA;NA;NA;NA;NA;NA;NA
421;419;52.11328727;167.9680603;800044.1801;-4333.422125;-4465.5;470;0.436924995;0.343650543;-7649666;-506.1311367;0;-37476;-0.89268955;0;0.047778732;0.037206137;0.016140443;0.009334397;0.097668801;0.094623029;28034;4.956506365;5;24.40090863;0.00058275;3.99E-05;0.001248033;0.000102259;42.23029325;42.0805348;20.10407162;20.13622764;37.50865301;37.03181206;318.8017902;318.1006223;141.0439763;155.8051185;23.20254798;22.86617783;0.020546995;0.013548172;2.084561045;1.715037876;34.64131274;34.68650103;32.88945039;32.89223551;28.06877818;28.31783943;5.455520772;5.433226547;1.209322539;1.060652986;12.13831062;12.14247421;14.28681112;0.984725965;1.139325797;-1.61296283;11.15358466;11.02009124;6.904976118;0.136004645;0.05364856;12.41443037;5299;536;34.73383474;811.3414634;807.2929346;24.74634107;2522;343;33.55936409;547.7058824;526.8971936;29.91310809;384;236;46.2450866;404.7868852;435.8717493;169.1009174
271;270;-52.11328727;-12.03193967;800051.0327;-3559.870241;-3649;-1070;0.318809296;0.318618952;-18730418;-1238.129164;0;0;0;0;0.105847648;0.095240493;0.015447491;0.011414358;0.073669418;0.073901079;0;NA;NA;212.9622536;0.005067996;0.000568675;0.010806898;0.001658457;65.24884744;64.98023168;22.9158417;23.05660188;32.56621965;32.81878693;343.7125887;346.1660997;220.2075629;218.0332518;22.34601777;22.27183775;0.013864724;0.013609134;1.469687612;1.460282109;34.68258831;34.6805533;33.76673431;33.76944749;28.3469346;27.48137499;1.873752122;1.662220838;0.040293131;-0.02773034;4.029932586;3.732631352;9.146302096;-0.250040676;-0.291234519;-1.906129925;4.279973262;4.147033305;3.694100544;0.306719916;0.240966393;1.133691713;5804;63;16.91483294;199;81.98951025;7.851173093;2409;50;18.20163716;65;59.01202832;12.55640372;72;57;42.35915493;156;160.4507042;48
582;583;-52.48917333;-118.9522016;800111.1263;-3273.261143;-3278.5;-1097;0.366419439;0.365336719;-33466724;-2193.676193;-2950;0;0;0;0.104306999;0.101807296;0.015052932;0.011833424;0.065384449;0.065455872;0;NA;NA;0.002681257;6.33E-08;0;7.56E-08;0;144.2803957;145.4109289;18.89006542;18.96065532;33.87398768;33.84044687;301.1304109;301.1610526;182.9037912;181.8353824;24.77206154;24.8289923;0.013698448;0.013586493;1.566972924;1.57310199;34.70643134;34.70763396;34.22994916;34.2296332;13.3994228;13.41336223;6.856963117;6.870337886;1.286111907;1.289840737;9.106285618;9.061292241;11.72345155;5.106912041;5.218665229;2.570302033;3.999373577;3.949672683;2.468195314;0.245967842;0.230793413;0.683414223;421;39;19.57485291;48.75;60.44598765;17.09005882;126;31;20.28359347;57.25;56.51198257;15.90781563;390;129;34.72996781;167;189.5377534;41.08589951
172;170;52.48917333;61.04779837;800124.0234;NA;NA;NA;NA;NA;0;NA;NA;0;NA;NA;NA;NA;NA;NA;NA;NA;24543235;16.08953558;16;0;NA;NA;NA;NA;NA;NA;NA;NA;NA;NA;;;NA;NA;NA;NA;NA;NA;NA;NA;NA;NA;NA;NA;NA;NA;NA;NA;NA;NA;NA;NA;NA;NA;NA;NA;NA;NA;NA;NA;NA;NA;NA;NA;NA;NA;NA;NA;NA;NA;NA;NA;NA;NA;NA;NA;NA;NA;NA;NA
190;188;52.53122753;30.83911738;800128.9758;NA;NA;NA;NA;NA;0;NA;NA;0;NA;NA;NA;NA;NA;NA;NA;NA;34353742;22.50894822;22;0;NA;NA;NA;NA;NA;NA;NA;NA;NA;NA;;;NA;NA;NA;NA;NA;NA;NA;NA;NA;NA;NA;NA;NA;NA;NA;NA;NA;NA;NA;NA;NA;NA;NA;NA;NA;NA;NA;NA;NA;NA;NA;NA;NA;NA;NA;NA;NA;NA;NA;NA;NA;NA;NA;NA;NA;NA;NA;NA
38;36;-52.62381203;170.3597157;800136.106;-2360.026538;-1256;347;0.40731328;0.363529598;-9246238;-604.3687823;-485;-71088;-1.672698181;0;0.136828919;0.078447092;0.046183389;0.027918025;0.06856254;0.067871164;0;NA;NA;0.02630443;6.19E-07;0;1.59E-06;0;125.3310824;120.4481058;17.21086454;17.09197753;27.69087616;32.16681944;295.0681555;292.1968569;228.9175669;218.2087697;25.40660018;25.57784887;0.064919796;0.015310325;1.697316137;1.533096867;34.53825581;34.47405891;34.29214369;34.32116323;12.8584202;12.36078008;7.950890205;7.956323071;3.685327973;3.253462963;10.3882296;10.2437248;13.63976579;6.187928325;6.445232943;2.403624577;4.200301276;4.138354399;3.498622422;0.893663847;0.826760334;4.476753912;58467;1532;22.49041935;2455.207547;2633.699434;6.630894009;46102;1090;27.24223913;1547.408602;1621.447764;14.11850049;52427;1763;36.10534192;2510.311037;2562.308725;58.28861408
600;601;-52.53122753;-149.1608826;800139.526;-4098.327091;-4120;-1111;0.368626404;0.366661303;-7308611;-478.5941327;0;0;0;0;0.162231955;0.156500788;0.022726032;0.016608345;0.068244177;0.068370401;0;NA;NA;2.035172489;4.80E-05;0;0.000165589;0;117.5022801;124.1775604;18.25627025;17.37135877;32.8211574;32.78160052;299.8233262;293.4452418;206.0716852;207.3616955;24.75422008;24.74183872;0.014432563;0.014228388;1.586318559;1.577739669;34.72056439;34.7206038;34.25084719;34.28481179;14.64942983;12.3079826;7.445957537;8.002466861;0.814282828;0.78497315;10.31449677;10.86282448;13.76831651;4.830658347;5.278159483;-1.341902564;5.483838427;5.442026017;4.049899974;0.25105125;0.242526832;0.716556797;782;30;12.28598504;45;45.80620574;4.970769931;57;20;18.63476257;47.5;33.16405617;12.26037736;113;43;28.81358619;81;62.65739227;27.81917211
470;470;52.62381203;-9.640284284;800139.7181;-1052.167741;-208.5;569;0.511723257;0.4539781;-10347440;-813.7338786;-154;-1073739;-30.42098255;0;0.039576713;0.031964899;0.016299201;0.010572913;0.106914678;0.095944295;7978606;25.98877532;22;0;0;0;0;0;81.28563239;84.47964726;3.063974367;3.598315592;11.97045196;11.02745698;266.3758646;264.8617479;244.9323663;249.3131474;27.26066124;27.2909827;0.511951259;0.165228218;2.327232145;2.126526878;35.11730676;35.1419135;35.19864577;35.42792803;2.477941024;2.255642128;12.71074635;12.65554199;7.756705037;9.96925238;17.04958327;17.02391364;20.90754645;9.495197369;9.694970385;4.473104575;7.554385904;6.877569436;11.22538758;2.698505636;2.077370116;15.8291225;2922745;6606;44.76610009;7640.472172;7518.555997;111.107003;201075;1019;26.59298865;1499.739437;1514.383604;24.27183112;46909;1842;31.67926896;2451.375;2527.58858;20.59269238
278;277;-52.93486977;-37.10521836;800193.8693;-3278.97198;-3383.5;781;0.410048265;0.360558702;-20652276;-1342.626186;-415;-51067;-1.195444543;0;0.140355641;0.112729053;0.040449927;0.031144659;0.08646103;0.084182926;0;NA;NA;92.26102701;0.002165548;0.000500565;0.007495113;0.001499679;52.9081087;52.5560275;23.23287932;23.3414396;32.74038188;32.76856717;339.7915313;342.3608755;223.4588373;222.5720806;24.02600469;23.99485028;0.018756663;0.013946158;1.854023693;1.675460847;34.65276886;34.67264346;33.85934563;33.85478229;27.09411201;26.22104479;2.382310621;2.061182966;0.167100386;0.014918261;5.567238636;5.144737947;14.43113089;-0.382844183;-0.595208156;-1.817118953;5.950082819;5.743504475;8.430592522;0.447218188;0.317522081;4.943789811;30653;1960;40.87131586;2645.588235;2632.405511;63.52888723;13311;1432;38.95123471;1889.657895;2014.215494;65.87465159;7102;909;32.07607301;1335.579545;1410.178473;23.57999172
414;412;52.93486977;142.8947816;800206.2869;-565.0958375;-319;843;0.524950473;0.389346316;-6004972;-551.7754296;-319;-504156;-16.6834111;0;0.036633913;0.017774239;0.02248586;0.009335226;0.130090602;0.119674108;3120251;6.466211581;5;6488.305139;0.220870954;0.199985204;0.227498729;0.198138104;27.72450788;31.13693636;13.52055066;15.75571825;31.94070672;37.94467253;332.38378;332.9306942;123.8039945;80.3759148;28.9070096;29.04482712;0.428499874;0.022448031;2.740248266;2.163007766;33.61301991;33.85563324;31.65655962;32.36164732;20.42507415;19.44156033;3.90579135;3.762663972;1.338398808;2.111325511;14.20114663;14.00801017;19.30005613;-1.77570749;-1.790137857;-2;15.97685447;15.82316993;7.180680595;2.181258779;0.771505275;21.52020672;870;128;21.55243013;266.75;288.2544862;5.478113601;192;51;26.24281876;64.15384615;70.97684163;21.71024735;389;85;27.96739694;160.25;158.3199319;25.9689377
591;592;-52.94759585;-133.8827565;800207.8675;-3852.688505;-3967;-152;0.361853388;0.365037262;-14654514;-950.6041775;0;0;0;0;0.143764913;0.119439176;0.023490049;0.015631571;0.066638991;0.066638906;0;NA;NA;0.496534556;1.16E-05;0;3.07E-05;0;130.6823319;135.5799622;18.6017051;18.35089768;32.93439948;32.89493577;299.6882643;297.3986046;198.9296787;198.4583371;24.15540839;24.23213613;0.014132456;0.013942136;1.527793503;1.532211133;34.71894605;34.71907066;34.21931675;34.2712163;13.75096536;12.94325912;6.874027474;7.356461935;1.010912248;0.991274592;9.398486956;9.795792044;12.25334035;4.715764782;5.210707351;0.086270722;4.682722174;4.667619412;3.475122202;0.214964972;0.151730451;3.14258906;513;35;17.31634627;39.5;47.68136161;12.04379662;381;113;33.89751284;156.75;174.9342668;40.71837307;1112;264;38.76418379;325.119403;351.0516666;63.43203037
181;179;52.94759585;46.11724349;800215.4986;NA;NA;NA;NA;NA;0;NA;NA;0;NA;NA;NA;NA;NA;NA;NA;NA;32763153;21.25404508;21;0;NA;NA;NA;NA;NA;NA;NA;NA;NA;NA;;;NA;NA;NA;NA;NA;NA;NA;NA;NA;NA;NA;NA;NA;NA;NA;NA;NA;NA;NA;NA;NA;NA;NA;NA;NA;NA;NA;NA;NA;NA;NA;NA;NA;NA;NA;NA;NA;NA;NA;NA;NA;NA;NA;NA;NA;NA;NA;NA
416;414;53.11946899;112.9280672;800233.3009;NA;NA;NA;NA;NA;0;NA;NA;0;NA;NA;NA;NA;NA;NA;NA;NA;9022287;6.029014125;4;0;NA;NA;NA;NA;NA;NA;NA;NA;NA;NA;;;NA;NA;NA;NA;NA;NA;NA;NA;NA;NA;NA;NA;NA;NA;NA;NA;NA;NA;NA;NA;NA;NA;NA;NA;NA;NA;NA;NA;NA;NA;NA;NA;NA;NA;NA;NA;NA;NA;NA;NA;NA;NA;NA;NA;NA;NA;NA;NA
294;293;-53.11946899;-67.07193283;800244.365;-931.5877901;-135;1260;0.886658594;0.697771391;-3438464;-289.1409351;0;-1039411;-31.54031255;0;0.138091079;0.079701539;0.054733682;0.029507624;0.101348265;0.104632822;3275677;7.609978046;7;0.007151365;2.35E-07;0;5.40E-07;0;71.3939649;68.96036511;14.40302715;15.67305666;21.83203324;20.64175307;306.3987503;304.6300823;254.8359227;263.3562172;28.43236801;28.78942654;0.649097713;0.331509129;3.583993412;3.023915718;34.10880205;33.99869127;33.87354004;33.92693246;10.91829688;8.521592094;7.118094091;7.221635111;4.846533603;5.945370346;10.30995275;10.08586475;16.06519599;4.607310617;4.739059532;0.619465041;5.702642138;5.177409558;8.002542661;2.593339761;2.236164461;10.8323331;45929;2513;20.5065307;3600.959831;3748.624693;7.345566444;3699;1300;47.41194491;2039.722846;2127.159996;368.1186204;1075;520;45.53772094;896.3306452;1022.886178;180.9339283
507;507;53.2358015;-123.818324;800249.8967;-12.05803196;-16;1827;1.177793733;1.041181565;-183510;-77.16989066;0;-124571;-18.92313535;0;0.031434676;0.024836192;0.017384084;0.010460393;0.17990826;0.162497353;8947513;6.447301181;4;0;0;0;0;0;18.64103887;19.23321046;2.081948128;2.102154388;24.22624505;28.17990567;294.2794023;293.2352866;107.2441856;75.71401086;26.65549556;26.3757987;0.551415679;0.051005121;5.313218206;4.771357049;33.2804709;33.66724385;30.12452336;30.92389511;24.95246962;11.16015526;9.927027125;9.97201736;7.071185164;7.030590243;15.96136047;15.89300151;17.80597305;5.579853892;5.700468867;3.50447851;10.38150658;10.34782897;4.84985594;2.812259268;2.23132135;12.86933553;733196;2972;31.91193496;4120.215026;4058.1009;29.96628988;147391;757;22.45775253;1124.692308;1057.117985;17.94952166;199;55;26.76008437;69.4375;81.558751;21.27941967
18;17;-53.23580151;56.18167602;800252.1269;-4563.146078;-4656;4;0.368926118;0.372065385;-1841451;-118.6043411;0;-560;-0.012987013;0;0.104111033;0.099881882;0.018656426;0.013955131;0.06481771;0.065059239;0;NA;NA;15.71861782;0.000364532;7.93E-05;0.001256784;0.000204725;86.70204759;85.33905734;26.6767351;26.98061653;32.87489066;32.88567029;338.9150341;339.4018646;236.1291546;238.0871324;23.10794004;23.10327081;0.013934077;0.013701095;1.495270692;1.487638458;34.6681478;34.66629509;33.8050831;33.8205005;42.90183886;43.1119266;2.305629872;2.213281095;-0.363952497;-0.448647164;4.403676967;4.203433497;9.193455414;0.416956065;0.466741362;-1.774932381;3.986720903;3.910302297;3.231214398;0.217083728;0.200671191;3.501250525;406;59;15.52821633;360;206.6725327;5.330358298;8;7;NA;NA;NA;NA;6;6;NA;NA;NA;NA
27;25;-53.4192193;69.7593945;800283.4784;-2558.971907;-2688.5;831;0.420332772;0.374385447;-15764227;-1015.736276;-538;-101110;-2.34371016;0;0.092150784;0.086509296;0.01663068;0.01125084;0.068391694;0.065007993;0;NA;NA;65.37722934;0.001523235;0.00011565;0.003428884;0.000302124;88.76698866;89.63074887;26.83814953;26.80078246;32.05988446;32.41776015;340.4482167;340.9312573;220.2880316;216.5964657;23.75859714;23.64162582;0.045835012;0.014131449;1.686334811;1.541714919;34.62107664;34.69093212;33.80340413;33.80093443;39.96393125;38.78122639;2.094082153;2.138401164;1.020276539;0.865999919;4.107279664;3.969084264;7.832358885;0.387456748;0.605052141;-1.823038964;3.719822916;3.598392432;3.943573912;0.530039255;0.374589194;6.094161958;135793;903;28.17065283;1222.659091;1253.077091;24.60996099;26764;535;27.59430049;704;720.1242077;16.6983937;2802;356;35.44483817;499.0434783;541.3341989;44.27503835
508;508;53.41921928;-110.2406055;800292.3064;NA;NA;NA;NA;NA;0;NA;NA;0;NA;NA;NA;NA;NA;NA;NA;NA;14082072;9.03271311;5;0;NA;NA;NA;NA;NA;NA;NA;NA;NA;NA;;;NA;NA;NA;NA;NA;NA;NA;NA;NA;NA;NA;NA;NA;NA;NA;NA;NA;NA;NA;NA;NA;NA;NA;NA;NA;NA;NA;NA;NA;NA;NA;NA;NA;NA;NA;NA;NA;NA;NA;NA;NA;NA;NA;NA;NA;NA;NA;NA
274;273;-53.97116242;28.91989736;800372.6218;-4784.647163;-5054;-981;0.391704764;0.394613685;-5264756;-333.3812057;0;0;0;0;0.115398774;0.104340629;0.03412381;0.028387295;0.067263696;0.067266682;0;NA;NA;1134.201062;0.025851915;0.001402081;0.031597978;0.004443818;71.56479543;70.44252613;27.45285837;28.05049263;32.89989043;32.97263035;340.5778593;341.899773;238.8858983;243.7116424;21.9147091;21.89481576;0.015398572;0.015179749;1.577381552;1.553438613;34.66179071;34.65932178;33.90372559;33.89722712;59.36393102;58.44950744;1.132692111;1.015877896;-0.474482358;-0.564853838;3.316392206;3.071967658;7.823528623;-0.993290568;-1.244543443;-1.910078291;4.309682774;4.188296456;4.742308098;0.240023291;0.134783873;1.163467823;6348;100;25.52325271;142;121.345125;23.95662529;365;58;22.39579492;79.08333333;91.31189772;15.69753741;121;46;32.18616444;49;50.14414414;36.8790932
445;443;53.97116242;-151.0801026;800382.7585;-3727.811842;-4282;773;0.393732553;0.325676579;-2903955;-186.2942648;0;-220088;-5.082511604;0;0.056221836;0.044954893;0.012728863;0.005589651;0.096666351;0.089279732;173996;4.762577325;4;0.405816196;9.47E-06;0;3.11E-05;0;35.54269816;36.14039746;14.46864573;15.52007375;36.08219493;37.49741086;304.147525;303.775819;147.2392967;146.2632758;24.83235592;24.47882456;0.061728708;0.013548172;1.935852085;1.660335397;34.46920861;34.68016709;32.521636;32.6100495;18.40506118;19.6377296;7.389970986;7.360713884;1.630987194;1.115053184;13.95382552;13.93140976;16.08926878;2.989485577;2.981496118;0.082667772;10.96433994;11.0079728;4.679099133;0.420923422;0.041919144;13.43277318;107282;1278;36.32357511;2016.377778;1895.186332;39.76058503;3559;397;31.63390106;686.6545455;674.2706179;16.31998768;4631;344;23.37061241;554.375;575.0362496;10.60382459
286;285;-54.0004014;-52.22149582;800389.9001;-2798.423366;-3021;434;0.480914113;0.415216524;-18374140;-1168.541084;-619;-141983;-3.249410688;0;0.168033631;0.152788318;0.057600131;0.046216255;0.076023506;0.073690505;142379;9.505875284;8;64.89141322;0.001492752;0;0.00365174;0;75.07763184;75.97667369;22.36852024;23.03566387;31.51678964;32.63927458;324.2330908;323.2315561;219.2080515;213.6783292;26.16754509;26.1578212;0.078372189;0.014440615;2.086070747;1.84294285;34.60774016;34.68919463;33.98969076;34.0171902;22.19772957;22.85404833;4.517676495;4.837402267;1.336243198;0.713066864;7.769290316;7.922497252;12.69845768;1.841639633;2.223915666;-1.896021964;5.927650683;5.891742803;5.659823326;0.647196867;0.492874024;9.116856926;6990;1246;40.42343019;2012.221239;2043.227011;59.79813581;2856;631;35.73844527;1037.877863;1174.695027;39.10940632;2882;820;44.11685864;1279.307229;1372.366671;139.4360059
429;427;54.10153897;-38.46662623;800399.828;-3361.46199;-3724;1365;0.539042093;0.457715167;-9926436;-626.7480743;0;-100247;-2.279169698;0;0.041329567;0.027700358;0.015972322;0.010493527;0.099549438;0.098829529;1568;0.843010753;0;16.25109885;0.000371496;6.46E-07;0.000716292;7.17E-08;47.5808044;49.27141501;15.40640476;15.42035443;38.96493061;39.01641347;316.6368181;316.696757;98.61772904;93.77250491;22.47261392;22.47190514;0.021359017;0.013548172;2.335274823;2.036532376;34.57538373;34.66411185;32.93029034;32.98991227;17.56739347;17.49550426;5.444434372;5.420689757;1.546291169;1.267012734;10.70526521;10.58120648;12.60632867;1.669076114;1.720864651;-1.122420666;9.036189094;8.91168164;4.89496166;0.183453827;0.044620317;10.30556475;30193;1377;42.52796171;1858.818182;1832.201487;58.61423229;21964;836;31.29182444;1069.909091;1083.15489;22.84623454;18742;475;16.96658168;645.8269231;693.8048712;7.840812096
415;413;54.0004014;127.7785042;800400.2553;25.97916667;-7;382;0.501158993;0.500724711;0;0;0;-1004;-7.382352941;-7;0.014225428;0.010910183;0.013778564;0.013617153;0.232533344;0.241927234;8590424;5.447544762;4;43.39113995;0.442766734;0.452165038;0.497669258;0.48621262;9.912079143;10.30853175;2.131389565;2.112326326;6.756431631;6.305748632;331.4324955;331.5826688;342.2547353;343.9502989;25.32926846;25.45210753;4.370438448;3.01435184;2.720979836;2.723341001;31.01614833;31.33023613;26.60852184;26.60167547;32.41707043;32.50446342;2.966928185;2.980475698;1.498007491;1.734132098;14.27777594;14.31758591;14.56016046;-1.860007645;-1.857509981;-1.93563573;16.13778358;16.19826665;0.90703504;13.56712033;14.5985741;13.49538135;4;2;NA;NA;NA;NA;2;2;NA;NA;NA;NA;NA;NA;NA;NA;NA;NA
272;271;-54.10153897;1.246255344;800408.4701;-3183.867916;-3121;79;0.375158017;0.365777914;-27430257;-1731.052442;-2343;-1156;-0.026267951;0;0.117349524;0.105477221;0.019499603;0.013861557;0.070219405;0.070228461;0;NA;NA;4306.124892;0.097855355;0.032492807;0.105565909;0.061557184;63.90829332;63.86875799;26.70515849;26.50827421;32.59146897;32.68186795;347.6508831;351.0091556;229.6720733;219.4980548;22.92137593;22.20129922;0.016888285;0.014543272;1.621428455;1.599454527;34.67861539;34.6780059;33.87807695;33.79997276;61.41743043;54.86615649;0.361675973;-0.172051736;-0.00810652;0.001449134;2.327486152;1.706364674;6.599696091;-1.25153776;-1.773167676;-1.998478405;3.579023912;3.515100056;2.190730465;0.270654278;0.201509079;2.580804755;6000;300;30.52729946;481.5;455.9872282;26.70068532;1471;284;35.54030198;382.6666667;408.366849;42.78310299;1005;183;27.65550176;249.2790698;265.9461915;13.37940947
273;272;-54.8559983;15.07167252;800541.2223;-4256.90637;-4324;-1092;0.406114473;0.405636824;-11315707;-701.1839757;0;0;0;0;0.112368065;0.087526639;0.010877535;0.006195047;0.070633885;0.070507285;0;NA;NA;6713.205903;0.149751409;0.122652612;0.146125786;0.129427994;65.2912809;63.24953393;28.5963268;29.31180133;32.72215539;32.76074021;338.0976398;340.8733238;240.4385977;244.2520306;23.46219381;23.23593049;0.017023205;0.016325464;1.68957275;1.67279845;34.66334437;34.65892353;34.00734887;34.05134171;82.29120671;87.66706171;0.007736232;-0.31871727;-0.408728392;-0.526744782;2.10696215;1.83271208;6.054882328;-1.514973999;-1.880891384;-2;3.622761566;3.621286217;1.318277896;0.211232432;0.129779035;1.001746635;711;59;25.66875758;78.42857143;80.97316564;22.94797767;71;43;33.819481;101;93.93412698;29.82840237;200;72;34.60663356;108.25;100.791153;45.24886878
437;435;54.8559983;-164.9283275;800546.719;-1844.271769;-152;934;0.663558375;0.649272119;-5599323;-357.7156456;0;-1264823;-29.09378019;0;0.056189459;0.032564963;0.020794561;0.01049876;0.119712106;0.11906471;331484;4.242723666;4;1133.47248;0.026580505;6.85E-05;0.026681609;0.000195364;32.99498315;35.37175582;9.271194131;10.29466429;26.1481196;32.37860556;318.2773886;314.6569825;190.5933401;155.7263973;24.42890276;24.03141101;0.667835418;0.042407345;2.93178399;2.911820227;33.26174366;33.61373517;32.03188284;32.39320297;13.8086981;12.71591283;5.803274531;5.968212248;2.432686172;1.992693851;12.00648367;11.90700318;15.94528757;1.085295028;2.13853952;-1.757580393;10.92118864;10.33982334;11.01885603;3.740489113;1.523801972;17.67881589;92644;2299;39.51512786;3199.828283;3118.549675;47.2011907;14799;848;28.9504677;1149.006579;1161.4163;12.23897236;4097;707;30.10548004;1079.019481;1202.528155;17.20957335
502;502;54.93976473;-72.59813855;800548.7989;-36.16518557;-32;297;0.381638645;0.303663149;-8106;-4.237323576;0;-194478;-36.63865863;-28;0.024594111;0.018169713;0.01167219;0.008257637;0.170414326;0.157881661;2862472;1.975993771;0;2179.40811;0.470105287;0.466947853;0.547770636;0.52400639;10.9678506;10.7679092;2.25503303;1.652373055;9.844048204;11.18457118;355.9276015;357.7317176;261.7561279;248.4304761;28.51127656;28.77085928;0.715023363;0.364919472;2.037691638;1.727262554;30.56566359;31.09618226;25.0489144;26.00982461;18.99841078;15.10339284;1.905655749;1.912445494;0.439564259;0.260760391;10.77965913;10.99391868;13.47528914;-1.463793952;-1.479828329;-1.807143278;12.24345308;12.46497534;9.035920711;3.248213529;2.435991922;12.92384917;389;167;44.23844598;289.375;294.9511622;88.85554903;NA;NA;NA;NA;NA;NA;NA;NA;NA;NA;NA;NA
42;40;-54.93976473;107.4018614;800550.014;-3961.722758;-3948;-180;0.382969404;0.38014322;-6935057;-428.8841682;0;0;0;0;0.095359796;0.08900557;0.023108464;0.020587243;0.066098849;0.065936162;0;NA;NA;37.49216204;0.000834773;0.000141849;0.002556024;0.000406516;74.28889759;74.66855277;25.9259147;26.11035617;32.69003997;32.72550353;336.349568;336.8792465;226.8533291;227.1972329;24.49316744;24.56478019;0.014560271;0.014487923;1.580556714;1.582638135;34.68080951;34.67785907;33.88243166;33.88228228;36.28969527;36.08751489;2.104395375;2.0686303;-0.095566859;-0.151140975;4.59055422;4.533730324;7.018866581;-0.059682583;0.009198745;-1.762660819;4.650236803;4.627417539;2.463342308;0.225305296;0.195356266;0.677119353;44129;117;19.90042275;150.4615385;157.6247241;16.39012734;67;31;26.74997399;38.58333333;48.7814816;18.62655602;161;107;42.49293924;239.1428571;295.7417185;68.75596817
426;424;54.97169476;87.84814921;800555.3942;NA;NA;NA;NA;NA;0;NA;NA;0;NA;NA;NA;NA;NA;NA;NA;NA;20022639;12.37280554;11;0;NA;NA;NA;NA;NA;NA;NA;NA;NA;NA;;;NA;NA;NA;NA;NA;NA;NA;NA;NA;NA;NA;NA;NA;NA;NA;NA;NA;NA;NA;NA;NA;NA;NA;NA;NA;NA;NA;NA;NA;NA;NA;NA;NA;NA;NA;NA;NA;NA;NA;NA;NA;NA;NA;NA;NA;NA;NA;NA
311;310;-54.97169476;-92.15185079;800556.4089;-4844.054138;-4859;-598;0.34963991;0.352923163;-420028;-25.95809901;0;0;0;0;0.094346878;0.085874043;0.010311614;0.007793045;0.061363316;0.06170611;0;NA;NA;0.001204283;2.68E-08;0;5.02E-08;0;177.2527447;189.4590971;20.15554461;20.13890505;33.35410761;33.3649683;307.8742104;307.3610584;211.3957638;211.9930054;25.24543915;25.32770842;0.013579674;0.013549087;1.504111388;1.513043275;34.70823142;34.70831233;34.17288508;34.18010815;15.24649975;15.16860327;6.145581492;6.259342041;0.091926853;0.104064359;8.569024857;8.630511711;10.5119313;4.655025423;4.983134835;2.227610506;3.913999433;3.885129915;2.626758928;0.232905475;0.209677451;1.670957339;3361;46;8.991918008;84.5;131.8393195;3.123420258;167;38;22.68640451;44;53.9563313;19.01090661;244;101;34.9582543;188.1428571;246.6497478;43.26744186
39;37;-56.31093189;155.9567726;800787.3422;-3723.944959;-3790;246;0.343603984;0.341677634;-17427501;-1040.385708;0;-2142;-0.046048671;0;0.202065171;0.183169089;0.06791038;0.055217688;0.067001483;0.066412595;0;NA;NA;86.38147851;0.001857307;6.65E-05;0.005607256;0.000187102;73.37029428;69.25073046;23.33450106;23.66115276;32.80155709;32.79389591;325.0058419;325.3464064;219.4551927;218.7904482;23.70728313;23.84279285;0.015386554;0.014973289;1.473841344;1.464521074;34.70710859;34.70886313;33.93849726;33.90379565;27.91926589;26.87946248;3.917337837;3.682426533;0.524957259;0.511199709;6.880463979;6.694464412;12.07934792;1.389420458;1.174996371;-1.846409671;5.491043521;5.404283562;3.62142239;0.220226366;0.185190167;4.200231939;77222;767;15.03274949;1113.542857;1198.028967;2.312184846;1655;511;44.95029793;675.0076923;745.4556686;180.4958814;6290;1181;46.90616672;1399.626374;1487.481282;339.396253
478;478;56.31093189;-24.0432274;800796.9237;-2508.665095;-2683;-144;0.350508704;0.347359445;-34212552;-2042.418482;-2396;0;0;0;0.055573834;0.045464458;0.025428868;0.017769801;0.088886535;0.088512022;0;NA;NA;0;0;0;0;0;122.6075171;126.7727262;5.445067809;5.488073437;17.3738215;17.10321814;274.3617338;273.7615437;265.62713;273.8504903;24.78365163;24.79956491;0.016880301;0.014836774;1.585315678;1.561530482;34.97902904;34.9585113;35.21491805;35.2137974;2.822874827;2.841020272;10.86338332;10.89249254;3.387008983;2.838956046;14.3820512;14.2339861;17.41893814;8.249217613;8.288076714;5.574581902;6.13283359;6.024628025;3.758899666;0.623387983;0.321994538;3.510562872;52304;470;24.70270168;562.75;560.1021168;18.03569679;20881;380;10.76275967;523.9016393;524.3348806;5.467863828;6392;880;37.33738192;1319.388489;1306.198206;36.03788516
462;461;56.55236657;3.713119003;800840.577;-71.76338967;-53;1572;0.657704595;0.583565669;-377313;-29.93834801;0;-1663539;-47.5459872;-39;0.061934209;0.045240737;0.039205017;0.027866007;0.144078228;0.127432192;13403081;25.59994385;22;0.000851283;2.63E-08;0;5.51E-08;0;28.56582824;26.45368335;2.157345337;1.83843439;5.541154137;6.163114499;284.5385419;281.721395;268.9537486;267.9125422;28.31586702;28.54356806;2.207054802;0.957458792;2.957975367;2.664218213;34.21273024;34.91355072;33.18992983;34.63555206;4.087772571;2.751441796;10.67990423;10.57292505;8.779234251;8.569365274;18.12249393;18.28494359;22.44398182;4.956009391;5.03436962;0.260104107;13.16648454;13.2318338;14.48901444;7.553690048;5.757015361;21.5064278;6258830;7938;39.42511934;9441.259563;9329.824321;52.40889124;35913;1270;33.09030498;1766.969543;1795.050648;42.23102498;444;199;36.7331403;499.516129;540.7433446;32.43435341
29;27;-56.55236657;-87.04498062;800840.9735;-4955.798648;-5029;-3196;0.331857763;0.332566854;-75193;-4.459581282;0;0;0;0;0.126290181;0.12535767;0.028624134;0.019337229;0.067826297;0.067568878;0;NA;NA;3.574352843;7.63E-05;0;0.000213054;0;124.1767882;123.6423398;20.9196184;20.9276906;33.01316442;33.00770195;310.4100228;310.8430734;214.9342253;214.9145245;24.43481155;24.67348184;0.014570183;0.014458976;1.413372181;1.412058914;34.70929217;34.70918334;34.08971402;34.07143025;19.42894023;18.5101684;5.790716224;5.773635672;0.507747434;0.510270949;8.494535046;8.358412509;12.42608873;3.654828454;3.565189262;-0.943266765;4.839706592;4.806816078;3.220169065;0.063999618;0.061338141;0.305540269;6233;144;28.29676444;171;166.2720443;28.71687808;93;20;17.24287254;22;22.14732303;13.28571429;16;14;NA;NA;NA;NA
494;494;57.58162417;-56.92352406;801003.5905;-2122.731662;-2787;817;0.442106163;0.395821883;-24476871;-1695.426404;-2154;-173996;-4.339701701;0;0.1002013;0.057838156;0.050564774;0.031221977;0.100407703;0.0976452;852979;2.519491836;4;3391.460928;0.087863958;0.007126854;0.119085778;0.012761639;77.34876196;87.6121182;8.296036733;9.975951731;14.59676595;16.22957576;317.1239809;303.9467606;287.4159509;280.2763339;24.80840435;23.96299793;0.09852442;0.021161948;2.28498789;1.975954206;34.58092213;34.89764805;33.64605197;34.3010221;5.129417574;5.078390615;3.659442228;4.417001479;1.936709515;1.972745656;9.200232974;9.402933982;14.36161185;-0.341825478;-0.888329813;-1.958942796;9.542058451;9.498627427;9.813898011;1.566600977;0.943975376;15.6984211;52305;657;32.24330882;848;899.7838921;19.45083667;42049;549;31.75785079;687.6545455;660.1636142;28.95997305;16945;681;38.01916676;1144.891566;1153.318605;74.505211
41;39;-57.58162417;123.0764759;801015.9818;-4529.95752;-4550;-3658;0.344996964;0.344907902;0;0;0;0;0;0;0.092885766;0.090834975;0.018294785;0.016528807;0.063085232;0.062749864;0;NA;NA;163.6813201;0.00340117;0.000192726;0.007272318;0.000518775;77.51881775;79.73944913;25.67871455;25.76673691;32.94598323;32.95473516;338.4133853;337.3300039;233.2372171;233.4703854;23.73690693;23.72218553;0.015219006;0.014948218;1.470970298;1.466184316;34.6797872;34.67908022;33.86468089;33.859727;34.18037847;33.21139449;2.361992635;2.391172848;-0.226131407;-0.235838372;4.981789115;5.012627809;7.625397903;0.208289067;0.189428873;-1.890375605;4.773500048;4.813164094;1.972954354;0.200970035;0.198123762;0.407433603;30703;106;20.56772429;113.3333333;112.8681739;17.32567784;14;11;NA;NA;NA;NA;44;28;NA;NA;NA;NA
279;278;-57.79135244;-24.50336354;801040.44;-3970.403856;-4056;162;0.341993479;0.333160684;-16518655;-947.8771447;0;-3738;-0.077233001;0;0.080451986;0.070758234;0.014940746;0.00973577;0.077290753;0.076532801;0;NA;NA;10715.40502;0.221475032;0.193910038;0.278581716;0.253388427;52.78154494;51.6895933;26.29309028;26.17080946;32.87489503;32.8825587;354.6515814;357.2974678;244.8550347;246.6329202;22.21806616;22.28807141;0.016433074;0.015321627;1.593773339;1.570201345;34.66292862;34.66203186;33.90353591;33.90720328;60.18490609;57.57560079;-0.140973971;-0.274693617;-0.388652497;-0.444855093;2.26364557;2.208064378;5.007145047;-1.741589744;-1.852780673;-2;4.006941519;4.063203274;2.82715942;0.160919986;0.126812776;3.431250341;3059;628;45.0704274;1107.043011;1080.755712;113.9974539;1486;491;44.95245891;863.037037;856.9464025;182.7976821;2771;795;46.13609242;1146;1252.676755;256.4010084
422;420;57.79135244;155.4966365;801040.7019;-256.407837;-141;834;0.698464269;0.604251107;-2248723;-219.1951457;-140;-995098;-34.90592114;0;0.032978195;0.022986139;0.018640926;0.01266373;0.130759485;0.128160844;2167166;2.864564209;1;4119.130291;0.150021135;0.146799493;0.178574337;0.178313484;30.94051958;32.82695989;12.17545747;12.20409144;27.87912067;29.09876553;335.6505691;335.4326702;185.5244616;186.8238391;29.13066701;29.72843191;0.381180465;0.079339621;3.412446883;3.104222879;33.35287912;33.31237699;32.59088613;32.66430171;22.08269503;21.38149972;3.567843045;3.571323717;0.51573013;0.651174305;12.78138876;12.86057399;15.6869987;-1.73992768;-1.78316127;-2;14.521332;14.57488908;5.400374011;2.868991817;1.809451877;15.75603493;823;74;13.31452772;107.0555556;125.6639094;1.958543574;100;40;25.4744984;127.75;103.09375;14.88095238;270;85;32.53155585;137;133.1589653;33.47107438
486;486;58.03747856;-40.20942538;801094.843;-2515.136128;-2797;1301;0.41402788;0.379915343;-40228830;-2368.631065;-2703;-91057;-1.929991522;0;0.066778137;0.033037168;0.037770142;0.010098011;0.090084151;0.088347736;209930;2.616895825;4;285.8577104;0.006191014;4.52E-05;0.015493545;0.000140685;93.46055432;94.50095705;8.563517263;8.832542133;16.49844732;17.15869305;300.5140258;299.0704389;275.7170698;276.4447806;23.32885646;23.21883764;0.043817407;0.014181264;1.939083141;1.765203971;34.90580286;34.9189872;34.66796403;34.76738065;3.843463338;3.921586434;6.710928334;6.829284945;2.791635295;2.600004733;10.94975605;11.09015852;13.76199688;3.284554277;3.516493438;-2;7.666896402;7.512278377;6.261216001;0.712541594;0.468598943;10.38809871;51841;386;17.96641151;475.0217391;489.3910132;9.091126446;721;272;44.56639101;298.019802;313.4779944;146.6406206;999;430;45.83159926;756.2352941;822.0634675;208.6558645
40;38;-58.03747856;139.7905746;801098.0874;-3885.215808;-4027;-26;0.338863015;0.339466437;-13429579;-765.3053909;0;-104;-0.002133771;0;0.094818798;0.092650855;0.014022942;0.010861173;0.063892685;0.063557445;0;NA;NA;208.3955852;0.004275658;0.000237439;0.009123545;0.000658714;70.36829035;71.40393636;25.76990164;25.91394322;32.85186577;32.87537026;342.1640676;342.2356522;230.5770741;231.6226199;23.90932191;23.7582397;0.015982454;0.015042368;1.486313905;1.477526239;34.69011767;34.68495241;33.83499083;33.83549495;34.31477158;34.22174842;2.115990172;2.046355733;0.058541617;-0.040390836;5.00184409;4.961057145;7.510255407;-0.050921683;-0.124067263;-1.945137986;5.052765773;5.029575183;2.334964634;0.259623045;0.227636443;0.94960759;19384;167;21.7180984;233.9565217;235.0953368;17.37439777;34;22;NA;NA;NA;NA;169;72;34.93876215;135.9090909;121.8074038;43.60458015
34;32;-58.40039709;93.73054021;801108.8056;-4273.671892;-4316;-38;0.386453061;0.39014653;-673732;-37.98883564;0;-76;-0.001543335;0;0.075761048;0.071439093;0.03361223;0.029966619;0.069244886;0.068516581;0;NA;NA;4475.879043;0.090891866;0.016514334;0.117231274;0.048590579;64.59422607;62.92536639;27.38614222;27.6822726;32.71383952;32.71749904;339.1358328;339.3940962;234.315673;236.0804692;23.75894349;23.82055887;0.017615832;0.016965514;1.548467008;1.545969455;34.67791835;34.67760733;33.90927973;33.88626552;48.71038774;49.38217931;0.55698581;0.397098539;-0.257141722;-0.275753284;3.311117532;3.249245213;5.747772806;-1.34327134;-1.645624738;-2;4.654749038;4.707120306;2.957825409;0.105846201;0.093311572;4.015763407;20004;195;25.50398156;246.037037;255.4796481;23.37904383;368;106;24.99682486;248;302.3371684;13.35279038;383;39;14.9540531;56;67.84683636;7.861568144
501;501;58.40039709;-86.26945979;801112.8046;-114.6866959;-123;226;0.278656416;0.257940262;-840808;-61.4625731;0;-2062869;-54.29459915;-46;0.016984692;0.012450184;0.011504012;0.009223651;0.110346942;0.102837524;470414;1.110477935;0;20108.33942;0.5371678;0.5484889;0.688453571;0.670769917;20.21409528;20.90113047;1.698236837;1.59667908;12.22262946;12.89119939;357.8565123;358.4864862;251.7468508;249.9723979;27.48380244;27.40723979;0.263763513;0.105670702;1.582358352;1.483130683;32.57875036;32.92156384;29.81944055;30.28572801;7.157373471;5.873416821;0.871068149;0.789451245;-0.749375778;-0.806314075;9.510793441;9.51307876;12.61671964;-1.730414249;-1.763062165;-1.925671201;11.24120769;11.26581268;4.499826699;1.603733452;0.891960965;13.51459219;507;251;47.4740837;499.3333333;506.188409;135.5028993;22;13;NA;NA;NA;NA;NA;NA;NA;NA;NA;NA
320;319;-58.33459916;-106.6972072;801142.004;-4677.878646;-4746;-1810;0.325152924;0.324201098;-512542;-28.97026905;0;0;0;0;0.109477961;0.108436935;0.018789705;0.01455896;0.063819835;0.063861795;0;NA;NA;3.723715137;7.58E-05;9.12E-06;0.000222163;1.28E-05;153.6845857;151.3193094;22.00196565;21.8372452;32.89743552;32.76969973;314.2692677;313.4638138;215.9708748;217.6668731;23.48314114;23.34609187;0.014388676;0.014092497;1.365453501;1.358746411;34.70808385;34.70664178;34.08061249;34.07348446;19.95363656;19.3116425;4.466970698;4.5664419;0.24814063;0.134138835;6.761924118;6.866348884;8.859438119;2.675339298;2.677796127;-0.331704403;4.086584819;4.075068857;3.35847089;0.201757017;0.186177143;0.512431275;1356;42;15.71738017;55;62.0528;11.35779408;486;75;22.46811611;153;156.1433918;18.15216723;1077;208;34.67331423;365.8125;376.2223532;47.30735348
435;433;58.33459914;73.30279276;801143.9273;NA;NA;NA;NA;NA;0;NA;NA;0;NA;NA;NA;NA;NA;NA;NA;NA;13333930;7.536197563;5;0;NA;NA;NA;NA;NA;NA;NA;NA;NA;NA;;;NA;NA;NA;NA;NA;NA;NA;NA;NA;NA;NA;NA;NA;NA;NA;NA;NA;NA;NA;NA;NA;NA;NA;NA;NA;NA;NA;NA;NA;NA;NA;NA;NA;NA;NA;NA;NA;NA;NA;NA;NA;NA;NA;NA;NA;NA;NA;NA
498;498;58.62717773;-136.9566254;801192.11;-2138.692058;-2853;1390;0.558410396;0.389613195;-9337223;-1121.857864;-154;-172471;-7.472746967;0;0.065446251;0.052591328;0.016104134;0.008923992;0.114149919;0.107793448;3040466;2.990818414;4;5.43E-05;2.57E-09;0;2.56E-08;0;30.60298421;31.54374208;9.702346435;10.64829746;35.67756393;38.41623941;298.8980572;298.7323852;122.5425269;121.8937439;25.68073523;25.8824267;0.081275936;0.013548172;2.625181681;1.950523067;34.26547797;34.64845027;31.98976627;32.29383366;12.69940061;12.62227108;8.603775386;8.617307362;2.643841986;1.354360049;15.80348903;15.97058533;16.87646066;4.108313707;4.137953691;-0.006001046;11.69517532;11.52119034;5.335883265;0.781469081;0.110985106;14.96972655;18970;1225;35.58157642;1862.514563;1971.442623;31.53380662;9859;651;30.43334383;1031.009259;1055.99708;26.22768546;5523;371;26.47815114;574.3278689;599.7246568;19.06817365
9;8;-58.62717774;43.04337457;801192.9425;-5179.896343;-5306;-2825;0.396785144;0.398691669;-347155;-19.44083553;0;0;0;0;0.062515045;0.053806767;0.020790771;0.017338419;0.060871936;0.061066074;0;NA;NA;6018.391468;0.121443822;0.068322726;0.123493958;0.094302321;65.41471615;63.1689988;29.35193016;29.50131841;32.85908073;32.86482652;335.1434998;338.4495382;247.6000945;248.5621982;23.44829134;23.21638288;0.01561674;0.015402017;1.619880195;1.626593718;34.65779185;34.65705087;33.86662982;33.85822615;75.08680428;73.664872;-0.038603717;-0.091090381;-0.617481094;-0.640515657;2.324653392;2.316320146;3.467674472;-1.736071479;-1.854867259;-1.986832908;4.060724871;4.035435425;1.503667296;0.100677948;0.082615973;0.653037561;1577;69;12.21157355;109.625;96.96087037;3.38084;26;12;NA;NA;NA;NA;19;15;NA;NA;NA;NA
425;423;59.10635693;102.8538501;801255.0366;NA;NA;NA;NA;NA;0;NA;NA;0;NA;NA;NA;NA;NA;NA;NA;NA;8139938;4.499206829;4;0;NA;NA;NA;NA;NA;NA;NA;NA;NA;NA;;;NA;NA;NA;NA;NA;NA;NA;NA;NA;NA;NA;NA;NA;NA;NA;NA;NA;NA;NA;NA;NA;NA;NA;NA;NA;NA;NA;NA;NA;NA;NA;NA;NA;NA;NA;NA;NA;NA;NA;NA;NA;NA;NA;NA;NA;NA;NA;NA
453;452;59.07784825;19.87206308;801259.4426;-51.1383207;-45;302;0.532649235;0.485885969;-58960;-8.433700472;0;-881701;-45.46022171;-40;0.023721134;0.019807119;0.012529681;0.009141461;0.243143376;0.223094876;24222692;20.55182736;18;464.5433473;0.026866193;0.007646002;0.029576362;0.01693201;18.74959832;19.58739365;1.76555539;0.677617297;5.011816461;4.523147934;353.2869504;352.2478511;293.3699137;320.165756;31.81645012;31.74883052;1.606426322;0.945995556;2.563246755;2.369942974;7.945703233;7.204453148;6.336320451;6.245022326;16.23588092;13.22686542;8.662913937;8.869681849;5.445807092;5.155497373;20.47187735;20.4670995;23.48446893;0.189885685;-0.14230906;-0.861480417;20.28199166;20.18275098;6.056449516;7.461226314;5.787503381;23.22813388;1160128;3138;33.47300677;4095.841808;4043.311835;28.30573211;1951;304;34.16748103;493.8076923;512.749733;35.60545344;3;3;NA;NA;NA;NA
303;302;-59.10635693;-77.14614986;801267.1345;-4534.735128;-4590;-72;0.346516984;0.342498202;-708848;-39.18885449;0;-144;-0.002865558;0;0.131406267;0.122550012;0.024506173;0.020256196;0.063902965;0.06324545;0;NA;NA;78.28114068;0.001557772;1.52E-05;0.003030431;3.51E-05;141.4498322;148.3864981;22.4385583;22.20320348;32.88139454;32.91050805;318.5380276;315.8519168;212.9767293;213.8574162;24.31524631;24.27048741;0.013698103;0.013656926;1.485171713;1.470253209;34.71004801;34.70870403;34.05734668;34.07888893;20.78429906;19.87452982;4.443373552;4.725730412;0.237990424;0.175609423;7.139374074;7.290691888;9.826337746;2.377878805;2.834192999;-1.830006575;4.761495268;4.505927114;3.93378228;0.339388382;0.323290165;0.798560189;18132;89;7.085571939;135.75;144.8526776;4.2131059;327;64;26.05812346;76.35294118;82.44592206;23.65162575;1314;288;41.24388371;389.1818182;400.8468232;102.6025671
20;18;-59.07784825;-160.1279369;801268.3909;-3718.33798;-3736;-792;0.365063746;0.35629006;-21120478;-1168.297267;0;0;0;0;0.131959625;0.130879492;0.014559481;0.009019554;0.071356825;0.071179708;0;NA;NA;1473.151036;0.029335704;0.001183445;0.039468607;0.003867013;86.23729352;90.2304779;25.08048852;24.98307312;32.90764657;32.85164089;330.6712333;331.4678591;217.7871184;215.5753403;23.11393323;22.80470803;0.016991641;0.016179897;1.51918121;1.505097324;34.71521704;34.7150443;33.89420985;33.87708813;33.35258721;30.13995555;1.948300401;1.796406152;0.598690675;0.607293852;4.680764323;4.529961996;9.351097786;-0.208964363;-0.773720416;-1.906588858;4.889728687;4.863344778;3.077359792;0.108597738;0.093868414;0.56957983;2793;115;29.79987761;150.1;140.4340769;26.34932361;817;77;28.63445405;92.54545455;95.97462497;32.86342376;509;139;34.05726057;179.7380952;213.4885807;42.95821588
189;187;59.65498305;37.85259597;801363.277;-3.51754386;-3.5;46;1.10068557;1.101916081;0;0;0;-3020;-9.4375;-3;0.007116862;0.004984475;0.009667379;0.008458479;0.397253851;0.416733202;24492738;13.89598973;12;51.91447297;0.25573632;0.243322576;0.149432659;0.149391061;9.77335151;10.337126;8.660003354;9.883594932;6.917283577;7.508891921;355.4002658;365.3329947;322.3414112;330.4260531;28.90150894;29.3494079;4.870335308;3.820102026;4.716760829;4.693950405;4.726960403;4.102907157;3.238800814;2.786145321;35.40638342;37.59965243;7.690682467;7.826407921;7.566213873;7.721309584;20.4314281;20.34341975;22.68893258;-0.800010501;-0.797451261;-1.305904701;21.2314386;21.11565112;7.041512552;15.12305893;14.57188748;21.1480552;85;37;28.16122294;75.5;74.36718813;19.26666667;NA;NA;NA;NA;NA;NA;NA;NA;NA;NA;NA;NA
592;593;-59.65498305;-142.147404;801365.1468;-3574.321673;-3560;-1198;0.361349798;0.351989653;-26054851;-1417.411109;0;0;0;0;0.117375916;0.082852456;0.026852979;0.014640101;0.068120051;0.067806185;0;NA;NA;3633.212735;0.071136248;0.032188511;0.08214532;0.058739685;60.82526475;55.92777083;25.12713571;25.36557974;32.75924421;32.77017983;330.5651581;332.3417675;226.5907807;225.8446316;22.2599587;22.25676768;0.018377065;0.018102011;1.445668111;1.40230735;34.70813181;34.70403116;33.93866209;33.92696515;33.57345488;32.91982251;0.805845144;0.378138388;0.274518411;0.149433416;3.504004902;3.112110609;9.314137802;-1.321882229;-1.7846091;-1.944165729;4.825887131;4.825319704;4.282477073;0.217253674;0.200816487;0.71695328;767;33;17.0208826;36.33333333;35.53643896;13.27636479;479;63;22.90134753;93;98.12437048;19.99834394;539;145;31.50921319;207.5714286;254.2363958;32.97253433
583;584;-60.05145338;-123.8841907;801419.7891;-4533.043252;-4634;-1027;0.319835441;0.318672859;-2425572;-130.3230174;0;0;0;0;0.102897264;0.093859356;0.027143232;0.022602025;0.065334806;0.065055211;0;NA;NA;256.3706072;0.00496006;0.0004351;0.009673364;0.001360616;97.69244826;98.4872843;23.38991361;23.55416839;32.75322677;32.76132164;319.8156384;320.2211909;226.3562813;227.1144511;21.36103863;21.10600776;0.016721836;0.016448176;1.272129181;1.267200601;34.70755943;34.70556472;33.94886433;33.94856807;24.67307615;24.41420228;2.60207375;2.5354608;0.205982531;0.130772977;5.063802601;4.945740579;8.643308582;0.286523154;0.222607621;-1.864457416;4.777279447;4.806152256;3.091137618;0.174665764;0.155966364;0.737197943;596;36;16.70833772;39.5;42.48701234;12.85896322;303;49;20.70939697;95;100.5865701;16.31579883;771;222;40.64943334;311.3;339.0629961;92.03297724
180;178;60.05145338;56.11580929;801427.6964;NA;NA;NA;NA;NA;0;NA;NA;0;NA;NA;NA;NA;NA;NA;NA;NA;20768033;11.1619785;10;0;NA;NA;NA;NA;NA;NA;NA;NA;NA;NA;;;NA;NA;NA;NA;NA;NA;NA;NA;NA;NA;NA;NA;NA;NA;NA;NA;NA;NA;NA;NA;NA;NA;NA;NA;NA;NA;NA;NA;NA;NA;NA;NA;NA;NA;NA;NA;NA;NA;NA;NA;NA;NA;NA;NA;NA;NA;NA;NA
430;428;60.852453;170.5654028;801507.2983;-2337.242624;-3074;697;0.550102449;0.373944053;-10461276;-1012.022444;0;-212586;-7.401504074;0;0.043636296;0.040720583;0.014924257;0.008051952;0.122444358;0.119700845;1008905;1.114828169;0;1431.935743;0.051375421;0.00580525;0.060728571;0.013458579;49.34664119;53.88911062;17.03931807;18.51117319;36.13599113;39.17435974;325.7918276;321.9639641;125.5853694;92.99517288;25.20794673;24.44559703;0.317075885;0.013548172;2.551477465;1.784152006;34.2465293;34.65128103;32.76558313;32.98732606;23.29602191;23.2712319;4.12269228;4.304237491;1.475273046;1.289879606;11.6110797;11.37358827;16.31726359;-0.781610211;-0.872466288;-2;12.39270506;12.09290637;8.255155116;1.50026018;0.062393129;17.6289074;913;84;15.98055953;179.6666667;143.7496936;2.687623126;108;53;31.29427431;74.75;86.26086957;16.66285714;179;97;37.28483567;425.5;347.8881902;47.04992658
287;286;-60.67467349;-41.36954609;801511.7403;-3123.472638;-3247;511;0.428778918;0.390171622;-29678725;-1564.673397;-1720.5;-19198;-0.364412892;0;0.073252585;0.051532685;0.026294283;0.016976689;0.078579241;0.077910229;0;NA;NA;19615.05168;0.372619283;0.414704682;0.52267058;0.58363996;45.24477995;45.52681003;26.37965988;25.52519972;32.696244;32.64729164;351.032407;352.0981131;245.5775849;248.4563606;21.26061189;21.52344616;0.0197689;0.017916167;1.904625174;1.800940951;34.66578083;34.66842112;33.95873425;33.95064165;61.53026522;55.62406503;-0.641204323;-0.911454312;-0.251024078;-0.228045322;2.144337555;1.902715069;5.24479698;-1.890641979;-1.923467177;-2;4.03804844;3.871322276;3.536405087;0.265544919;0.209189988;3.942051501;5949;764;38.33801336;1236.377049;1246.397192;39.33674528;9026;1040;39.49095913;1399.641256;1485.538432;80.81648695;7117;1083;33.99472245;1552.245536;1638.524414;22.90574904
280;279;-60.852453;-9.434597173;801512.5756;-4671.153092;-4979;-1482;0.364969844;0.349315437;-4401968;-230.8684114;0;0;0;0;0.057317521;0.033690499;0.008687109;0.005950782;0.071650927;0.071843876;0;NA;NA;23599.70521;0.445437142;0.487128512;0.425088144;0.459540565;58.89134172;60.57553851;29.95418581;30.73105629;32.94506162;32.94523701;331.9317328;327.0084998;270.0687722;277.2272589;22.32371606;22.30359218;0.030742809;0.033301922;1.620228056;1.563424969;34.6528203;34.64817234;34.12528213;34.20182223;104.4924599;116.2501316;-1.075837383;-1.171025716;-0.706381944;-0.830278779;1.290897325;1.214082067;2.176724408;-1.915022913;-1.920177541;-2;3.205920744;3.125132359;1.4496545;0.086776897;0.073204541;0.527767093;4551;103;23.022377;110.5;112.8170794;14.3147728;911;47;17.98608581;54.85714286;56.1688901;10.90580691;125;56;29.46378101;111.5;170.8002083;21.08636977
423;421;60.67467349;138.6304539;801524.9226;-109.6941839;-126;803;0.552236693;0.474475995;-138740;-65.0750469;0;-325640;-55.28692699;-37;0.058344345;0.054322203;0.041521325;0.042674927;0.143017399;0.140556402;5464699;3.228866892;4;1477.440038;0.259655543;0.274326482;0.278634571;0.281957038;35.03782866;36.97783933;15.59974043;17.9154513;25.79841962;26.68577648;326.0526831;322.8371856;205.8212814;191.4761136;30.91945923;30.90859386;0.310678544;0.160190144;2.859704522;2.540275161;33.30525929;33.33650899;32.57911105;32.73408941;26.95312394;29.61823961;3.691127811;3.642731231;-0.600645408;-0.871153482;15.40735874;15.47716598;16.29836878;-1.868210959;-1.860069967;-2;17.27560815;17.35660062;3.653147003;3.181347418;2.094780023;15.00588316;97;19;12.65507322;38.5;95.08482143;2.692131617;9;7;NA;NA;NA;NA;24;10;NA;NA;NA;NA
500;500;60.819502;-101.9625478;801536.6764;-35.04991681;-26;26;0.396669262;0.393816855;0;0;0;-59637;-35.45600476;-27;0.024899068;0.023256406;0.027583344;0.026753227;0.125300825;0.112948907;735445;0.398477599;0;651.3812571;0.451720705;0.466108737;0.513836486;0.50818665;15.55801423;14.13831219;1.792197942;1.734837754;4.369261325;4.212045507;351.208003;352.2876928;335.2652829;334.9619733;27.91715016;28.32249544;1.346895923;0.823057265;2.229043995;2.211464086;32.82245894;32.90262355;31.07924286;31.65976072;7.222397978;6.837396022;1.461222053;1.444935132;-0.303370042;-0.544872757;10.70861977;10.62848712;12.03753062;-1.850100217;-1.836047229;-2;12.55958055;12.50810715;2.213961265;6.520700377;6.375495331;12.54366157;5;5;NA;NA;NA;NA;NA;NA;NA;NA;NA;NA;NA;NA;NA;NA;NA;NA
26;24;-60.819502;78.03745218;801538.0928;-3057.56435;-3373;-447;0.400079444;0.384051546;-24435120;-1282.548814;-1419;0;0;0;0.060827243;0.045178055;0.024820404;0.013349266;0.069395636;0.069227255;0;NA;NA;17069.70916;0.322447186;0.341172431;0.343087035;0.345454312;49.80534628;49.94773535;29.88588413;30.05761798;32.44154592;32.45455086;322.5066805;320.8249118;245.1396842;244.1044555;24.70771641;24.83373389;0.030676308;0.028232681;1.712890304;1.690153709;34.69371251;34.68111115;33.91298689;33.93184151;84.90299848;89.24225469;-0.592134737;-0.678348572;0.201372876;-0.016631686;2.086410596;2.03938322;4.436679768;-1.859100943;-1.874961111;-2;3.950015334;3.925835123;2.739371209;0.340078722;0.261495256;1.097306769;23167;282;28.14603716;316.8709677;318.339164;18.77887396;1338;156;27.04040935;188.7575758;197.3617424;19.83825713;2658;185;20.00621402;319.75;348.4068398;12.86395997
499;499;61.01745036;-119.8073356;801575.876;NA;NA;NA;NA;NA;0;NA;NA;0;NA;NA;NA;NA;NA;NA;NA;NA;2869196;1.557580676;0;0;NA;NA;NA;NA;NA;NA;NA;NA;NA;NA;;;NA;NA;NA;NA;NA;NA;NA;NA;NA;NA;NA;NA;NA;NA;NA;NA;NA;NA;NA;NA;NA;NA;NA;NA;NA;NA;NA;NA;NA;NA;NA;NA;NA;NA;NA;NA;NA;NA;NA;NA;NA;NA;NA;NA;NA;NA;NA;NA
17;16;-61.01745036;60.19266437;801581.0484;-4688.781447;-4740;-2099;0.383751165;0.384608092;-715744;-37.34251578;0;0;0;0;0.044623973;0.039436996;0.01331449;0.011240271;0.060542812;0.060618122;0;NA;NA;14646.60221;0.27501741;0.303597959;0.284445097;0.284498727;57.13186099;54.03312095;29.9308065;30.02561387;32.78148049;32.7833185;324.5975946;322.4505788;246.8657263;246.4002834;24.06568605;24.16367948;0.018210502;0.016695744;1.617032367;1.618028387;34.66246429;34.66237524;33.87667651;33.85338279;81.71897816;82.06271975;-0.452137381;-0.599332441;-0.532489711;-0.550267597;2.028610061;1.95502097;3.512178337;-1.818668916;-1.874487933;-2;3.847489173;3.846880142;2.704238964;0.098826931;0.084340228;0.710074454;11888;258;22.86236973;285.7179487;292.9415968;13.83542173;1635;277;34.70595884;394.8571429;373.0629091;23.08544263;641;167;36.49578033;226.0357143;212.3404706;47.07079849
295;294;-61.11635867;-59.67474761;801601.0737;-2594.505383;-3345;1641;0.625917126;0.411042346;-17201168;-930.648055;-207;-120410;-2.345801675;0;0.125470849;0.110215354;0.040227059;0.029956361;0.074162702;0.071345259;0;NA;NA;7542.250034;0.147275053;0.053210677;0.245447236;0.089622537;48.34311561;43.98591964;24.29987602;24.90941859;32.30458482;32.61530665;344.7253833;344.2534399;226.4388839;215.2706952;24.2126463;24.39299427;0.055360304;0.013982267;2.602068185;1.774945214;34.65660563;34.68015109;33.74362557;33.80331712;38.10370896;33.4557813;0.609819679;0.283427461;0.068201185;0.174658109;3.789585121;3.667127437;8.266757761;-1.43265692;-1.764372854;-2;5.22309266;5.363971217;5.700371912;0.608668475;0.384560574;5.445044563;43445;2555;36.66393069;3556.361386;3584.644808;37.55238696;17116;2697;47.19940917;3737.077419;3792.130636;367.599211;8518;1833;45.82895787;2580.202073;2776.775665;225.4548291
424;422;61.11635867;120.3252524;801601.3194;NA;NA;NA;NA;NA;0;NA;NA;0;NA;NA;NA;NA;NA;NA;NA;NA;8452575;4.395437106;4;0;NA;NA;NA;NA;NA;NA;NA;NA;NA;NA;;;NA;NA;NA;NA;NA;NA;NA;NA;NA;NA;NA;NA;NA;NA;NA;NA;NA;NA;NA;NA;NA;NA;NA;NA;NA;NA;NA;NA;NA;NA;NA;NA;NA;NA;NA;NA;NA;NA;NA;NA;NA;NA;NA;NA;NA;NA;NA;NA
30;28;-61.26096956;168.2244687;801611.0615;-3819.128262;-3845;-403;0.348100427;0.329853879;-24383031;-1262.584455;0;0;0;0;0.124497871;0.119358796;0.028217938;0.018692936;0.072875113;0.068092968;0;NA;NA;9338.742606;0.174054919;0.013315536;0.182348947;0.026784713;77.29218814;68.63323572;25.87882319;26.48156428;32.77936627;32.79760067;335.7539194;338.4235827;229.4629301;224.272566;21.52786153;21.42535045;0.019824831;0.016916954;1.496710049;1.39159202;34.70342743;34.70733473;33.95886829;33.953175;42.69947672;39.19260685;1.961519898;1.736458953;0.356973876;0.449514266;4.679043112;4.618074139;9.013040059;-0.043618338;-1.3091499;-2;4.722977189;4.777473353;4.827693284;0.150453837;0.104890147;0.844635833;13808;196;24.75061322;292.6;294.8439403;23.38175515;231;94;37.55638919;129.875;137.7479476;56.11041009;286;160;40.55044399;322.0285714;377.9750076;48.11529412
469;469;61.26096956;-11.77553131;801612.4823;-1071.471859;-984.5;867;0.478490774;0.426307418;-18977183;-1059.585874;-982;-557079;-11.19644257;0;0.062573355;0.048731368;0.060611719;0.026192564;0.10038384;0.096958366;1300189;7.772949286;4;0.102270352;2.08E-06;0;5.01E-06;0;135.8000171;159.4688049;6.22557802;6.454361264;14.3285705;14.89285538;279.7019319;273.5945986;261.4947709;262.7573785;24.74658508;24.60991673;0.145040014;0.021404982;2.094198368;1.960082736;35.07231711;35.03897639;35.21345716;35.26509864;3.139481526;3.148911713;9.749915098;10.14675782;4.830878901;4.128516305;13.7305236;13.802796;16.20825681;7.120683213;7.900479654;-0.120637435;6.609840387;5.964490873;6.602449179;1.882831913;1.4415266;9.503201227;778771;3904;38.9802576;4872.606557;4781.689988;54.32071731;22363;1337;36.5781229;1827.412621;1805.397242;57.49222539;22466;1936;36.25595409;2671.848592;2624.601167;16.4598737
282;281;-61.92734914;26.26583243;801721.3263;-5084.629326;-5121;-2469;0.348132252;0.338689862;-145663;-7.380199625;0;0;0;0;0.027834539;0.023444613;0.018088834;0.013941589;0.062697599;0.061502584;0;NA;NA;21643.73518;0.394713776;0.41402563;0.341919173;0.362965391;52.64317253;52.77487132;30.58258989;30.65922864;32.86607693;32.89318425;321.3162896;320.0806758;264.2738717;263.9149791;24.02673604;24.09562708;0.025026221;0.025441687;1.562771274;1.540115063;34.65534254;34.65526701;33.98592915;33.98894944;110.1934633;113.0600593;-0.816845831;-0.901138612;-0.655031114;-0.660357354;1.868314154;1.86357154;2.57482364;-1.915528478;-1.91318521;-2;3.78384727;3.780222126;1.339980081;0.107827569;0.105278877;0.410741021;1015;94;29.20220718;100.0666667;101.7183305;22.68868236;272;53;29.05157792;62.75;60.9517742;33.41644083;598;61;28.12362432;76;78.7439816;33.6790356
446;444;61.92734914;-153.7341676;801724.2054;-107.2645488;-20;1744;0.71975122;0.732835352;-407094;-114.4486927;0;-213420;-21.61434069;-1;0.062923085;0.039617643;0.027917562;0.016927253;0.153096942;0.141098248;5237572;3.102799442;4;394.9980579;0.049704047;0;0.055583086;0;22.51832166;25.87850503;4.147057394;3.958403097;16.23711009;14.29281737;317.2021556;307.1276302;234.8215117;256.5559063;26.82020446;26.8019705;1.593683961;0.384989615;3.382153161;3.339850026;31.6194801;32.45092531;29.95099727;31.07558699;13.12298282;9.781746845;6.867039944;7.615043442;5.029016538;5.408831107;14.72470139;14.69367434;16.68371659;1.512726907;2.660210146;-1.840812764;13.21197448;12.27801971;6.976015327;6.73811396;4.061329915;18.21746417;47211;1464;41.35585225;2058.502392;2041.473923;73.44824291;1730;300;32.95385923;487.1153846;499.1531272;20.28617132;583;138;32.58697735;231;216.4255885;24.26565289
438;436;62.62169061;-152.88551;801818.0243;-130.3471506;-52;709;0.664441335;0.557267466;-1450445;-85.04016182;0;-2276509;-48.05600355;-43;0.059154312;0.034665696;0.04834492;0.018481919;0.140332216;0.128135051;1075166;2.912079608;4;12673.85635;0.277230212;0.308861913;0.301128209;0.29710264;25.66741591;25.2739808;7.693644849;7.679975854;15.3689452;14.76122354;341.8888252;343.6007913;279.9746588;298.6128155;26.38587617;26.34937977;1.376933291;0.566268144;3.089605457;2.681505664;32.1084369;32.46873768;31.45450841;32.00886862;16.2393026;14.74393096;2.758158985;2.588519402;1.183669919;1.067425041;10.88186003;10.55699675;14.9254602;-1.72589109;-1.761473624;-2;12.60777575;12.24888116;10.81481552;6.553721248;5.274284747;17.61792595;19586;1218;39.40344611;1870.20339;1877.912907;51.29740001;1354;278;34.08875669;419.9423077;434.3587272;20.64359067;1322;309;38.22307082;517.8;507.8958434;58.28721985
281;280;-62.62169061;7.694567299;801819.8229;-4721.751659;-5028;-446;0.342698089;0.341182946;-5736137;-283.9952966;0;0;0;0;0.021354905;0.017584881;0.007815185;0.005152222;0.073650701;0.073828735;0;NA;NA;26701.61104;0.475854277;0.475614736;0.423464855;0.413769811;55.250982;55.37916534;30.80213346;30.83746881;32.8988496;32.93217279;323.1894852;324.7461126;277.0739525;278.5292155;23.82801802;23.76800709;0.033607111;0.035218881;1.547877338;1.549521296;34.65318745;34.65199366;34.17688996;34.18191404;116.4003498;116.7940745;-1.04914764;-1.043916286;-0.68976992;-0.73334071;1.70620282;1.729091876;2.166179727;-1.92990316;-1.929980657;-2;3.636624398;3.654876124;1.085469047;0.091860226;0.088093072;0.564705504;1797;79;20.05396774;110.9090909;114.7540055;9.747643239;330;59;22.53800755;82.07692308;96.80147969;9.824972934;850;134;27.26513861;168;205.566151;19.07338965
493;493;63.14339682;-70.84747411;801872.1355;-165.4926165;-140;1270;0.307205973;0.281728888;-1978817;-161.443828;-140;-645882;-19.00715106;0;0.054212389;0.032221177;0.017000784;0.010057772;0.108613222;0.108115479;1649526;1.737299587;0;14584.44841;0.480557791;0.473033629;0.656603824;0.618094337;19.51205998;17.46873563;2.095510083;1.611107861;9.171143162;10.69976182;360.1764078;362.2596945;305.941861;293.4936219;25.12960491;26.19136893;0.513629402;0.073959464;1.721230075;1.597463337;33.05758126;33.25012103;30.69837601;31.21467473;7.148676247;6.735847771;0.105764691;0.079921059;0.126582743;-0.318309397;5.75447858;5.570661277;12.03981695;-1.794813747;-1.81470985;-2;7.54973242;7.380371825;9.023920651;2.438539555;1.839290038;13.0403111;17082;1202;48.97845697;1568.434783;1563.709016;245.5663647;32292;593;37.6815894;935.1265823;1045.66324;73.22827442;5524;427;37.74743998;560.4418605;637.0063035;69.90290657
33;31;-63.14339682;109.1525259;801873.1744;-3157.355517;-3818;435;0.329275379;0.315510254;-13865527;-747.79026;0;-87581;-1.701361773;0;0.048084076;0.046130989;0.019370402;0.015885339;0.068596657;0.06711446;0;NA;NA;19017.31208;0.366846298;0.344888617;0.439949357;0.387363331;51.18027805;49.28762411;27.75577741;28.01212503;32.44554253;32.78973027;355.0180126;354.3506028;243.7696021;237.8926012;23.08924234;23.21978046;0.03478549;0.017835991;1.490329778;1.458311743;34.65328654;34.67709178;33.90501861;33.9549479;52.47373669;53.30563533;-0.693882441;-0.743968937;-0.172307868;-0.288628286;1.87206869;2.101199943;3.997176483;-1.868444049;-1.89002075;-2;3.777870104;3.984839294;3.927987783;0.464563119;0.166602765;4.280203317;26063;455;27.8188465;705.5555556;676.5761758;24.95193659;1118;343;36.97896672;545.6190476;628.8857972;46.08524445;1465;393;32.57261982;683.7640449;784.7520532;24.19563036
312;311;-63.67490263;-91.01167596;801980.9088;-4701.381261;-4749;17;0.327580107;0.325887954;-310705;-14.82229749;0;-821;-0.01410459;0;0.08443228;0.080895834;0.022563545;0.019215389;0.063051428;0.062470098;0;NA;NA;3900.447022;0.067008779;0.003617843;0.07315669;0.010740555;90.29498177;84.80816899;25.31416034;25.45719781;32.86881414;32.88364827;332.3568152;333.218938;218.3747183;217.5481674;23.33696194;23.20296824;0.014423391;0.014017028;1.390142091;1.382358795;34.70459148;34.70510556;33.87882764;33.88851277;30.33477313;30.00500274;1.446195277;1.350617509;0.076512276;0.073544736;4.405775088;4.365279565;7.599579529;-0.579758569;-1.39718511;-1.996577074;4.985533657;4.952702826;2.925585333;0.129589038;0.101105871;5.112055608;4895;67;11.75841102;97;99.95631183;4.036018917;419;57;21.11105411;84.27272727;101.7737205;17.09954222;1320;267;39.87851282;345.0535714;367.9539169;84.84612388
434;432;63.67490264;88.98832402;801981.1648;NA;NA;NA;NA;NA;0;NA;NA;0;NA;NA;NA;NA;NA;NA;NA;NA;4335348;2.069630432;0;0;NA;NA;NA;NA;NA;NA;NA;NA;NA;NA;;;NA;NA;NA;NA;NA;NA;NA;NA;NA;NA;NA;NA;NA;NA;NA;NA;NA;NA;NA;NA;NA;NA;NA;NA;NA;NA;NA;NA;NA;NA;NA;NA;NA;NA;NA;NA;NA;NA;NA;NA;NA;NA;NA;NA;NA;NA;NA;NA
461;460;64.69340002;4.382138053;802130.3874;-1563.872441;-1367;1384;0.430796591;0.43993838;-23811076;-1346.32342;-1186;-217313;-4.425025453;0;0.065468487;0.04213899;0.029765576;0.016911686;0.105952566;0.104100636;6305430;13.54538307;11;0.038035909;8.06E-07;0;6.13E-06;0;78.71145955;83.97672633;5.190907603;5.618434547;13.32865742;14.71735801;295.9561984;292.6987137;288.9902994;296.8920062;24.80179305;24.59258502;0.114711505;0.013570891;1.967660607;1.995024388;34.97562354;34.91263175;34.85168954;35.07190116;2.960556936;2.710630761;8.630621244;8.821589489;1.993116542;-0.871056415;14.21537921;14.19256425;18.18609736;5.128004753;5.359616784;-1.393862223;9.087374458;8.888718896;12.96120858;1.251219947;0.404878798;18.42990092;611956;4257;45.05763603;5348.625;5312.74617;108.4000387;809096;3062;44.08906099;3743.620209;3686.559614;178.8941355;42388;1902;44.44332098;2632.063025;2525.708379;184.9459919
477;477;64.66849132;-30.28087047;802130.7082;-1104.60959;-885;1209;0.427847323;0.375330933;-19876961;-1108.277725;-885;-283492;-5.691239059;0;0.080666171;0.056046171;0.076542708;0.03905449;0.098273046;0.093795522;930261;2.147724282;0;4648.537013;0.096554857;5.99E-06;0.201243405;1.30E-05;110.3804329;122.9422923;7.354090939;7.823819057;13.60314698;14.73305411;304.2914194;290.799796;271.7979054;273.0023823;23.9026119;23.80768666;0.163881183;0.033742862;2.005821397;1.776988346;34.91345857;34.94274376;34.42654812;34.9865265;3.958271783;3.937024496;6.12874524;7.548681269;3.701736262;3.490299261;10.6709981;11.74133301;14.50930607;3.270572688;4.855240668;-2;7.407630861;6.848453137;10.91283158;1.851668006;1.247262666;15.70795955;35398;389;18.31845025;534.3571429;464.1549618;9.731413847;2251;483;44.27483907;674.25;637.2948364;160.0088736;1958;532;43.51695465;922.2307692;974.7315354;140.0103718
31;29;-64.66849132;149.7191295;802132.5598;-2644.299759;-3012;341;0.358342115;0.32587586;-30660980;-1571.63258;-1522;-57247;-1.056315158;0;0.054710703;0.0497104;0.019750188;0.01432613;0.072656603;0.072804604;0;NA;NA;25395.4443;0.468948634;0.513245502;0.519256783;0.551147363;48.10045713;42.45249551;28.53118822;28.46465977;32.35860268;32.52615221;346.9464811;349.4615697;254.2525794;249.7233212;24.50134216;22.87728646;0.056489451;0.028398918;1.649605439;1.515369597;34.6639426;34.67981084;33.98308409;33.96945736;59.69494923;53.66227085;-0.942088717;-1.035030121;-0.23979968;-0.130337846;1.576607918;1.647349615;3.951773511;-1.892625696;-1.900295306;-2;3.471092913;3.53934071;4.093700488;0.38342574;0.248521724;3.443889057;20419;812;37.51374845;1036.0625;1069.168327;51.86681095;2295;508;39.83491003;910.0689655;1007.852272;62.51735926;2049;568;42.03851978;1100.829787;1189.989061;100.2172439
22;19;-64.69340002;-83.99053782;802132.5952;-3302.630726;-3305;-156;0.359409897;0.35382026;-39874445;-1835.75549;-2663;0;0;0;0.082074035;0.087162324;0.010638501;0.007391625;0.074559336;0.073846707;0;NA;NA;20769.55347;0.344140268;0.367257775;0.339699578;0.380524858;55.58845029;48.89953064;28.48647212;28.78550587;32.72587711;32.69539795;330.0705754;332.7185431;242.5278459;239.8459346;21.85733046;22.00004845;0.028175336;0.025062216;1.477290699;1.454295431;34.70515531;34.70463074;33.93410629;33.88362214;66.20527488;59.59876203;-0.31632941;-0.724157849;0.342617009;0.417976117;2.241298113;1.984800665;6.475631316;-1.740885803;-1.863812545;-2;3.982185802;3.843609762;5.272662137;0.113752059;0.09539312;1.940403072;9826;292;28.03067856;385.12;394.6450368;22.78358605;2801;534;43.81941035;698.3877551;707.6542381;155.9668608;5788;1170;42.70515741;1431.113014;1524.546271;63.12191041
485;485;65.3345937;-51.19514603;802223.9322;-722.1371319;-373;1502;0.489850005;0.452003775;-8843371;-739.9072122;-373;-368828;-11.10392582;0;0.073555859;0.054280051;0.028190911;0.013970261;0.105205968;0.106359899;992577;0.888335295;0;5788.73939;0.198530057;0.135679088;0.320847136;0.217391242;34.47890091;30.56115979;5.727613519;5.531523082;12.55705415;12.58479188;329.2724084;326.5633679;281.3365208;281.1432741;25.34093334;24.91068681;0.245496011;0.070216948;2.39486965;2.248804118;34.47889925;34.52514798;33.07625335;33.15257044;3.940935887;3.637496386;1.716655643;1.763150104;2.569286602;2.723096966;7.026974474;7.240276029;11.58820699;-1.608716123;-1.751847944;-2;8.641621447;8.68585482;7.531455646;2.846646623;2.001774647;13.506323;7990;703;41.92885923;806.8214286;851.8580242;67.60545333;12560;592;37.56240874;692.3153846;764.9716447;69.03478661;19083;758;38.86416122;914.0196078;998.2963827;79.95120938
32;30;-65.3345937;128.804854;802228.6147;-2723.706537;-3367;238;0.383472428;0.320783693;-11452689;-782.3409386;0;-100989;-2.483926507;0;0.049449913;0.043957397;0.01527284;0.011534397;0.069198146;0.069772477;0;NA;NA;15989.39422;0.388771499;0.392142137;0.446257544;0.433227147;48.1007383;45.01213451;27.3224966;27.64756732;32.1962754;32.56767056;356.5334893;356.868606;255.3749918;245.8290591;21.56091538;22.51614473;0.058182553;0.02450327;1.685826499;1.451302404;34.64431171;34.67788744;33.88698121;33.91474553;50.16552999;50.61991313;-0.761122784;-0.832148706;-0.24287313;-0.268112516;1.713503007;1.885811665;4.41550378;-1.869080237;-1.889406965;-2;3.628433534;3.781744139;4.274458499;0.59415627;0.224053594;3.767891019;11790;264;31.03384592;350.8888889;347.064389;27.91445416;760;370;44.05069948;751.875;900.3064211;122.893617;531;165;30.07181713;424;490.743395;16.70681993
288;287;-66.02862216;-25.64494379;802291.5987;-4781.805283;-4823;-3088;0.326083683;0.325799793;-88387;-3.865771519;0;0;0;0;0.021934419;0.018618761;0.004560223;0.003622935;0.070804116;0.070726049;0;NA;NA;41918.09456;0.659971575;0.655311213;0.677140054;0.680398277;58.24712087;58.56188032;30.95936435;31.10180653;32.91946082;32.92797179;321.2597349;319.764876;277.0703931;278.8025269;19.67904814;19.51791429;0.035218361;0.037459186;1.487383318;1.441444394;34.65002401;34.64955496;34.21469244;34.21848262;116.1901885;117.8722527;-1.476521769;-1.47476453;-0.796302769;-0.818212078;0.732406355;0.773007575;1.353016017;-1.951521407;-1.946797281;-2;2.68626273;2.734280775;1.533978411;0.085161514;0.086525408;0.147358336;270;79;34.87779473;85.10714286;90.92260898;32.95660036;73;45;34.11349983;100.1111111;129.1070791;27.32820513;307;125;38.59007649;186;215.6474888;60.92372334
431;429;66.02862216;154.3550562;802291.8774;1.316062176;-2;94;0.784683572;0.788834086;0;0;0;-1588;-3.019011407;-2;0.007956326;0.007109686;0.013585699;0.013481404;0.254987119;0.255185295;9224536;4.056882776;4;185.9377474;0.657023842;0.662255093;1.062273722;1.065092975;7.592374633;7.019257545;4.115646242;4.210285259;3.04454858;3.184602169;363.264405;363.9840116;371.8781054;371.8184299;23.50450801;24.40812163;3.448992227;3.323753086;3.378337303;3.389500392;17.9682037;17.60001433;16.73447099;16.51108884;30.00668514;30.20062116;0.225651583;0.241559258;0.390466529;0.401921197;7.077171063;7.049139799;12.90933559;-1.344579896;-1.329030102;-1.995325261;8.421750959;8.379993336;6.83455187;8.998958966;8.99583046;6.478445266;17;8;NA;NA;NA;NA;NA;NA;NA;NA;NA;NA;NA;NA;NA;NA;NA;NA
321;320;-66.41595718;-109.0770136;802371.693;-4571.046046;-4761;-335;0.321054065;0.317633812;-2969913;-127.9252671;0;0;0;0;0.064416113;0.061758182;0.020100199;0.018086931;0.065682449;0.065202688;0;NA;NA;16152.39987;0.250420922;0.196983709;0.25207247;0.201626478;63.85309973;51.94629213;26.54461999;26.543862;32.81281274;32.81674586;334.2174514;333.6465074;227.6807127;227.6977995;22.642127;22.80153345;0.016315323;0.016066199;1.340042698;1.300337512;34.7039371;34.70373914;33.77773703;33.75748158;37.51899712;35.97744471;-0.00454074;-0.31011694;0.055203171;0.012174016;2.759845768;2.789950342;5.167722708;-1.568895461;-1.845279852;-2;4.329258705;4.428128054;4.318101655;0.085123111;0.077266187;2.185881929;727;66;21.24669247;167.5;104.2046239;16.85951705;306;71;25.92914501;100.5263158;118.7233399;23.42071036;1170;288;41.55349346;415.3684211;448.2347713;108.0255682
443;441;66.41595717;70.92298645;802374.0631;-2.911397849;-3;111;0.965346443;1.182372508;0;0;0;-36477;-5.654472175;-3;0.021760984;0.014553907;0.019572565;0.011578609;0.371979671;0.439151702;4693417;2.199937472;0;883.7389404;0.170310068;0.01738014;0.181141007;0.022068562;8.325604355;7.019257545;5.130826256;5.506204575;4.803037198;5.022508966;356.7565455;356.7657523;358.5063701;358.665058;22.18400362;21.40184362;3.758333582;4.261487768;4.018361813;4.878177075;27.48748673;25.40092868;26.96401468;24.96416197;71.63051856;87.15083189;1.831324385;2.412725273;1.958192265;2.553434024;5.060742647;3.974657499;9.998220852;0.146995091;0.697274347;-2;4.914623124;3.2205954;10.38636635;3.716439244;1.719076056;11.1098403;194;42;25.33239729;47;49.36268048;18.76171486;3;3;NA;NA;NA;NA;NA;NA;NA;NA;NA;NA
452;451;66.51093761;25.28888253;802394.8098;-10.65224767;-14;1219;0.550651166;0.514362141;-171680;-36.40373198;0;-273509;-20.82133069;-1;0.042788791;0.02318354;0.025566113;0.010178858;0.185997642;0.187179311;20823381;10.5317578;9;1071.462576;0.113202596;0.130578633;0.091419628;0.095049992;19.78609899;15.23722361;3.209391012;2.883264044;6.477524649;6.241423552;333.2300047;340.5971327;298.3576939;297.7147062;29.21660524;29.21334496;1.605567289;0.507961517;2.493192165;2.326523987;24.04048086;32.9690018;22.7033897;28.98650462;24.18954799;25.09434402;6.302470663;6.330912726;5.045509476;5.400149334;15.06427421;14.60876215;20.58903051;0.787007293;-0.395865735;-1.889644049;14.27726692;15.70598963;13.46090184;7.691505734;5.416452483;20.48290136;216871;2396;32.47672515;3505.520725;3617.859081;33.18022417;6926;1184;42.52177039;1856.039106;1793.220167;108.3610267;4001;177;24.29444152;238;260.4746885;18.18919466
11;10;-66.51093761;-154.7111175;802402.5971;-3898.736718;-3993;-550;0.36784037;0.354545424;-16282536;-698.761308;0;0;0;0;0.031863532;0.026326512;0.007587852;0.005215069;0.073068459;0.072797855;0;NA;NA;35147.02699;0.543029278;0.567074826;0.512083058;0.53289484;49.87692696;49.82374727;30.18536046;30.61532409;32.71422129;32.71211174;320.5166844;319.4023861;266.8211377;269.9980151;21.08491652;21.6032246;0.037241715;0.039300058;1.480179534;1.433264803;34.69883295;34.69867694;34.00995795;34.01692056;93.78596055;102.8477406;-1.295196933;-1.361929923;-0.039015942;-0.051236755;0.825869725;0.719260008;2.130443128;-1.915704222;-1.912023928;-2;2.741574054;2.637499503;2.453067233;0.103200069;0.102302242;0.499847783;1083;73;18.38071782;102.0625;133.222858;11.74286401;70;33;27.29266055;54.85714286;60.30679187;19.6;25;19;NA;NA;NA;NA
490;490;66.67732152;-135.9124605;802414.4371;-145.5898103;-32;235;0.553661159;0.492863077;-337772;-125.6124954;0;-164672;-22.22894168;-10;0.03817792;0.034848821;0.019977021;0.012526397;0.173476354;0.169981645;3966574;1.882125574;0;4280.79444;0.646645686;0.66512157;1.134754771;1.162726054;10.79021762;11.19242145;6.597116301;5.924961558;8.579997666;8.765225908;361.5579445;368.6760584;343.3232909;347.257751;25.33513238;25.49491383;1.334228496;0.444154416;2.443243745;2.244481229;30.57560186;31.78700444;25.99390323;27.35601928;26.92704291;23.55153719;-0.03704245;-0.063360866;-0.383114373;-0.516785027;7.324455626;7.316530642;10.63356543;-1.802860363;-1.777875125;-2;9.128772552;9.121438442;5.646514009;4.633728188;3.999029636;12.60272867;30615;925;43.78444884;1339.126761;1222.135526;95.77302675;3363;387;45.51022903;501.4666667;542.9828023;237.7450337;2980;337;45.29044745;435.2758621;426.467831;225.1166092
7;7;-66.67732152;44.08753947;802415.2179;-3179.844423;-3712;445;0.376585712;0.354501725;-12441484;-781.7457744;0;-78628;-1.778914027;0;0.043206205;0.036381347;0.011095997;0.009120376;0.062695489;0.062620277;0;NA;NA;24447.55636;0.562051552;0.524010316;0.571202945;0.500915984;58.26512151;52.56371177;30.47470205;30.70061369;32.40534514;32.66363356;323.5357014;316.7968631;265.9806313;260.8844329;22.82036204;24.0085482;0.05395519;0.031862607;1.654090892;1.571868558;34.6245046;34.66310795;33.96498492;34.05759804;103.9937077;105.6492196;-1.240758957;-1.185809569;-0.334567687;-0.416530997;0.884287409;1.118528674;1.884513923;-1.949063668;-1.94385505;-2;2.844014634;3.110123632;3.666759158;0.536722744;0.258668374;3.631099262;7691;425;20.09694577;1002.886792;1046.924869;11.45656251;968;471;45.44845222;697.3053435;761.0041219;151.0841664;253;136;41.09899412;245.7741935;283.1492652;69.65070729
21;23;-67.19024987;90.00297336;802437.972;-2090.726141;-2529;226;0.392486886;0.333106236;-11086417;-1179.531546;-540;-61454;-2.351766102;0;0.037444781;0.034468683;0.009982156;0.007589369;0.07777093;0.079574327;0;NA;NA;16831.85317;0.623956597;0.638966692;0.782382131;0.755742515;54.12262481;52.3004369;28.5696243;29.31971903;31.89170227;32.71021643;348.3199164;344.8407841;256.9207313;238.6208002;20.47358574;21.14933159;0.130091238;0.021593642;1.733370721;1.497368088;34.5839676;34.67652424;33.73323355;33.86238561;67.16632694;68.06571356;-1.45163032;-1.501449457;-0.32653502;-0.232824575;0.710939013;0.793536577;3.794423319;-1.958301643;-1.961335597;-2;2.713383039;2.773405165;5.014827738;0.794778994;0.313458754;5.948024347;12377;514;31.44532996;728.3658537;798.8572491;18.94451348;1460;708;47.08535895;1302.64539;1360.47348;289.4622488;1521;322;28.05054164;653.6666667;728.3632885;17.95773402
492;492;67.19024987;-89.99702664;802446.7321;-63.98088277;-46;433;0.2679531;0.246856306;-378148;-35.43697873;0;-1049740;-35.36144984;-14;0.018397386;0.013077455;0.008898447;0.005601647;0.104476285;0.103966977;2331461;1.539495336;0;16264.58868;0.668581768;0.667770801;0.921319893;0.955040632;16.3375416;13.55192256;2.32092741;2.138361971;8.064773808;9.146339029;366.3977623;366.6990013;315.7378285;314.5592137;19.66003186;18.40099937;0.553055997;0.217636661;1.386239542;1.300620578;30.65799752;32.6169095;28.39245011;30.20220374;9.596860916;10.16427255;-0.484221766;-0.849017356;-0.779854915;-1.009841344;5.32665933;4.466026128;12.31550527;-1.700991011;-1.810398347;-2;7.029021454;6.257524862;11.20305816;2.491060468;1.169941229;12.96517912;2107;277;42.08580032;299.4;326.8129209;89.39507863;1;1;NA;NA;NA;NA;NA;NA;NA;NA;NA;NA
188;186;67.14974377;48.64692387;802487.9497;-55.95575666;-51;289;0.351266162;0.324176391;-103908;-10.44826546;0;-1311792;-47.5476458;-49;0.040807573;0.034935122;0.022512699;0.016497042;0.158584486;0.13766126;4741131;3.255419427;1;5029.94276;0.194996812;0.198958527;0.216674336;0.205933369;25.97995668;18.74794175;2.767610735;2.119935779;4.78493639;4.470650873;341.5893194;342.1263314;329.6666384;325.9619653;27.780859;27.98953567;1.088029058;0.556212082;1.790627244;1.708554283;33.08772405;34.12291987;32.14297023;33.2861552;7.427663036;4.512215719;2.725983921;2.619932256;1.23937518;1.188472459;10.19428595;9.749630442;15.24749784;-1.619850947;-1.835206382;-2;11.81460706;11.43129461;7.914714269;7.065716295;6.479180638;15.74277561;29471;952;34.30126377;1252.627907;1228.610234;26.96225507;1102;135;28.86927249;174.1363636;172.7059046;24.73630179;1835;165;33.53661246;221;216.2188512;46.20168494
584;585;-67.14974377;-131.3530761;802493.5137;-4270.217907;-4373;33;0.352819853;0.352465393;-5049016;-211.0527944;0;-1929;-0.029035026;0;0.037008216;0.034105505;0.013208604;0.010312332;0.069372447;0.069317204;0;NA;NA;29962.90875;0.450997317;0.4805105;0.420809699;0.43969131;50.77118124;51.73664991;28.37793717;28.45636645;32.7657109;32.77142746;332.3909112;334.1846239;246.7771736;246.7709161;21.47509545;21.71775448;0.023104297;0.02238477;1.400986599;1.391269844;34.70206855;34.70173557;33.79797611;33.79712584;55.80743401;52.74738101;-0.997994792;-1.147534825;0.018107217;-0.027328432;1.402345798;1.303263138;3.916760461;-1.897900932;-1.897237207;-2;3.300272947;3.20065467;5.124294374;0.076429842;0.072504687;3.382252434;305;36;17.72341341;70;76.24977679;13.97401232;239;53;25.92689388;64.76923077;73.34786459;24.19356205;1593;228;22.03672789;319.5283019;349.0106398;3.697057242
304;303;-67.60352318;-71.14597157;802536.0528;-2232.51443;-3042;1653;0.461358698;0.365968145;-10323871;-635.2760446;-192;-126889;-2.814376968;0;0.060848064;0.04698879;0.023530688;0.017818975;0.078436396;0.078227556;0;NA;NA;18455.32485;0.398904676;0.364505567;0.508747719;0.382180834;34.34022305;37.25054795;25.33539446;26.57565071;32.17821794;32.79648574;353.8717864;353.8552977;225.3291931;216.8728995;22.41632529;24.2046246;0.117967964;0.014072911;1.96756515;1.571439209;34.62737544;34.70590518;33.41719144;33.67393377;42.05268861;42.08193357;-0.717093991;-0.663692165;0.391031003;0.211640269;2.387011298;2.627238087;4.760542045;-1.903808096;-1.899574147;-2;4.2979366;4.549503351;6.507810418;0.475447991;0.144600046;6.380999112;26206;1636;35.40001445;2386.244444;2440.238061;34.08540459;6532;1145;40.35898308;1731.3125;1906.034244;85.58635658;2003;578;45.03053513;817.6842105;908.5674713;193.2846269
433;431;67.60352318;108.8540284;802536.437;NA;NA;NA;NA;NA;0;NA;NA;0;NA;NA;NA;NA;NA;NA;NA;NA;5854393;2.401276192;0;0;NA;NA;NA;NA;NA;NA;NA;NA;NA;NA;;;NA;NA;NA;NA;NA;NA;NA;NA;NA;NA;NA;NA;NA;NA;NA;NA;NA;NA;NA;NA;NA;NA;NA;NA;NA;NA;NA;NA;NA;NA;NA;NA;NA;NA;NA;NA;NA;NA;NA;NA;NA;NA;NA;NA;NA;NA;NA;NA
296;295;-68.46135947;-47.55762992;802649.1078;-2988.073045;-3387;-7;0.290848845;0.292672764;-27285407;-1081.423923;-393;-17173;-0.24489825;0;0.026843315;0.025144852;0.018335259;0.010549223;0.050372473;0.052591281;0;NA;NA;61215.76779;0.871002074;0.897583666;1.197565501;1.150412862;55.95529774;51.97096739;29.37211017;29.77175634;32.31800404;32.5058842;332.3581425;330.8209097;274.9306461;272.8003535;20.12406504;20.09333249;0.032070855;0.031985125;1.420937414;1.467588038;34.65598679;34.6581746;34.05469064;34.09898635;91.03919013;89.57897029;-1.748504849;-1.780860535;-0.550177317;-0.489653814;-0.364422241;-0.159380723;2.334711487;-1.918382152;-1.912355096;-2;1.554792259;1.761730604;4.110076029;0.258651405;0.123038558;1.735425202;346;63;29.05178434;79.15384615;87.41139556;29.24181729;30;20;NA;NA;NA;NA;807;296;43.36249845;418.5789474;478.8051075;129.2417146
432;430;68.46135946;132.4423701;802651.0931;-8.771697307;-14;304;0.41488319;0.366087731;0;0;0;-75791;-11.67812018;-14;0.013615454;0.01174535;0.017534795;0.013973804;0.245506341;0.245823909;6181251;2.657597837;0;3908.292423;0.685184506;0.699251194;1.001013961;1.007333375;10.26903837;10.8208659;2.200322555;1.661268061;1.719272417;1.340832698;390.2140061;392.4717757;389.9538574;390.7930586;20.17393033;20.38997461;2.93585061;2.91261444;1.907589609;1.731225159;17.97868089;18.19653113;16.76088632;16.70088104;27.36118254;26.24828799;-0.133646501;-0.169213973;0.152818736;0.09132673;6.782752437;6.973390862;7.887590768;-1.369332116;-1.37405454;-1.923572301;8.152084553;8.339001883;4.776572077;8.632508649;8.831629225;5.65184704;139;39;20.51638311;165;179.1497004;8.730682332;1;1;NA;NA;NA;NA;NA;NA;NA;NA;NA;NA
16;15;-68.61373414;66.80881524;802670.2925;-1751.269723;-1936;337;0.383405231;0.357317432;-15815920;-1455.94403;-821;-131721;-4.36798647;0;0.038970052;0.03263021;0.011898349;0.007471877;0.088180395;0.076121974;0;NA;NA;18969.15823;0.651570028;0.65845066;0.632648725;0.632036617;70.35662203;63.86487881;30.12778191;30.4172026;31.89483436;32.4029081;327.5862598;325.7778662;272.5828906;255.9267391;26.54225906;26.49513948;0.083411412;0.037540728;1.745434296;1.67402951;34.58110815;34.66691641;33.98766312;34.02851915;91.24431116;93.30126988;-1.379633411;-1.391683382;-0.62428613;-0.28841452;1.188245388;1.194589075;2.222904094;-1.944255561;-1.941378155;-2;3.136966129;3.147186977;2.609852843;0.774366929;0.449110015;3.90207376;197834;1250;11.13113588;1711.272727;1797.998147;5.35820094;16360;1235;19.99659362;1794.438525;1874.940324;3.076182766;10490;1069;24.35999188;1526;1614.196356;8.863586753
491;491;68.61373414;-113.1911848;802677.9344;-109.9905423;-61;664;0.23444591;0.222456579;-643290;-95.06280479;0;-469431;-24.96044026;0;0.013565315;0.009785811;0.006976654;0.003752595;0.106052461;0.104395145;1511520;0.782512539;0;10255.76501;0.676234011;0.651399041;0.934227168;0.88125523;14.33577782;14.50217033;2.976429944;2.747593059;11.3433585;11.55254289;369.739448;371.2500203;291.5227436;295.7505371;22.10350008;23.09332012;0.306030232;0.103203702;1.194773325;1.164375956;32.45934939;32.54601177;29.03022263;29.78008392;11.23005936;10.71234298;-0.47845009;-0.304506058;-0.475165009;-0.472365509;6.21873766;6.753224121;9.971650143;-1.790183403;-1.810976951;-2;8.008939131;8.515785398;10.05945637;1.790181766;0.961293144;11.33079497;14390;412;28.12357374;412;412;22.16695734;1220;60;21.29951054;60;60;15.82461512;368;61;26.41674712;61;61;23.60948396
289;288;-69.47573198;-3.649611404;802741.7894;-3795.491617;-4329;80;0.363363546;0.327224671;-11208330;-661.6487603;0;-29877;-0.635410464;0;0.048976646;0.039937607;0.00628998;0.004204365;0.0800094;0.076966465;0;NA;NA;30033.30526;0.640164239;0.642971622;0.676629779;0.660595956;59.61101233;58.01268623;30.9662987;31.22473891;32.80896675;32.9939498;320.6897525;318.4147296;280.8713722;282.1628221;23.97228044;23.97612676;0.047407748;0.040880254;1.630539643;1.468662045;34.64810659;34.6570041;34.15191596;34.21150527;114.3453392;118.7041458;-1.415408466;-1.423995567;-0.4806574;-0.55251121;0.895215708;0.917025219;1.805223342;-1.948572796;-1.941814642;-2;2.848864478;2.859017326;1.903903301;0.21691062;0.10915433;3.37740142;6139;731;31.91135568;844.7692308;891.90639;14.03320957;7391;1275;47.55032378;1670.005025;1640.678118;441.1762221;4772;1268;47.98893543;1518.803175;1618.070985;512.9980626
439;437;69.47573198;61.94717936;802748.6171;-38.71838035;-40;418;0.369714605;0.345790252;0;0;0;-1703808;-39.88314607;-40;0.024175942;0.01450545;0.030371597;0.018406177;0.116906729;0.108086131;3107630;2.731144466;4;28780.44538;0.692270298;0.698332132;1.331421538;1.34854848;15.41852094;14.46627527;5.686102271;5.053582214;9.414079161;9.535254293;368.0940392;371.3286809;338.3062797;334.0541889;21.21757929;21.08421897;0.865885768;0.532729793;1.744054022;1.674268563;30.46119615;31.13913868;28.60501329;28.84447305;21.45332822;20.76199446;-0.493019901;-0.652294501;-0.633357051;-0.724695244;7.492420475;7.313294512;14.63330138;-1.723177165;-1.766292412;-2;9.215837201;9.021391776;11.49549757;4.590492628;4.513409601;16.87930923;3061;408;37.23007027;573.4864865;586.5180475;39.64156946;716;110;29.8560213;139.3333333;140.0129467;23.53576347;186;57;29.67187268;73.5;81.28837359;29.07226891
290;289;-69.81408392;21.72415071;802811.8988;-3119.470082;-3545;541;0.373480517;0.344958284;-12741072;-961.3726703;0;-66451;-1.805684628;0;0.054688114;0.044771802;0.006298146;0.004651319;0.069328497;0.069134167;0;NA;NA;23130.46232;0.646951649;0.644516073;0.658256277;0.613390838;53.47407589;51.39894805;30.56465324;30.79613188;32.52139683;32.65611824;319.3806668;313.0839089;272.2370125;268.6680069;23.02307207;24.07821025;0.058153549;0.036284639;1.691135701;1.597017357;34.63716082;34.66688216;33.98212619;34.06181384;107.7081369;109.7552997;-1.446404791;-1.431281706;-0.294876621;-0.30159708;0.643429653;0.690192776;1.582903941;-1.981268175;-1.985800699;-2;2.639839915;2.696620561;2.458658556;0.350673264;0.206115811;3.132957014;638;139;28.98870268;212.483871;242.1101962;13.13045161;297;190;46.24791025;284.9354839;300.1595745;151.8227194;208;102;40.36520333;157.4347826;152.8160345;70.92459016
447;445;69.81408392;-158.2758493;802820.0224;-784.9184929;-50;258;0.452538277;0.393171929;-5371510;-344.1951813;0;-1269733;-29.28283481;-34;0.063345047;0.052047898;0.052796499;0.039039975;0.115824608;0.107490596;2381476;1.988087218;0;27065.71474;0.649556368;0.685323956;1.335194219;1.31482845;20.10143143;19.80901599;7.788353133;7.632499815;11.64126936;12.03090269;358.0993699;356.2079246;324.5480816;330.2761114;21.5258235;19.511669;0.703890828;0.431354811;1.946153136;1.734234204;33.05421046;32.56150896;31.09897059;31.50678323;19.87063515;19.82880713;-0.183976846;-0.618348443;-0.237450654;-0.527845271;7.293279728;7.085654015;13.26328697;-1.802788173;-1.810387394;-2;9.09607972;8.911651707;10.26948672;5.014645823;4.920417889;16.06279389;50042;1856;47.49200748;2399.110599;2359.603935;171.8612601;3851;438;44.73963562;562.3846154;543.9538841;189.7245769;2382;348;45.25368531;733.5882353;422.7860999;216.6777667
23;20;-70.19129621;165.0263337;802858.5156;-2024.756304;-2392.5;1723;0.353522664;0.327442072;-32158596;-1877.106934;-2297;-115558;-2.428250226;0;0.027207422;0.025767404;0.015069442;0.006624321;0.073114064;0.07229063;NA;NA;NA;35246.94137;0.756973163;0.746346675;0.747936176;0.706465314;60.33244468;57.62779984;30.23481375;30.56062928;32.19251116;32.38786355;316.4399265;314.6978089;266.5800828;259.7377988;19.30917429;19.08930678;0.07102224;0.04763349;1.568322579;1.465746276;34.67273191;34.69776478;34.09161695;34.12314809;91.03428824;93.37522916;-1.606607576;-1.603570955;-0.143075813;0.137768564;0.086673833;-0.01405871;2.569315424;-1.936674931;-1.929230228;-2;2.028977993;1.921164153;4.129679565;0.485029274;0.337803417;4.45348554;24161;1894;24.88210678;2666.40113;2726.113423;6.613992797;15581;2461;47.78119334;3217.564815;3259.015859;473.3999867;16156;2658;47.50521432;3297.823748;3435.551958;397.193246
468;468;70.19129621;-14.97366629;802860.8407;-1391.640484;-1383;1878;0.340238632;0.317169098;-32587112;-1323.495736;-1312;-176676;-2.581472823;0;0.052005419;0.035393283;0.014356052;0.007608349;0.099644887;0.098658349;942556;2.914673932;4;11252.4919;0.171122343;0.026200085;0.392049789;0.074445457;68.08882933;60.8714253;5.990682563;6.272987044;13.40715841;13.88739901;348.5564835;350.8012591;301.2872134;299.5911459;22.9404843;23.10751899;0.038152246;0.013725068;1.711339484;1.615014061;34.86901667;34.90865592;34.11545338;34.55191095;3.930744223;3.119900527;2.224849691;1.96157938;-0.156133525;-0.653786384;7.70922137;7.633770022;12.63805865;-0.91097604;-1.629669154;-2;8.623119206;8.725891471;9.032343161;0.82768084;0.327755774;12.79310716;3329;360;31.73146594;592.1186441;584.215308;29.40608275;1134;212;35.3273936;318.3095238;355.8787218;49.37628628;1848;387;38.88026635;617.4482759;582.8591343;49.62082994
484;484;71.43702283;-70.02608694;803000.9339;-837.7324969;-615;1521;0.303093683;0.302644088;-18263316;-851.8735016;-615;-355506;-5.966367374;0;0.043588967;0.031220272;0.012996606;0.005564339;0.092866656;0.090622078;1588006;1.70755353;0;32352.25502;0.589809943;0.60998503;0.838869873;0.853002832;25.53311726;26.27082038;3.184096423;3.251171216;16.02010318;15.77199207;365.2570215;366.4406395;227.0293559;237.6398823;24.41229381;24.29737038;0.175884819;0.015285654;1.588892566;1.575323692;34.10057291;34.50058453;31.84469988;32.15037742;8.56563424;8.944639684;-0.374886286;-0.488714254;0.154717586;0.160721023;6.453628457;6.798349318;9.240604132;-1.87322375;-1.875099997;-2;8.327228933;8.671106336;7.070749005;0.943043276;0.487094121;10.50195623;6832;490;39.40809508;490;490;54.66675412;4814;285;39.2858152;285;285;87.08718265;13630;221;32.40199903;221;221;43.84214958
25;22;-71.43702283;109.9739131;803001.4374;NA;NA;NA;NA;NA;0;NA;NA;0;NA;NA;NA;NA;NA;NA;NA;NA;NA;NA;NA;0;NA;NA;NA;NA;NA;NA;NA;NA;NA;NA;;;NA;NA;NA;NA;NA;NA;NA;NA;NA;NA;NA;NA;NA;NA;NA;NA;NA;NA;NA;NA;NA;NA;NA;NA;NA;NA;NA;NA;NA;NA;NA;NA;NA;NA;NA;NA;NA;NA;NA;NA;NA;NA;NA;NA;NA;NA;NA;NA
442;440;72.70092963;90.41100648;803142.4633;-26.09954751;-29;80;0.401002963;0.303872857;0;0;0;-553442;-27.30484977;-29;0.045709483;0.03434235;0.025085561;0.016193884;0.180550725;0.161769007;4375041;1.826127952;0;12796.25518;0.650447577;0.665293286;0.818316235;0.835319595;11.62915732;11.19729131;5.120985002;3.265035483;5.08208394;3.812346397;370.7766736;373.3771459;359.2285607;357.4653966;19.11499305;19.49087274;1.361716472;0.669798924;1.729608527;1.406923033;30.16088768;32.23427819;27.41011147;28.73666887;29.50708433;25.41452346;-0.575687681;-0.656661035;-0.757118262;-1.02165339;4.7826928;4.616455178;9.596029467;-1.732691803;-1.803334629;-2;6.518039981;6.399164509;8.36753145;3.83160836;3.024409951;9.753286568;5079;236;32.74637927;309.3125;312.7629957;37.31549788;1465;132;27.71046108;181.5;182.1681245;28.08055632;165;69;34.60505248;102;108.3727134;42.07882535
313;312;-72.70092963;-89.58899352;803142.6802;-1738.366757;-743;832;0.350539854;0.319549213;-11113765;-719.8966835;-506;-88716;-2.068213078;0;0.031765897;0.0291539;0.010299885;0.004754908;0.086696125;0.079696065;NA;NA;NA;29590.85987;0.682288676;0.711745708;0.840300663;0.851348878;32.76993787;33.63977773;25.47802938;26.96771494;32.16902237;32.43223043;356.8209137;356.4068134;225.6220554;220.2006824;19.31622274;19.23571555;0.042691348;0.018890606;1.574139384;1.482919165;34.66607048;34.70473838;33.35249017;33.48870812;45.01859075;46.98231297;-1.503255958;-1.612641475;0.440429655;0.325821296;0.590019776;0.579090463;3.695560657;-1.942721999;-1.940086289;-2;2.535695104;2.532917991;5.587755327;0.725338943;0.360008256;5.615569416;282;101;35.99963159;167.3;170.1823804;27.51695502;631;248;43.81065246;395.5217391;394.1434862;135.0155985;613;274;43.90035517;387.3108108;403.9926413;119.1026941
24;21;-72.73592162;137.8076839;803153.8819;NA;NA;NA;NA;NA;0;NA;NA;0;NA;NA;NA;NA;NA;NA;NA;NA;NA;NA;NA;0;NA;NA;NA;NA;NA;NA;NA;NA;NA;NA;;;NA;NA;NA;NA;NA;NA;NA;NA;NA;NA;NA;NA;NA;NA;NA;NA;NA;NA;NA;NA;NA;NA;NA;NA;NA;NA;NA;NA;NA;NA;NA;NA;NA;NA;NA;NA;NA;NA;NA;NA;NA;NA;NA;NA;NA;NA;NA;NA
476;476;72.73592162;-42.19231611;803155.5582;-36.63903743;-34;1880;0.263653009;0.252301895;-375278;-167.2361854;0;-65990;-10.60421019;0;0.012873268;0.008069578;0.004898198;0.003633672;0.101041275;0.105269426;650108;0.220123235;0;1808.366611;0.425097934;0.43339197;0.54095096;0.565699902;21.6598319;22.85554851;2.245325118;2.244132932;11.03004194;13.47184358;350.7063338;352.549754;280.529147;262.646371;28.16615609;29.52989729;0.473554361;0.042493436;1.48286633;1.419920121;33.92927275;34.32370643;32.54157654;32.63869737;3.616815226;3.862961113;0.601042435;0.519095597;1.063890891;0.889138853;8.011468714;8.030412389;9.606222995;-1.921099514;-1.934907603;-2;9.939172385;9.995583512;4.785712289;3.075618765;1.34337139;11.53206551;263;49;30.78897793;49;49.38558103;35.63575477;156;40;29.22758071;40;40;33.42857143;32;11;NA;NA;NA;NA
460;459;73.59122936;7.880909721;803232.0123;-2159.984383;-2487;172;0.366579596;0.357307361;-64318063;-1973.370448;-2374;-344415;-3.80548036;0;0.046570671;0.031059347;0.016630244;0.008457293;0.097553633;0.095797952;92840;3.773676937;4;1754.078246;0.01934382;0.00061022;0.040577295;0.001828904;155.2616003;127.4622255;6.456295031;6.857588029;14.05130504;14.98427924;320.9799845;316.7075174;300.9270516;299.4130141;22.49239196;22.19951008;0.050442326;0.013551001;1.68099424;1.622046735;34.93062986;34.91151799;34.90526287;34.99243946;3.025214217;2.984161981;4.683124195;4.882374782;0.004304034;-0.985110301;9.030922876;8.788601807;14.42444416;1.652420781;1.528389548;-2;7.380235022;7.254340398;5.419690488;0.811241376;0.135565463;8.62388159;42919;1794;42.12238687;2370.567568;2378.185169;61.6270529;154986;2324;44.78774867;2901.43956;2891.23536;203.5185078;20797;1622;41.99247796;2238.5;2248.285959;92.17408953
12;11;-73.59122936;-110.1600833;803234.128;-2376.974323;-2693.5;-54;0.333247312;0.320204329;-22825996;-701.0871675;-418;-2338;-0.02586226;0;0.030398102;0.026904391;0.014473726;0.007549413;0.087379018;0.079122044;NA;NA;NA;64634.80008;0.719163283;0.736281443;0.647746;0.650468201;73.32801624;61.40202595;30.56359306;30.73335248;32.23315859;32.52221253;305.1753403;303.2810647;266.9245575;267.2622607;23.56209328;24.02801595;0.062036622;0.044791403;1.511208063;1.432618066;34.66951058;34.69927552;34.09542868;34.1181929;92.73290096;92.52593343;-1.5484886;-1.576394674;-0.184976242;-0.040313651;0.2578674;0.155747277;1.987360428;-1.946575485;-1.94523565;-2;2.206251836;2.11140111;3.092766379;0.541722801;0.221365314;3.573485371;6827;391;30.46801935;726.2631579;792.8262399;28.83609777;11976;2253;47.80714956;2926.081841;2906.16539;446.4411477;11567;1494;33.29319886;1975.476341;2064.010017;12.80846676
440;438;74.33819027;154.9124652;803308.0428;-52.0159902;-31;77;0.237306677;0.215933863;-613198;-20.86204198;0;-2566468;-31.4572108;-25;0.01185605;0.010591535;0.017828422;0.01593894;0.123968787;0.106708714;1628222;2.916805351;4;63863.17829;0.792121086;0.779172228;1.634773903;1.55353185;12.75523256;12.4081798;3.139232253;2.291527071;5.278854169;4.31486154;388.8454358;388.7009242;364.3493192;366.4084266;17.05211185;16.85581966;0.872484677;0.623765463;1.074324668;0.979577668;26.68347433;27.21352237;24.81182445;25.15506786;22.56293779;21.7625718;-0.993337602;-1.015770568;-0.646453424;-0.646511089;3.688265051;3.235642123;9.30181766;-1.520252928;-1.511675972;-1.939085412;5.208517978;4.679048536;8.561091126;3.846084802;2.707265034;10.47039277;2533;423;38.69475138;654.6617647;654.1573028;41.46715829;157;61;31.05575845;109;113.3782152;29.80532044;156;53;28.00066825;90.8;99.47935001;24.53225806
297;296;-74.33819027;-25.0875348;803308.121;-2543.080171;-3051;466;0.344928629;0.314826652;-16424860;-877.8653127;-374;-20347;-0.391356196;0;0.032897842;0.027444629;0.009786666;0.00538362;0.072939677;0.073166301;NA;NA;NA;44789.7443;0.838539415;0.838305842;0.969143099;0.971256651;81.77658505;68.11934028;30.17442687;30.46748734;32.07688367;32.58422068;323.6855787;321.3208473;285.6127334;276.8537685;21.37944834;20.81279077;0.048304218;0.041698213;1.625279861;1.532017887;34.6247308;34.65858002;34.11723173;34.14025623;102.8875849;105.0820246;-1.703445421;-1.70614757;-0.659273038;-0.485786178;0.211198757;0.302569663;2.322546839;-1.947662854;-1.943028255;-2;2.159929366;2.249231788;4.003865487;0.38361782;0.145835827;4.056743383;190;72;34.53234246;91.84;118.1450786;34.64491363;5628;1150;47.11941324;1451.671233;1485.219094;359.9198218;4863;1168;46.88227542;1495.646341;1538.103036;326.0055555
482;482;74.8366363;-133.8452461;803362.345;-2402.895577;-3102;273;0.142869689;0.118542831;-35686254;-1108.406448;-360;-327035;-3.654348992;0;0.022004223;0.019956701;0.004635047;0.003040199;0.058589345;0.054642251;533464;1.626057695;0;78548.39484;0.87751804;0.897863421;2.889065896;3.067490366;21.06438211;21.9779343;6.224037985;6.118479694;13.91338286;14.92636296;375.9996921;377.5337669;294.3964857;290.103593;18.19337614;17.49473608;0.052867845;0.013548172;0.671318631;0.547594519;34.70320078;34.94631985;30.27024107;30.27637142;17.28981194;17.41040154;-1.492170797;-1.638426176;-0.426783788;-0.549435188;0.823216472;-0.628434498;8.113414482;-1.801852038;-1.788609884;-2;2.625187866;1.188208558;9.897975408;0.232170035;0.01558491;9.743064269;15175;452;31.92926841;470.0461538;497.3529269;31.51232402;3413;249;34.05636714;252.7974684;261.1030468;45.89935969;1888;284;37.4382388;308.1111111;321.3455994;62.6876297
6;6;-74.8366363;46.15475395;803363.3528;NA;NA;NA;NA;NA;0;NA;NA;0;NA;NA;NA;NA;NA;NA;NA;NA;NA;NA;NA;0;NA;NA;NA;NA;NA;NA;NA;NA;NA;NA;;;NA;NA;NA;NA;NA;NA;NA;NA;NA;NA;NA;NA;NA;NA;NA;NA;NA;NA;NA;NA;NA;NA;NA;NA;NA;NA;NA;NA;NA;NA;NA;NA;NA;NA;NA;NA;NA;NA;NA;NA;NA;NA;NA;NA;NA;NA;NA;NA
451;449;75.07624821;63.28205786;803379.4679;-168.7088837;-154;792;0.295173496;0.26799695;-4528728;-144.1489639;-154;-2384688;-27.33574057;0;0.046427131;0.029093585;0.040053745;0.018895264;0.120151823;0.10447787;1097755;2.156583665;4;42148.4254;0.490092271;0.56529097;0.588462481;0.670012612;33.62286155;25.82172607;3.864754861;3.466966613;7.379985724;8.008725445;363.2322727;364.6880842;330.976195;326.3771379;22.72834056;23.27273585;0.408716291;0.130210707;1.363799567;1.20810931;33.98952284;34.81505643;32.905129;33.60650065;10.10721776;4.190669462;-0.19280405;-0.283655188;-0.446192723;-0.471693209;5.165364908;5.078993888;11.36650489;-1.886671238;-1.905388348;-2;7.052855531;6.99587558;10.50448778;2.570001042;1.656846006;13.4211031;16086;752;38.25519805;1076.891304;1026.626427;46.27982656;4144;391;38.40713204;536.0789474;583.7606169;77.28086692;4784;239;30.95344423;331.037037;311.0962414;32.19328358
322;321;-75.07624822;-116.7179422;803380.2799;-1282.461187;-681;2876;0.394911639;0.327814032;-16473757;-1233.157946;-666;-34299;-0.925099795;0;0.017234164;0.014358993;0.004154783;0.002388566;0.087555285;0.078119;NA;NA;NA;29251.75786;0.757562423;0.782382637;0.932242618;0.956725237;34.3180161;35.63431377;25.55717539;26.38773009;31.68075796;32.1107048;352.5219149;356.398965;238.2532482;228.1022835;20.69193665;18.69033531;0.076406022;0.023656512;1.801074602;1.553460821;34.6385958;34.69683807;33.4908244;33.57403617;47.25711833;49.10056486;-1.642956378;-1.685084223;0.707114116;0.791248153;0.298077582;0.264172783;3.08213801;-1.937002464;-1.934726377;-2;2.237952809;2.206995412;4.779871315;0.678351844;0.359122347;4.747545744;18;4;NA;NA;NA;NA;477;202;42.8357215;286.4444444;335.8725824;110.9356412;1398;352;42.66252747;520.7868852;517.1708826;124.0261454
483;483;75.61920924;-98.98967817;803435.2005;-228.4848229;-205;716;0.185765381;0.143890123;-4532869;-212.3322559;-205;-1291767;-21.80749557;0;0.036786497;0.024972778;0.015799115;0.003932563;0.075278777;0.077290772;4100506;2.717173799;4;53365.7526;0.861780421;0.883241791;2.349277254;2.13996425;17.2269405;17.52991277;6.599399253;7.022652835;11.60415715;12.01136483;367.8916048;366.4591071;292.9288566;289.373874;16.30433862;16.38666656;0.092831052;0.02463362;0.836130081;0.619905624;33.94329684;34.26484728;30.85433647;31.05930125;15.98701587;16.49998424;-1.549277777;-1.624737611;-0.434070981;-0.358158882;0.502131738;-0.448261593;7.856268032;-1.848830323;-1.827878079;-2;2.352714548;1.432960596;9.675935603;0.440792278;0.297174025;9.604430542;13061;266;24.36174279;266.371134;270.637388;13.73442202;1406;115;32.56808719;115.3846154;117.0862066;37.30864757;204;68;32.70815015;70.52777778;76.34643508;32.61442006
15;14;-75.61920924;81.01032183;803436.2853;NA;NA;NA;NA;NA;0;NA;NA;0;NA;NA;NA;NA;NA;NA;NA;NA;NA;NA;NA;0;NA;NA;NA;NA;NA;NA;NA;NA;NA;NA;;;NA;NA;NA;NA;NA;NA;NA;NA;NA;NA;NA;NA;NA;NA;NA;NA;NA;NA;NA;NA;NA;NA;NA;NA;NA;NA;NA;NA;NA;NA;NA;NA;NA;NA;NA;NA;NA;NA;NA;NA;NA;NA;NA;NA;NA;NA;NA;NA
441;439;75.8513674;121.7559906;803457.8188;-697.4022605;-49;187;0.284895764;0.249059368;-17936914;-649.7940154;0;-1899411;-24.77837351;-18;0.036325667;0.028724323;0.025760336;0.016025249;0.133496766;0.116551823;3040164;2.868241599;4;58754.24778;0.771458085;0.770813553;1.206781069;1.191602118;12.54960607;12.09544518;3.448291596;3.320814553;7.391418637;6.053952294;379.8335721;377.3597889;344.1674617;344.8605494;19.14327316;19.17429686;0.789830322;0.305629483;1.242278567;1.11126033;30.76848919;33.223976;26.8809222;29.15043835;19.12405794;19.28373037;-1.019634804;-1.182328588;-0.669433718;-0.652184888;3.336412625;3.101183413;9.448039265;-1.683870056;-1.769892985;-2;5.02059019;4.869584163;10.19736743;2.649130082;1.352495758;11.37160452;9408;961;44.48091703;1264.006667;1236.619333;107.7947247;1148;403;41.94620937;664.25;698.3969339;92.43259924;1317;372;42.63722816;593.0338983;571.5275359;110.3715558
305;304;-75.8513674;-58.2440094;803458.3258;-416.6823051;-421;741;0.25968214;0.251629893;-5661305;-418.2715183;-421;-45320;-1.207084832;0;0.018180131;0.015911369;0.01871509;0.012277768;0.06539592;0.062399112;NA;NA;NA;33582.04387;0.897531641;0.935330241;1.202691851;1.209911607;116.8894391;118.9686265;28.72033897;29.16876164;30.33207141;30.24210064;333.952802;332.9647031;311.4624998;317.4101137;22.43653111;23.53624831;0.069269047;0.057264019;1.110876486;1.073199976;34.62848767;34.6342979;34.08282467;34.19086861;82.80921667;85.71927554;-1.794277202;-1.80823011;-1.540369684;-1.74715627;-0.98470493;-1.593966931;3.044091581;-1.942829249;-1.93945843;-2;0.9591856;0.355107334;4.890389354;0.457086481;0.289522912;4.750344042;74;19;16.34714989;28;33.62285451;8.637223975;708;247;44.04852082;337.3684211;354.0870373;146.7400468;777;229;43.02047148;284.8571429;279.2559303;125.2289981
448;446;77.44228148;-96.2098584;803589.9538;-1793.248221;-1695;-46;0.154995929;0.14122709;-53762252;-1258.244055;-1146;-710523;-5.987082477;0;0.023398029;0.020371486;0.006414233;0.002621216;0.061866931;0.05923037;0;NA;NA;105191.4276;0.8863749;0.904907467;2.547762543;2.593884759;22.31695578;22.4337311;7.985921001;8.080173962;13.21862014;14.18122857;373.217985;374.6483276;302.9285428;298.6057026;14.85457495;14.62566615;0.025460154;0.013562218;0.656264784;0.598105868;34.72171916;34.91081245;30.52059616;30.56643799;19.40702902;19.47583472;-1.574729432;-1.625637344;-0.305488838;-0.449317318;0.89961286;0.659318133;7.359612436;-1.748744474;-1.749547401;-1.814104262;2.648357334;2.409278739;9.00008789;0.26803385;0.085816279;4.802427198;5318;175;25.32833359;222.2222222;229.6973114;20.71576724;2868;250;32.15174262;354.4285714;347.2616204;37.84657857;5537;309;33.37142801;435.4772727;445.0024802;44.22469098
298;297;-77.44228148;10.47187555;803592.1459;NA;NA;NA;NA;NA;0;NA;NA;0;NA;NA;NA;NA;NA;NA;NA;NA;NA;NA;NA;0;NA;NA;NA;NA;NA;NA;NA;NA;NA;NA;;;NA;NA;NA;NA;NA;NA;NA;NA;NA;NA;NA;NA;NA;NA;NA;NA;NA;NA;NA;NA;NA;NA;NA;NA;NA;NA;NA;NA;NA;NA;NA;NA;NA;NA;NA;NA;NA;NA;NA;NA;NA;NA;NA;NA;NA;NA;NA;NA
467;467;79.36249807;-21.00324196;803718.0836;-1294.923023;-324;1063;0.177557291;0.173947967;-23966028;-1053.590715;-285;-871603;-13.82246222;0;0.059724987;0.048886978;0.012758303;0.007481129;0.076048513;0.076834807;2103996;0.819264592;0;52895.88528;0.791878279;0.811077724;2.22142127;2.191783086;28.50835188;25.55664235;5.877673393;6.227379826;11.34010514;11.2623353;367.7922565;370.1157326;313.9191636;301.9059173;19.87258594;19.67358025;0.073559299;0.022727373;0.832716218;0.808444939;34.5356731;34.89111088;32.30299467;32.19764274;10.37198783;10.75410372;-1.467312303;-1.629470033;-0.088259171;-0.44070731;0.730584521;0.727154566;5.904116006;-1.90320523;-1.911481269;-2;2.635854971;2.656903341;7.181877573;0.758493753;0.662079729;7.398773731;3806;459;42.53823507;594.975;607.7437182;86.31547711;1152;318;43.33549607;424.2;435.9081363;132.1816733;909;267;39.37416993;419.8888889;435.1475866;74.21907842
13;12;-79.36249808;155.4988492;803721.1448;-570.4344787;-585;1008;0.437742915;0.420439957;-2956521;-573.970297;-585;-22806;-1.597842079;0;0.022568625;0.019844615;0.011750888;0.00596139;0.113448033;0.118483803;NA;NA;NA;8291.791315;0.618144574;0.67831465;0.530761595;0.488792778;102.9847344;104.2299592;28.81359366;28.91866313;31.32472158;31.37331983;328.4235464;328.2493644;304.9117001;305.8900876;29.5176702;30.77960807;0.126218572;0.078932655;2.04349193;1.962649195;34.72147329;34.73154052;34.16365401;34.17441141;72.98588762;73.59524649;-1.327461288;-1.305341619;-1.70088614;-1.737765623;1.337682305;1.395030315;2.488320435;-1.964906878;-2;-2;3.360444273;3.39019077;3.280229386;0.454428673;0.308073134;3.996216787;17169;1036;24.33415498;1562.575916;1640.391289;7.236400058;7517;1579;44.24889775;2070.394659;2131.876814;150.5864032;5596;1296;47.19878335;1684.791045;1739.418722;368.0073331
14;13;-80.3069928;112.9100478;803785.8683;NA;NA;NA;NA;NA;0;NA;NA;0;NA;NA;NA;NA;NA;NA;NA;NA;NA;NA;NA;0;NA;NA;NA;NA;NA;NA;NA;NA;NA;NA;;;NA;NA;NA;NA;NA;NA;NA;NA;NA;NA;NA;NA;NA;NA;NA;NA;NA;NA;NA;NA;NA;NA;NA;NA;NA;NA;NA;NA;NA;NA;NA;NA;NA;NA;NA;NA;NA;NA;NA;NA;NA;NA;NA;NA;NA;NA;NA;NA
475;475;80.3069928;-67.08995218;803787.5488;-528.5527652;-342.5;1;0.179024166;0.093990807;-9398156;-518.7192847;-342.5;-515289;-10.25532381;0;0.031779834;0.023886088;0.016879545;0.004514204;0.067187602;0.07111148;4737096;1.379494149;0;48837.21283;0.839386972;0.969766078;2.89002987;3.532721531;19.53587857;18.87612331;6.442329858;7.520926572;11.86519877;11.7898336;361.7783603;362.2953172;293.5766445;296.3121378;21.37898655;21.89974665;0.070654828;0.015634754;0.873940948;0.405405636;34.43688884;34.62629026;31.38146165;31.3250644;15.14648693;17.25174203;-1.364772703;-1.691889833;0.017645016;0.085692038;0.918201103;-1.343819351;9.332161492;-1.850715972;-1.809399394;-2;2.775609345;0.485767176;11.18045243;0.509988779;0.316067579;10.49096626;6245;158;30.18996665;158.4545455;160.3198093;28.92543917;1028;72;23.48228513;72.03703704;73.01182567;17.09397949;271;46;26.07170922;46.1875;47.00854769;21.63210604
459;458;81.17775894;31.11200408;803859.18;-1688.692793;-773;-3;0.168840971;0.107904598;-31942196;-591.1718241;-202;-1326066;-8.84150098;0;0.021448463;0.017970658;0.01990909;0.010090958;0.065566961;0.073262133;1516200;3.347574102;4;112843.6856;0.724783295;0.795437641;1.146577813;1.117811684;31.49301639;26.21966301;7.653075733;8.147276273;12.34713054;11.32420554;358.7004127;360.5822232;307.44895;303.6058538;23.35398129;24.36819247;0.071755112;0.035313711;0.740100642;0.45094449;34.90148985;34.92075243;33.57454585;33.44134286;4.462245535;4.434456384;-1.158347436;-1.535402701;0.083162896;-0.482488659;0.978023337;0.646627255;9.183986667;-1.872234009;-1.915498697;-2;2.852527621;2.581305322;11.64655427;1.357022184;1.308741849;9.628408525;16762;1651;45.53015067;2323.041152;2266.32474;100.9009122;10256;1149;42.42623746;1580.182796;1608.264863;97.38950604;4682;568;35.51548385;886.6666667;906.0234062;32.20275531
3;3;-81.17775895;-148.7486508;803859.6595;-488.9486339;-507;70;0.395825789;0.370021769;-894080;-488.568306;-507;-2565;-0.502941176;0;0.058331975;0.057605072;0.008028577;0.004950685;0.119678533;0.129013024;NA;NA;NA;3143.91515;0.575281821;0.574025462;0.748311852;0.754964371;89.8554695;85.30615042;29.34909266;29.48069646;31.48367051;31.62819536;321.3495935;319.5604657;270.4102171;270.1778488;30.33452751;32.16384926;0.17924393;0.098297512;1.807964987;1.732555572;34.50709357;34.52442032;33.72395607;33.72074499;68.27767979;68.74037357;-1.440111288;-1.410985821;-0.451329659;-0.74766928;1.138455808;1.253027093;1.455846248;-1.936331952;-1.935163641;-2;3.074820003;3.18713037;1.709470628;1.875642799;1.934201712;2.640364613;61;23;21.71072646;41.33333333;35.01156;14.36679537;298;165;42.09442671;297.0769231;324.5021901;71.27126806;310;141;37.51813259;231;262.9958678;41.63778163
450;448;82.0704877;91.46155878;803883.1115;-2262.308725;-3178;1;0.132269995;0.114005139;-59930362;-935.7685654;0;-2212834;-12.44458566;0;0.031593772;0.024401483;0.026053437;0.007827657;0.062386232;0.063610902;805676;3.240566;4;160799.5465;0.893335777;0.934683542;1.472472291;1.521343307;22.06200937;21.96356651;6.304037424;6.646057597;12.45417606;14.83790742;365.2216592;364.8968908;313.884371;303.606396;16.96592234;18.36427985;0.069188198;0.01354836;0.564863609;0.468960325;34.84835562;34.92681575;32.61804408;32.67286008;5.910598466;5.480862281;-1.678359145;-1.729376927;-0.682391518;-0.707386605;-0.605438693;-1.453239497;4.496584631;-1.892903522;-1.90138394;-2;1.287710506;0.432601799;6.172759991;0.518004157;0.09450537;5.924253218;7063;602;42.51375776;809.5609756;777.3933242;85.94879354;3230;315;31.5116311;481.3571429;527.2647693;35.45301318;6286;286;33.51532607;415.6;371.3140524;41.20871025
314;313;-82.0704877;-88.53844122;803884.0806;NA;NA;NA;NA;NA;0;NA;NA;0;NA;NA;NA;NA;NA;NA;NA;NA;NA;NA;NA;0;NA;NA;NA;NA;NA;NA;NA;NA;NA;NA;;;NA;NA;NA;NA;NA;NA;NA;NA;NA;NA;NA;NA;NA;NA;NA;NA;NA;NA;NA;NA;NA;NA;NA;NA;NA;NA;NA;NA;NA;NA;NA;NA;NA;NA;NA;NA;NA;NA;NA;NA;NA;NA;NA;NA;NA;NA;NA;NA
5;5;-83.03363362;52.09605689;803941.8188;NA;NA;NA;NA;NA;0;NA;NA;0;NA;NA;NA;NA;NA;NA;NA;NA;NA;NA;NA;0;NA;NA;NA;NA;NA;NA;NA;NA;NA;NA;;;NA;NA;NA;NA;NA;NA;NA;NA;NA;NA;NA;NA;NA;NA;NA;NA;NA;NA;NA;NA;NA;NA;NA;NA;NA;NA;NA;NA;NA;NA;NA;NA;NA;NA;NA;NA;NA;NA;NA;NA;NA;NA;NA;NA;NA;NA;NA;NA
474;474;83.03363362;-127.9039431;803942.7048;-2454.217765;-2504;-23;0.082623273;0.076673948;-136006850;-1781.616867;-2008;-39834;-0.187967157;0;0.02272596;0.020980243;0.002918767;0.001868387;0.032764541;0.034297649;63744;4;4;205336.1867;0.967685959;0.969366862;3.151605001;3.09907068;21.72365159;21.96949765;7.431114843;7.447699688;14.34519718;14.68493548;367.9255608;368.1248512;294.751389;293.5999532;5.777337605;4.0541877;0.01393228;0.013548173;0.334805954;0.311807177;34.91536231;34.92588487;30.6751218;30.65827977;18.06771141;18.18578989;-1.670535632;-1.67128688;-0.413345593;-0.496287407;-1.521862628;-1.539478965;-0.961868693;-1.747843801;-1.749671895;-1.868606978;0.225981173;0.19850331;0.678350374;0.03250859;0.017857258;0.993420566;4428;98;22.91499502;179.25;129.960242;15.36302534;2852;119;25.98235034;148.75;156.4434194;25.79898503;1402;161;34.96990077;196.6521739;196.7648506;52.36583546
449;447;83.36246925;103.0487421;803946.3209;-2736.313537;-2772;-38;0.140569011;0.135392194;-124463144;-1548.318662;-1905;-733832;-3.286570346;0;0.02261781;0.021143977;0.004853004;0.002565431;0.06031804;0.061091944;0;NA;NA;209682.4363;0.939092431;0.944715494;2.242729534;2.249899166;19.0132864;19.05876673;5.663987016;5.504272074;14.43216246;14.96967331;376.3429719;376.3096607;297.1922625;292.2525675;15.65362138;15.82005599;0.019847244;0.013548197;0.561178847;0.542124267;34.84355707;34.92841176;30.68176113;30.76043967;15.5471395;16.62359516;-1.652197074;-1.660374663;-0.524519337;-0.497287946;-0.947274403;-1.321073386;3.352883213;-1.783248973;-1.763401046;-1.891811848;0.83597457;0.474937576;4.923832478;0.089979003;0.032679384;1.807500465;8241;366;31.87679765;435;442.1149113;35.17011036;3382;228;31.90052361;381.12;354.6955612;39.40524488;9387;377;32.16598032;484.859375;510.5033314;38.13279218
306;305;-83.36246925;-23.55879343;803949.4015;-529.3364486;-558;309;0.360039879;0.360730799;-58332;-545.1588785;-558;-803;-2.650165017;0;0.055528572;0.055614732;0.029004792;0.012860246;0.036817008;0.041685528;NA;NA;NA;277.0096409;0.744649572;0.745869984;0.949026675;0.950055445;148.0022262;151.5800716;29.25152144;29.24725361;30.70899788;30.45420844;332.0002514;332.0535143;310.5889846;317.3687524;10.07245554;3.641900839;0.063664875;0.050792199;1.576564624;1.589030541;34.59086858;34.63900987;33.94692895;33.94532572;89.42997517;89.3973429;-1.689189759;-1.689458185;-1.449728119;-1.75344886;0.076836085;0.049672873;0.316176431;-1.953048258;-1.952039802;-1.981845184;2.029884343;2.01491221;0.301687352;0.487187377;0.441934152;1.185346004;7;5;NA;NA;NA;NA;4;3;NA;NA;NA;NA;62;58;47.40877842;344.2;449.5;54.91428571
